ensg	enst	name	CD	loc	tss_loc	strand	type	gc
ENSMUSG00000000120	ENSMUST00000000122	Ngfr	CD271	chr11:95568818-95587735	chr11:95587735-95587735	-1	protein_coding	58.5896691816599
ENSMUSG00000000290	ENSMUST00000000299	Itgb2	CD18	chr10:77530252-77565686	chr10:77530252-77530252	1	protein_coding	53.13131313131313
ENSMUSG00000029231	ENSMUST00000000476	Pdgfra	CD140a	chr5:75152306-75198215	chr5:75152306-75152306	1	protein_coding	47.10642846236067
ENSMUSG00000000303	ENSMUST00000000312	Cdh1	CD324	chr8:106603351-106670246	chr8:106603351-106603351	1	protein_coding	50.699774266365694
ENSMUSG00000000318	ENSMUST00000000327	Clec10a	CD301	chr11:70166667-70170833	chr11:70166667-70166667	1	protein_coding	52.06327372764786
ENSMUSG00000000791	ENSMUST00000000808	Il12rb1	CD212	chr8:70808449-70821424	chr8:70808449-70808449	1	protein_coding	58.440654368256176
ENSMUSG00000001029	ENSMUST00000001055	Icam2	CD102	chr11:106377656-106382781	chr11:106382781-106382781	-1	protein_coding	53.90015600624025
ENSMUSG00000000682	ENSMUST00000000696	Cd52	CD52	chr4:134093536-134095082	chr4:134095082-134095082	-1	protein_coding	50.97276264591439
ENSMUSG00000001014	ENSMUST00000001040	Icam4	CD242	chr9:21029373-21030595	chr9:21029373-21029373	1	protein_coding	57.569515962924825
ENSMUSG00000001507	ENSMUST00000001548	Itga3	CD49c	chr11:95044474-95076714	chr11:95076714-95076714	-1	protein_coding	57.88932318452993
ENSMUSG00000002033	ENSMUST00000002101	Cd3g	CD3g	chr9:44969572-44980431	chr9:44980431-44980431	-1	protein_coding	47.116324535679375
ENSMUSG00000046223	ENSMUST00000002284	Plaur	CD87	chr7:24462484-24475967	chr7:24462484-24462484	1	protein_coding	54.24966799468791
ENSMUSG00000002308	ENSMUST00000002379	Cd320	CD320	chr17:33843091-33849774	chr17:33843091-33843091	1	protein_coding	51.425984608420094
ENSMUSG00000020681	ENSMUST00000001964	Ace	CD143	chr11:105975208-105989253	chr11:105975208-105975208	1	protein_coding	54.4251447477254
ENSMUSG00000003534	ENSMUST00000003628	Ddr1	CD167a	chr17:35681570-35704139	chr17:35704139-35704139	-1	protein_coding	59.88953182535508
ENSMUSG00000003379	ENSMUST00000003469	Cd79a	CD79a	chr7:24897381-24902197	chr7:24897381-24897381	1	protein_coding	54.90734385724091
ENSMUSG00000026814	ENSMUST00000009705	Eng	CD105	chr2:32646595-32682658	chr2:32646595-32646595	1	protein_coding	57.393337229690246
ENSMUSG00000006574	ENSMUST00000006749	Slc4a1	CD233	chr11:102348824-102365280	chr11:102365280-102365280	-1	protein_coding	55.093509350935086
ENSMUSG00000062524	ENSMUST00000006792	Ncr1	CD335	chr7:4337724-4345164	chr7:4337724-4337724	1	protein_coding	44.42925495557075
ENSMUSG00000006389	ENSMUST00000006556	Mpl	CD110	chr4:118443272-118457495	chr4:118457495-118457495	-1	protein_coding	58.80940950552088
ENSMUSG00000005672	ENSMUST00000005815	Kit	CD117	chr5:75574955-75656722	chr5:75574955-75574955	1	protein_coding	48.216340621403916
ENSMUSG00000006345	ENSMUST00000006508	Ggt1	CD224	chr10:75573448-75586182	chr10:75573448-75573448	1	protein_coding	56.299030918320256
ENSMUSG00000010095	ENSMUST00000010239	Slc3a2	CD98	chr19:8707617-8713879	chr19:8713879-8713879	-1	protein_coding	55.57998900494777
ENSMUSG00000005824	ENSMUST00000005976	Tnfsf14	CD258	chr17:57189492-57194177	chr17:57194177-57194177	-1	protein_coding	55.495397942609635
ENSMUSG00000004707	ENSMUST00000004827	Ly9	CD229	chr1:171588632-171607358	chr1:171607358-171607358	-1	protein_coding	49.904671115347945
ENSMUSG00000005533	ENSMUST00000005671	Igf1r	CD221	chr7:67952827-68233668	chr7:67952827-67952827	1	protein_coding	49.399596809536334
ENSMUSG00000005087	ENSMUST00000005218	Cd44	CD44	chr2:102811141-102901625	chr2:102901625-102901625	-1	protein_coding	44.53152832205201
ENSMUSG00000005947	ENSMUST00000006101	Itgae	CD103	chr11:73090583-73147446	chr11:73090583-73090583	1	protein_coding	51.39141742522757
ENSMUSG00000005320	ENSMUST00000005452	Fgfr4	CD334	chr13:55152640-55168759	chr13:55152640-55152640	1	protein_coding	58.78459687123947
ENSMUSG00000005763	ENSMUST00000005907	Cd247	CD247	chr1:165788689-165862066	chr1:165788689-165788689	1	protein_coding	52.63480392156863
ENSMUSG00000004609	ENSMUST00000004728	Cd33	CD33	chr7:43527995-43533101	chr7:43533101-43533101	-1	protein_coding	49.184505606523956
ENSMUSG00000003882	ENSMUST00000003981	Il7r	CD127	chr15:9505788-9529835	chr15:9529835-9529835	-1	protein_coding	40.50847457627118
ENSMUSG00000020330	ENSMUST00000020579	Hmmr	CD168	chr11:40701395-40733422	chr11:40733422-40733422	-1	protein_coding	41.77800616649537
ENSMUSG00000020279	ENSMUST00000020518	Il9r	CD129	chr11:32188997-32200279	chr11:32200279-32200279	-1	protein_coding	55.68263045032166
ENSMUSG00000089669	ENSMUST00000018896	Tnfsf13	CD256	chr11:69682846-69685554	chr11:69685554-69685554	-1	protein_coding	51.59914712153518
ENSMUSG00000015396	ENSMUST00000015540	Cd83	CD83	chr13:43784775-43803132	chr13:43784775-43784775	1	protein_coding	51.79652805813484
ENSMUSG00000016496	ENSMUST00000016640	Cd274	CD274	chr19:29367455-29388095	chr19:29367455-29367455	1	protein_coding	44.91993373826615
ENSMUSG00000020009	ENSMUST00000020188	Ifngr1	CD119	chr10:19591949-19610229	chr10:19591949-19591949	1	protein_coding	48.4375
ENSMUSG00000020758	ENSMUST00000021107	Itgb4	CD104	chr11:115974709-116008412	chr11:115974709-115974709	1	protein_coding	59.14532756900566
ENSMUSG00000019818	ENSMUST00000019962	Cd164	CD164	chr10:41519414-41531048	chr10:41519414-41519414	1	protein_coding	41.649555099247095
ENSMUSG00000020695	ENSMUST00000021038	Mrc2	CD280	chr11:105292668-105343871	chr11:105292668-105292668	1	protein_coding	58.20089955022488
ENSMUSG00000017652	ENSMUST00000017799	Cd40	CD40	chr2:165055627-165072948	chr2:165055627-165055627	1	protein_coding	48.79437374413932
ENSMUSG00000018774	ENSMUST00000018918	Cd68	CD68	chr11:69664213-69666153	chr11:69666153-69666153	-1	protein_coding	52.926829268292686
ENSMUSG00000030577	ENSMUST00000019248	Cd22	CD22	chr7:30865402-30879028	chr7:30879028-30879028	-1	protein_coding	52.08857574232512
ENSMUSG00000015316	ENSMUST00000015460	Slamf1	CD150	chr1:171767127-171801184	chr1:171767127-171767127	1	protein_coding	44.93130337913108
ENSMUSG00000020592	ENSMUST00000020911	Sdc1	CD138	chr12:8771323-8793715	chr12:8771323-8771323	1	protein_coding	55.178967374089325
ENSMUSG00000020689	ENSMUST00000021028	Itgb3	CD61	chr11:104608000-104670476	chr11:104608000-104608000	1	protein_coding	52.074688796680505
ENSMUSG00000016494	ENSMUST00000016638	Cd34	CD34	chr1:194938819-194961279	chr1:194938819-194938819	1	protein_coding	49.266503667481665
ENSMUSG00000019989	ENSMUST00000020169	Enpp3	CD203c	chr10:24772406-24836225	chr10:24836225-24836225	-1	protein_coding	42.981424876557725
ENSMUSG00000010142	ENSMUST00000010286	Tnfrsf13b	CD267	chr11:61126755-61149372	chr11:61126755-61126755	1	protein_coding	50.46948356807511
ENSMUSG00000015355	ENSMUST00000015499	Cd48	CD48	chr1:171682009-171705258	chr1:171682009-171682009	1	protein_coding	40.563991323210416
ENSMUSG00000016534	ENSMUST00000016678	Lamp2	CD107b	chrX:38405062-38456454	chrX:38456454-38456454	-1	protein_coding	42.509892594686264
ENSMUSG00000000555	ENSMUST00000023128	Itga5	CD49e	chr15:103344286-103366763	chr15:103366763-103366763	-1	protein_coding	57.50798722044729
ENSMUSG00000023830	ENSMUST00000024599	Igf2r	CD222	chr17:12682406-12769664	chr17:12769664-12769664	-1	protein_coding	51.19837965567683
ENSMUSG00000026674	ENSMUST00000027985	Ddr2	CD167b	chr1:169977804-170110501	chr1:170110501-170110501	-1	protein_coding	51.63934426229508
ENSMUSG00000026581	ENSMUST00000027871	Sell	CD62L	chr1:164062085-164080672	chr1:164062085-164062085	1	protein_coding	45.52069122328331
ENSMUSG00000024620	ENSMUST00000025522	Pdgfrb	CD140b	chr18:61045150-61085061	chr18:61045150-61045150	1	protein_coding	55.07675235805437
ENSMUSG00000026712	ENSMUST00000028045	Mrc1	CD206	chr2:14229392-14332057	chr2:14229392-14229392	1	protein_coding	43.41272794938593
ENSMUSG00000026073	ENSMUST00000027243	Il1r2	CD121b	chr1:40084698-40125231	chr1:40084698-40084698	1	protein_coding	49.04862579281184
ENSMUSG00000026012	ENSMUST00000027165	Cd28	CD28	chr1:60746358-60773359	chr1:60746358-60746358	1	protein_coding	41.17782378651944
ENSMUSG00000026700	ENSMUST00000028024	Tnfsf4	CD252	chr1:161395409-161418410	chr1:161395409-161395409	1	protein_coding	42.77958740499457
ENSMUSG00000026656	ENSMUST00000027966	Fcgr2b	CD32b	chr1:170958617-170976127	chr1:170976127-170976127	-1	protein_coding	45.42889390519188
ENSMUSG00000023926	ENSMUST00000024721	Rhag	CD241	chr17:40811126-40840754	chr17:40811126-40811126	1	protein_coding	42.240273621205645
ENSMUSG00000026321	ENSMUST00000027559	Tnfrsf11a	CD265	chr1:105780718-105847981	chr1:105780718-105780718	1	protein_coding	47.86154764272926
ENSMUSG00000026011	ENSMUST00000027164	Ctla4	CD152	chr1:60909025-60915832	chr1:60909025-60909025	1	protein_coding	42.57630625969995
ENSMUSG00000026582	ENSMUST00000027874	Sele	CD62E	chr1:164048234-164057677	chr1:164048234-164048234	1	protein_coding	47.49313186813187
ENSMUSG00000024304	ENSMUST00000025166	Cdh2	CD325	chr18:16588877-16809246	chr18:16809246-16809246	-1	protein_coding	49.514763576295685
ENSMUSG00000025804	ENSMUST00000026911	Ccr1	CD191	chr9:123962124-123968692	chr9:123968692-123968692	-1	protein_coding	39.11048358630428
ENSMUSG00000025491	ENSMUST00000026564	Ifitm1	CD225	chr7:140968040-140969825	chr7:140968040-140968040	1	protein_coding	51.358695652173914
ENSMUSG00000026068	ENSMUST00000027237	Il18rap	CD218b	chr1:40515362-40551705	chr1:40515362-40515362	1	protein_coding	45.08079361832686
ENSMUSG00000022015	ENSMUST00000022592	Tnfsf11	CD254	chr14:78277445-78308043	chr14:78308043-78308043	-1	protein_coding	44.90161001788909
ENSMUSG00000023274	ENSMUST00000024044	Cd4	CD4	chr6:124864692-124888221	chr6:124888221-124888221	-1	protein_coding	52.02702702702703
ENSMUSG00000026285	ENSMUST00000027507	Pdcd1	CD279	chr1:94038305-94052553	chr1:94052553-94052553	-1	protein_coding	54.61139896373057
ENSMUSG00000022636	ENSMUST00000023312	Alcam	CD166	chr16:52248996-52454074	chr16:52454074-52454074	-1	protein_coding	43.95294897282969
ENSMUSG00000024621	ENSMUST00000025523	Csf1r	CD115	chr18:61105572-61131134	chr18:61105572-61105572	1	protein_coding	53.850129198966414
ENSMUSG00000021624	ENSMUST00000022124	Cd180	CD180	chr13:102693558-102706955	chr13:102693558-102693558	1	protein_coding	46.0377358490566
ENSMUSG00000021451	ENSMUST00000021900	Sema4d	CD100	chr13:51701246-51793747	chr13:51793747-51793747	-1	protein_coding	53.36903168228469
ENSMUSG00000024670	ENSMUST00000025572	Cd6	CD6	chr19:10789346-10798744	chr19:10798744-10798744	-1	protein_coding	56.09756097560976
ENSMUSG00000025810	ENSMUST00000026917	Nrp1	CD304	chr8:128359284-128503363	chr8:128359284-128359284	1	protein_coding	50.01390047261607
ENSMUSG00000022661	ENSMUST00000023341	Cd200	CD200	chr16:45382183-45408875	chr16:45408875-45408875	-1	protein_coding	43.69304556354916
ENSMUSG00000022797	ENSMUST00000023486	Tfrc	CD71	chr16:32608920-32632794	chr16:32608920-32608920	1	protein_coding	39.79550102249489
ENSMUSG00000025473	ENSMUST00000026546	Adam8	CD156a	chr7:139978932-139992548	chr7:139992548-139992548	-1	protein_coding	54.83870967741935
ENSMUSG00000024669	ENSMUST00000025571	Cd5	CD5	chr19:10718143-10738974	chr19:10738974-10738974	-1	protein_coding	55.96906718221363
ENSMUSG00000025163	ENSMUST00000026159	Cd7	CD7	chr11:121036747-121039418	chr11:121039418-121039418	-1	protein_coding	53.86965376782077
ENSMUSG00000022496	ENSMUST00000023140	Tnfrsf17	CD269	chr16:11313812-11320074	chr16:11313812-11313812	1	protein_coding	51.16564417177914
ENSMUSG00000026009	ENSMUST00000027162	Icos	CD278	chr1:60977927-60995797	chr1:60977927-60977927	1	protein_coding	41.7283950617284
ENSMUSG00000025044	ENSMUST00000026021	Msr1	CD204	chr8:39581685-39642620	chr8:39642620-39642620	-1	protein_coding	45.575842696629216
ENSMUSG00000026770	ENSMUST00000028111	Il2ra	CD25	chr2:11642807-11693193	chr2:11642807-11642807	1	protein_coding	44.378966455122395
ENSMUSG00000024778	ENSMUST00000025691	Fas	CD95	chr19:34290659-34327770	chr19:34290659-34290659	1	protein_coding	43.6742934051144
ENSMUSG00000022074	ENSMUST00000022663	Tnfrsf10b	CD262	chr14:69767472-69784411	chr14:69767472-69767472	1	protein_coding	48.9147530670022
ENSMUSG00000023905	ENSMUST00000024698	Tnfrsf12a	CD266	chr17:23675445-23677468	chr17:23677468-23677468	-1	protein_coding	57.92682926829268
ENSMUSG00000022969	ENSMUST00000023691	Il10rb	CDw210b	chr16:91406235-91425834	chr16:91406235-91406235	1	protein_coding	49.13513513513513
ENSMUSG00000025351	ENSMUST00000026407	Cd63	CD63	chr10:128909699-128912815	chr10:128909699-128909699	1	protein_coding	55.22107243650047
ENSMUSG00000026072	ENSMUST00000027241	Il1r1	CD121a	chr1:40225080-40317257	chr1:40225080-40225080	1	protein_coding	43.92507303660423
ENSMUSG00000022657	ENSMUST00000023336	Cd96	CD96	chr16:46035657-46120251	chr16:46120251-46120251	-1	protein_coding	45.28388278388278
ENSMUSG00000038034	ENSMUST00000039506	Igsf8	CD316	chr1:172312367-172319841	chr1:172312367-172312367	1	protein_coding	61.98419666374012
ENSMUSG00000028128	ENSMUST00000029771	F3	CD142	chr3:121723537-121735048	chr3:121723537-121723537	1	protein_coding	46.31410256410257
ENSMUSG00000028362	ENSMUST00000030047	Tnfsf8	CD153	chr4:63831308-63861347	chr4:63861347-63861347	-1	protein_coding	42.605726293669555
ENSMUSG00000030167	ENSMUST00000032270	Klrc1	CD159a	chr6:129666015-129678973	chr6:129678973-129678973	-1	protein_coding	36.44153225806452
ENSMUSG00000028965	ENSMUST00000030808	Tnfrsf9	CD137	chr4:150920190-150946102	chr4:150920190-150920190	1	protein_coding	47.641734159123395
ENSMUSG00000030798	ENSMUST00000033063	Cd37	CD37	chr7:45233641-45239115	chr7:45239115-45239115	-1	protein_coding	56.94006309148265
ENSMUSG00000030724	ENSMUST00000032968	Cd19	CD19	chr7:126408451-126414872	chr7:126414872-126414872	-1	protein_coding	53.90625
ENSMUSG00000027111	ENSMUST00000028522	Itga6	CD49f	chr2:71786978-71856758	chr2:71786978-71786978	1	protein_coding	48.88631090487239
ENSMUSG00000030165	ENSMUST00000032268	Klrd1	CD94	chr6:129591782-129598469	chr6:129591782-129591782	1	protein_coding	39.76109215017065
ENSMUSG00000030156	ENSMUST00000032259	Cd69	CD69	chr6:129267325-129275436	chr6:129275436-129275436	-1	protein_coding	41.49377593360996
ENSMUSG00000026616	ENSMUST00000043104	Cr2	CD21	chr1:195165745-195171168	chr1:195171168-195171168	-1	protein_coding	42.337164750957854
ENSMUSG00000027215	ENSMUST00000028644	Cd82	CD82	chr2:93419111-93462502	chr2:93462502-93462502	-1	protein_coding	55.31798245614035
ENSMUSG00000042784	ENSMUST00000041142	Muc1	CD227	chr3:89229057-89233381	chr3:89229057-89229057	1	protein_coding	54.19268510258698
ENSMUSG00000028024	ENSMUST00000029658	Enpep	CD249	chr3:129269175-129332720	chr3:129332720-129332720	-1	protein_coding	45.4675914852906
ENSMUSG00000030217	ENSMUST00000032341	Art4	CD297	chr6:136848451-136857733	chr6:136857733-136857733	-1	protein_coding	49.9404052443385
ENSMUSG00000027995	ENSMUST00000029623	Tlr2	CD282	chr3:83836272-83841767	chr3:83841767-83841767	-1	protein_coding	49.3364299933643
ENSMUSG00000029075	ENSMUST00000030952	Tnfrsf4	CD134	chr4:156013843-156016612	chr4:156013843-156013843	1	protein_coding	55.04854368932038
ENSMUSG00000032089	ENSMUST00000034594	Il10ra	CDw210a	chr9:45253837-45269149	chr9:45269149-45269149	-1	protein_coding	53.03030303030303
ENSMUSG00000028599	ENSMUST00000030336	Tnfrsf1b	CD120b	chr4:145213463-145246870	chr4:145246870-145246870	-1	protein_coding	53.666841278156106
ENSMUSG00000035448	ENSMUST00000039171	Ccr3	CD193	chr9:124021972-124031689	chr9:124021972-124021972	1	protein_coding	39.05867970660147
ENSMUSG00000040592	ENSMUST00000044228	Cd79b	CD79b	chr11:106311341-106314762	chr11:106314762-106314762	-1	protein_coding	54.15793151642209
ENSMUSG00000031132	ENSMUST00000033466	Cd40lg	CD154	chrX:57212143-57224042	chrX:57212143-57212143	1	protein_coding	44.72
ENSMUSG00000032420	ENSMUST00000034992	Nt5e	CD73	chr9:88327197-88372092	chr9:88327197-88327197	1	protein_coding	47.959949937421776
ENSMUSG00000030124	ENSMUST00000032217	Lag3	CD223	chr6:124904361-124911705	chr6:124911705-124911705	-1	protein_coding	59.920039980009996
ENSMUSG00000030342	ENSMUST00000032492	Cd9	CD9	chr6:125460266-125494791	chr6:125494791-125494791	-1	protein_coding	45.928338762214985
ENSMUSG00000031447	ENSMUST00000033824	Lamp1	CD107a	chr8:13159161-13175338	chr8:13159161-13159161	1	protein_coding	51.592642440556304
ENSMUSG00000028602	ENSMUST00000030339	Tnfrsf8	CD30	chr4:145267137-145315147	chr4:145315147-145315147	-1	protein_coding	54.100761570005865
ENSMUSG00000034028	ENSMUST00000037142	Cd226	CD226	chr18:89197431-89270201	chr18:89197431-89197431	1	protein_coding	39.45693678404752
ENSMUSG00000028825	ENSMUST00000030627	Rhd	CD240D	chr4:134864536-134896172	chr4:134864536-134864536	1	protein_coding	54.09511228533685
ENSMUSG00000028859	ENSMUST00000030673	Csf3r	CD114	chr4:126027292-126044439	chr4:126027292-126027292	1	protein_coding	53.95569620253164
ENSMUSG00000027863	ENSMUST00000029456	Cd2	CD2	chr3:101275899-101287939	chr3:101287939-101287939	-1	protein_coding	50.910667823070256
ENSMUSG00000032135	ENSMUST00000034650	Mcam	CD146	chr9:44134562-44142727	chr9:44134562-44134562	1	protein_coding	53.73034459685514
ENSMUSG00000030996	ENSMUST00000033300	Art1	CD296	chr7:102101743-102111156	chr7:102101743-102101743	1	protein_coding	56.771929824561404
ENSMUSG00000030341	ENSMUST00000032491	Tnfrsf1a	CD120a	chr6:125349723-125362484	chr6:125349723-125349723	1	protein_coding	55.93692022263451
ENSMUSG00000031289	ENSMUST00000033646	Il13ra2	CD213a2	chrX:147383476-147429192	chrX:147429192-147429192	-1	protein_coding	37.395879000438406
ENSMUSG00000038264	ENSMUST00000043059	Sema7a	CD108	chr9:57940113-57962865	chr9:57940113-57940113	1	protein_coding	57.68880800727935
ENSMUSG00000029866	ENSMUST00000031899	Kel	CD238	chr6:41686330-41704339	chr6:41704339-41704339	-1	protein_coding	50.790513833992094
ENSMUSG00000027611	ENSMUST00000029140	Procr	CD201	chr2:155751117-155755471	chr2:155751117-155751117	1	protein_coding	51.90983093299938
ENSMUSG00000029086	ENSMUST00000030973	Prom1	CD133	chr5:44001443-44094713	chr5:44094713-44094713	-1	protein_coding	46.920708237105465
ENSMUSG00000028459	ENSMUST00000030179	Cd72	CD72	chr4:43447724-43454628	chr4:43454628-43454628	-1	protein_coding	52.55813953488372
ENSMUSG00000030789	ENSMUST00000033053	Itgax	CD11c	chr7:128129547-128150657	chr7:128129547-128129547	1	protein_coding	51.60652496292635
ENSMUSG00000031304	ENSMUST00000033664	Il2rg	CD132	chrX:101264378-101268255	chrX:101268255-101268255	-1	protein_coding	48.982035928143716
ENSMUSG00000032094	ENSMUST00000034602	Cd3d	CD3d	chr9:44981786-44987339	chr9:44981786-44981786	1	protein_coding	50.03092145949288
ENSMUSG00000031497	ENSMUST00000033892	Tnfsf13b	CD257	chr8:10006654-10035618	chr8:10006654-10006654	1	protein_coding	52.86521388216303
ENSMUSG00000008845	ENSMUST00000032234	Cd163	CD163	chr6:124304656-124330527	chr6:124304656-124304656	1	protein_coding	48.251589464123526
ENSMUSG00000060703	ENSMUST00000028356	Cd302	CD302	chr2:60251993-60284418	chr2:60284418-60284418	-1	protein_coding	45.02784407319014
ENSMUSG00000040747	ENSMUST00000038845	Cd53	CD53	chr3:106759921-106790149	chr3:106790149-106790149	-1	protein_coding	39.9540757749713
ENSMUSG00000027820	ENSMUST00000029400	Mme	CD10	chr3:63296095-63381623	chr3:63296095-63296095	1	protein_coding	41.69751454257007
ENSMUSG00000030149	ENSMUST00000032252	Klrk1	CD314	chr6:129612414-129622772	chr6:129622772-129622772	-1	protein_coding	42.362204724409445
ENSMUSG00000057722	ENSMUST00000037552	Lepr	CD295	chr4:101717404-101815352	chr4:101717404-101717404	1	protein_coding	46.23212987642355
ENSMUSG00000017057	ENSMUST00000033418	Il13ra1	CD213a1	chrX:36112110-36171259	chrX:36112110-36112110	1	protein_coding	41.16379310344828
ENSMUSG00000032584	ENSMUST00000035203	Mst1r	CD136	chr9:107906873-107920383	chr9:107906873-107906873	1	protein_coding	56.56501482422702
ENSMUSG00000026980	ENSMUST00000028362	Ly75	CD205	chr2:60293760-60383231	chr2:60383231-60383231	-1	protein_coding	47.93116782675948
ENSMUSG00000027276	ENSMUST00000028735	Jag1	CD339	chr2:137081456-137116644	chr2:137116644-137116644	-1	protein_coding	48.77049180327869
ENSMUSG00000031871	ENSMUST00000034339	Cdh5	CD144	chr8:104101625-104144511	chr8:104101625-104101625	1	protein_coding	52.19023779724657
ENSMUSG00000027087	ENSMUST00000028499	Itgav	CD51	chr2:83724397-83806916	chr2:83724397-83724397	1	protein_coding	43.54975900198469
ENSMUSG00000038147	ENSMUST00000042302	Cd84	CD84	chr1:171840633-171886430	chr1:171840633-171840633	1	protein_coding	43.76840039254171
ENSMUSG00000030054	ENSMUST00000032133	Gp9	CD42a	chr6:87778072-87779768	chr6:87778072-87778072	1	protein_coding	58.342792281498305
ENSMUSG00000032412	ENSMUST00000034983	Atp1b3	CD298	chr9:96332655-96364442	chr9:96364442-96364442	-1	protein_coding	47.7432296890672
ENSMUSG00000070369	ENSMUST00000033051	Itgad	CD11d	chr7:128173946-128205504	chr7:128173946-128173946	1	protein_coding	53.36696090794452
ENSMUSG00000031639	ENSMUST00000034056	Tlr3	CD283	chr8:45395665-45410619	chr8:45410619-45410619	-1	protein_coding	40.02722940776038
ENSMUSG00000029802	ENSMUST00000031822	Abcg2	CD338	chr6:58596671-58695676	chr6:58596671-58596671	1	protein_coding	39.216372223193986
ENSMUSG00000034783	ENSMUST00000037882	Cd207	CD207	chr6:83671215-83677857	chr6:83677857-83677857	-1	protein_coding	47.63469119579501
ENSMUSG00000038235	ENSMUST00000043839	F11r	CD321	chr1:171437535-171464603	chr1:171437535-171437535	1	protein_coding	50.07942811755362
ENSMUSG00000040511	ENSMUST00000043517	Pvr	CD155	chr7:19903578-19921160	chr7:19921160-19921160	-1	protein_coding	48.60585197934596
ENSMUSG00000029084	ENSMUST00000030964	Cd38	CD38	chr5:43868553-43912375	chr5:43868553-43868553	1	protein_coding	40.8868501529052
ENSMUSG00000035498	ENSMUST00000039229	Cdcp1	CD318	chr9:123170824-123216038	chr9:123216038-123216038	-1	protein_coding	50.263653483992464
ENSMUSG00000035914	ENSMUST00000039788	Cd276	CD276	chr9:58524300-58540941	chr9:58540941-58540941	-1	protein_coding	54.205900816070304
ENSMUSG00000027962	ENSMUST00000029574	Vcam1	CD106	chr3:116109949-116129688	chr3:116129688-116129688	-1	protein_coding	44.1049293744595
ENSMUSG00000052430	ENSMUST00000029948	Bmpr1b	CDw293	chr3:141837136-141982264	chr3:141982264-141982264	-1	protein_coding	42.15741260048607
ENSMUSG00000037706	ENSMUST00000037941	Cd81	CD81	chr7:143052739-143067934	chr7:143052739-143052739	1	protein_coding	52.31572080887149
ENSMUSG00000046718	ENSMUST00000051672	Bst2	CD317	chr8:71534255-71537456	chr8:71537456-71537456	-1	protein_coding	55.3030303030303
ENSMUSG00000051439	ENSMUST00000061829	Cd14	CD14	chr18:36725074-36726736	chr18:36726736-36726736	-1	protein_coding	53.24427480916031
ENSMUSG00000045382	ENSMUST00000052172	Cxcr4	CD184	chr1:128588199-128592290	chr1:128592290-128592290	-1	protein_coding	46.094182825484765
ENSMUSG00000049791	ENSMUST00000058755	Fzd4	CD344	chr7:89404355-89413134	chr7:89404355-89404355	1	protein_coding	47.023809523809526
ENSMUSG00000021756	ENSMUST00000070731	Il6st	CD130	chr13:112475008-112506860	chr13:112475008-112475008	1	protein_coding	48.415594392164394
ENSMUSG00000054252	ENSMUST00000067150	Fgfr3	CD333	chr5:33721724-33737067	chr5:33721724-33721724	1	protein_coding	56.28259838786155
ENSMUSG00000039005	ENSMUST00000048096	Tlr4	CD284	chr4:66827584-66842800	chr4:66827584-66827584	1	protein_coding	39.39170959038509
ENSMUSG00000021796	ENSMUST00000049005	Bmpr1a	CD292	chr14:34410734-34502687	chr14:34502687-34502687	-1	protein_coding	41.319677635997316
ENSMUSG00000042284	ENSMUST00000061673	Itga1	CD49a	chr13:114953096-115101964	chr13:115101964-115101964	-1	protein_coding	42.810248928604
ENSMUSG00000052212	ENSMUST00000063956	Cd177	CD177	chr7:24743983-24760311	chr7:24760311-24760311	-1	protein_coding	55.19528371407516
ENSMUSG00000056481	ENSMUST00000070630	Cd248	CD248	chr19:5068078-5070637	chr19:5068078-5068078	1	protein_coding	61.3671875
ENSMUSG00000050761	ENSMUST00000051160	Gp1bb	CD42c	chr16:18620319-18622403	chr16:18622403-18622403	-1	protein_coding	61.96642685851319
ENSMUSG00000034652	ENSMUST00000045151	Cd300a	CD300a	chr11:114890041-114904654	chr11:114890041-114890041	1	protein_coding	48.78048780487805
ENSMUSG00000053044	ENSMUST00000065248	Cd8b1	CD8b	chr6:71322788-71337494	chr6:71322788-71322788	1	protein_coding	50.77545515846258
ENSMUSG00000031391	ENSMUST00000066576	L1cam	CD171	chrX:73854672-73869804	chrX:73869804-73869804	-1	protein_coding	54.130223517978614
ENSMUSG00000051498	ENSMUST00000062315	Tlr6	CD286	chr5:64952031-64960047	chr5:64960047-64960047	-1	protein_coding	45.55344030459614
ENSMUSG00000047898	ENSMUST00000054414	Ccr4	CD194	chr9:114490316-114496562	chr9:114496562-114496562	-1	protein_coding	46.666666666666664
ENSMUSG00000039304	ENSMUST00000046383	Tnfsf10	CD253	chr3:27317028-27339665	chr3:27317028-27317028	1	protein_coding	42.839975966352895
ENSMUSG00000035000	ENSMUST00000047812	Dpp4	CD26	chr2:62330073-62412231	chr2:62412231-62412231	-1	protein_coding	42.160212604403945
ENSMUSG00000050675	ENSMUST00000055184	Gp1ba	CD42b	chr11:70639122-70642036	chr11:70639122-70639122	1	protein_coding	51.62361623616236
ENSMUSG00000049307	ENSMUST00000061498	Fut4	CD15	chr9:14748320-14752393	chr9:14752393-14752393	-1	protein_coding	52.822778595974476
ENSMUSG00000050232	ENSMUST00000056614	Cxcr3	CD183	chrX:101731535-101734269	chrX:101734269-101734269	-1	protein_coding	54.24610051993067
ENSMUSG00000054693	ENSMUST00000067880	Adam10	CD156C	chr9:70678997-70780229	chr9:70678997-70678997	1	protein_coding	42.1075549749619
ENSMUSG00000039062	ENSMUST00000049004	Anpep	CD13	chr7:79821804-79842352	chr7:79842352-79842352	-1	protein_coding	52.57159555815313
ENSMUSG00000049551	ENSMUST00000062572	Fzd9	CD349	chr5:135248938-135251230	chr5:135251230-135251230	-1	protein_coding	62.18927169646751
ENSMUSG00000044827	ENSMUST00000059349	Tlr1	CD281	chr5:64924680-64932761	chr5:64932761-64932761	-1	protein_coding	44.26877470355731
ENSMUSG00000025510	ENSMUST00000058746	Cd151	CD151	chr7:141468822-141471472	chr7:141468822-141468822	1	protein_coding	53.73687461395923
ENSMUSG00000051839	ENSMUST00000063359	Gypa	CD235a	chr8:80493781-80510542	chr8:80493781-80493781	1	protein_coding	41.01731601731602
ENSMUSG00000024610	ENSMUST00000050487	Cd74	CD74	chr18:60803848-60812646	chr18:60803848-60803848	1	protein_coding	56.075533661740565
ENSMUSG00000049103	ENSMUST00000055918	Ccr2	CD192	chr9:124102183-124108550	chr9:124102183-124102183	1	protein_coding	38.61287095698566
ENSMUSG00000052736	ENSMUST00000071920	Klrc2	CD159c	chr6:129649537-129660689	chr6:129660689-129660689	-1	protein_coding	43.35154826958106
ENSMUSG00000048521	ENSMUST00000049810	Cxcr6	CD186	chr9:123806475-123811756	chr9:123806475-123806475	1	protein_coding	43.06800210859251
ENSMUSG00000052013	ENSMUST00000063654	Btla	CD272	chr16:45224337-45251258	chr16:45224337-45224337	1	protein_coding	41.80225281602002
ENSMUSG00000042262	ENSMUST00000048777	Ccr8	CDw198	chr9:120092114-120094906	chr9:120092114-120092114	1	protein_coding	53.276595744680854
ENSMUSG00000023175	ENSMUST00000067036	Bsg	CD147	chr10:79704500-79711895	chr10:79704500-79704500	1	protein_coding	57.601572739187425
ENSMUSG00000055541	ENSMUST00000068865	Lair1	CD305	chr7:4003402-4063179	chr7:4063179-4063179	-1	protein_coding	43.4680726420621
ENSMUSG00000048031	ENSMUST00000049926	Fcrl5	CD307	chr3:87435885-87457836	chr3:87435885-87435885	1	protein_coding	47.68285873813512
ENSMUSG00000053977	ENSMUST00000066747	Cd8a	CD8a	chr6:71373427-71379169	chr6:71373427-71373427	1	protein_coding	47.21867007672634
ENSMUSG00000042817	ENSMUST00000049324	Flt3	CD135	chr5:147330741-147400489	chr5:147400489-147400489	-1	protein_coding	50.69729286300246
ENSMUSG00000015533	ENSMUST00000056117	Itga2	CD49b	chr13:114833081-114932100	chr13:114932100-114932100	-1	protein_coding	43.683173888576256
ENSMUSG00000020717	ENSMUST00000068021	Pecam1	CD31	chr11:106661797-106750628	chr11:106750628-106750628	-1	protein_coding	49.815250251931474
ENSMUSG00000052593	ENSMUST00000064536	Adam17	CD156b	chr12:21323517-21373632	chr12:21373632-21373632	-1	protein_coding	45.28471753319829
ENSMUSG00000030786	ENSMUST00000064821	Itgam	CD11b	chr7:128062640-128118491	chr7:128062640-128062640	1	protein_coding	48.91072191371209
ENSMUSG00000051457	ENSMUST00000049931	Spn	CD43	chr7:127133702-127137823	chr7:127137823-127137823	-1	protein_coding	53.16590969810313
ENSMUSG00000062312	ENSMUST00000058295	Erbb2	CD340	chr11:98412470-98437716	chr11:98412470-98412470	1	protein_coding	57.302474062250596
ENSMUSG00000047953	ENSMUST00000061190	Gp5	CD42d	chr16:30307685-30310779	chr16:30310779-30310779	-1	protein_coding	59.262630860264
ENSMUSG00000057439	ENSMUST00000072125	Kir3dl2	CD158K	chrX:136448107-136469041	chrX:136469041-136469041	-1	protein_coding	42.04152249134948
ENSMUSG00000058728	ENSMUST00000061637	Cd300c	CD300C	chr11:114956278-114960417	chr11:114960417-114960417	-1	protein_coding	51.449275362318836
ENSMUSG00000054263	ENSMUST00000067190	Lifr	CD118	chr15:7129559-7191743	chr15:7129559-7129559	1	protein_coding	48.99831040308955
ENSMUSG00000006386	ENSMUST00000071168	Tek	CD202b	chr4:94739518-94874682	chr4:94739518-94739518	1	protein_coding	47.509578544061306
ENSMUSG00000038304	ENSMUST00000047702	Cd160	CD160	chr3:96800155-96814521	chr3:96814521-96814521	-1	protein_coding	49.95539696699375
ENSMUSG00000040522	ENSMUST00000049023	Tlr8	CD288	chrX:167242732-167263788	chrX:167263788-167263788	-1	protein_coding	39.83533882203927
ENSMUSG00000040249	ENSMUST00000049149	Lrp1	CD91	chr10:127538161-127621148	chr10:127621148-127621148	-1	protein_coding	57.88554540569586
ENSMUSG00000045322	ENSMUST00000062241	Tlr9	CD289	chr9:106222598-106226883	chr9:106222598-106222598	1	protein_coding	56.210465784933874
ENSMUSG00000068227	ENSMUST00000089398	Il2rb	CD122	chr15:78479256-78495271	chr15:78495271-78495271	-1	protein_coding	53.934191702432045
ENSMUSG00000005534	ENSMUST00000091291	Insr	CD220	chr8:3150922-3279617	chr8:3279617-3279617	-1	protein_coding	46.79850347407803
ENSMUSG00000008789	ENSMUST00000081907	Ceacam5	CD66e	chr7:17713238-17761132	chr7:17713238-17713238	1	protein_coding	43.1408493736633
ENSMUSG00000059326	ENSMUST00000076046	Csf2ra	CD116	chr19:61224402-61228418	chr19:61228418-61228418	-1	protein_coding	61.54678204434829
ENSMUSG00000046186	ENSMUST00000093812	Cd109	CD109	chr9:78615546-78716253	chr9:78615546-78615546	1	protein_coding	44.77815699658703
ENSMUSG00000059305	ENSMUST00000075017	Vpreb1	CD179a	chr16:16868403-16869255	chr16:16869255-16869255	-1	protein_coding	55.483028720626635
ENSMUSG00000040899	ENSMUST00000097418	Ccr6	CD196	chr17:8242526-8257127	chr17:8242526-8242526	1	protein_coding	50.541310541310544
ENSMUSG00000055471	ENSMUST00000086639	Alk	CD246	chr17:71868972-72603827	chr17:72603827-72603827	-1	protein_coding	57.040704070407045
ENSMUSG00000002944	ENSMUST00000082367	Cd36	CD36	chr5:17782016-17835696	chr5:17835696-17835696	-1	protein_coding	37.6657824933687
ENSMUSG00000037405	ENSMUST00000086399	Icam1	CD54	chr9:21015985-21028817	chr9:21015985-21015985	1	protein_coding	55.38461538461539
ENSMUSG00000068105	ENSMUST00000089161	Tnfrsf13c	CD268	chr15:82221743-82224353	chr15:82224353-82224353	-1	protein_coding	50.62370062370062
ENSMUSG00000058254	ENSMUST00000076354	Tspan7	CD231	chrX:10485158-10596605	chrX:10485158-10485158	1	protein_coding	48.52856318522793
ENSMUSG00000079227	ENSMUST00000097855	Ccr5	CD195	chr9:124128748-124147699	chr9:124128748-124128748	1	protein_coding	38.97550111358575
ENSMUSG00000025809	ENSMUST00000090006	Itgb1	CD29	chr8:128685654-128733200	chr8:128685654-128685654	1	protein_coding	44.84927916120577
ENSMUSG00000041247	ENSMUST00000081880	Lamp3	CD208	chr16:19653378-19706375	chr16:19706375-19706375	-1	protein_coding	38.73659117997616
ENSMUSG00000055447	ENSMUST00000084838	Cd47	CD47	chr16:49855645-49915010	chr16:49855645-49855645	1	protein_coding	42.22857142857143
ENSMUSG00000068758	ENSMUST00000090591	Il3ra	CD123	chr14:14346275-14355490	chr14:14346275-14346275	1	protein_coding	65.86121437422553
ENSMUSG00000022901	ENSMUST00000089620	Cd86	CD86	chr16:36603869-36666077	chr16:36666077-36666077	-1	protein_coding	43.20598660890114
ENSMUSG00000071713	ENSMUST00000096355	Csf2rb	CD131	chr15:78325990-78351000	chr15:78325990-78325990	1	protein_coding	53.841309823677584
ENSMUSG00000026070	ENSMUST00000087983	Il18r1	CD218a	chr1:40466006-40500833	chr1:40466006-40466006	1	protein_coding	44.5859872611465
ENSMUSG00000031565	ENSMUST00000084027	Fgfr1	CD331	chr8:25518759-25575718	chr8:25518759-25518759	1	protein_coding	55.38308457711443
ENSMUSG00000079037	ENSMUST00000091288	Prnp	CD230	chr2:131909928-131938429	chr2:131909928-131909928	1	protein_coding	49.72527472527473
ENSMUSG00000074272	ENSMUST00000098668	Ceacam1	CD66a	chr7:25463329-25477534	chr7:25477534-25477534	-1	protein_coding	48.6468200270636
ENSMUSG00000034664	ENSMUST00000103086	Itga2b	CD41	chr11:102453297-102469883	chr11:102469883-102469883	-1	protein_coding	58.16118708175735
ENSMUSG00000053062	ENSMUST00000098407	Jam2	CD322	chr16:84774386-84810996	chr16:84774386-84774386	1	protein_coding	43.34334334334334
ENSMUSG00000048163	ENSMUST00000100874	Selplg	CD162	chr5:113818547-113830501	chr5:113830501-113830501	-1	protein_coding	58.59838274932615
ENSMUSG00000027435	ENSMUST00000099269	Cd93	CD93	chr2:148436640-148443563	chr2:148443563-148443563	-1	protein_coding	47.31166691627976
ENSMUSG00000027009	ENSMUST00000099972	Itga4	CD49d	chr2:79255500-79333123	chr2:79255500-79255500	1	protein_coding	41.10781202006758
ENSMUSG00000075370	ENSMUST00000100136	Igll1	CD179b	chr16:16860671-16863985	chr16:16863985-16863985	-1	protein_coding	51.37931034482759
ENSMUSG00000075122	ENSMUST00000099816	Cd80	CD80	chr16:38458933-38486933	chr16:38458933-38458933	1	protein_coding	45.97295708406819
ENSMUSG00000028412	ENSMUST00000107647	Slc44a1	CD92	chr4:53440684-53563450	chr4:53440684-53440684	1	protein_coding	48.713235294117645
ENSMUSG00000053228	ENSMUST00000108491	Ceacam3	CD66d	chr7:17150282-17164253	chr7:17150282-17150282	1	protein_coding	46.24348359398957
ENSMUSG00000032093	ENSMUST00000102832	Cd3e	CD3e	chr9:44998740-45009613	chr9:45009613-45009613	-1	protein_coding	50.54719562243503
ENSMUSG00000037944	ENSMUST00000103134	Ccr7	CD197	chr11:99144196-99155077	chr11:99155077-99155077	-1	protein_coding	53.48837209302325
ENSMUSG00000027864	ENSMUST00000102694	Ptgfrn	CD315	chr3:101040232-101110278	chr3:101110278-101110278	-1	protein_coding	54.38834293459844
ENSMUSG00000029082	ENSMUST00000101237	Bst1	CD157	chr5:43818891-43843986	chr5:43818891-43818891	1	protein_coding	43.8375350140056
ENSMUSG00000074743	ENSMUST00000099270	Thbd	CD141	chr2:148404466-148408188	chr2:148408188-148408188	-1	protein_coding	51.35643298415257
ENSMUSG00000030830	ENSMUST00000106306	Itgal	CD11a	chr7:127296291-127335138	chr7:127296291-127296291	1	protein_coding	53.1665062560154
ENSMUSG00000074785	ENSMUST00000099337	Plxnc1	CD232	chr10:94790866-94944835	chr10:94944835-94944835	-1	protein_coding	49.260476581758425
ENSMUSG00000038179	ENSMUST00000111276	Slamf7	CD319	chr1:171634925-171649007	chr1:171649007-171649007	-1	protein_coding	46.85767097966728
ENSMUSG00000062960	ENSMUST00000113516	Kdr	CD309	chr5:75932827-75978458	chr5:75978458-75978458	-1	protein_coding	49.44294395678595
ENSMUSG00000039542	ENSMUST00000114476	Ncam1	CD56	chr9:49517278-49798890	chr9:49798890-49798890	-1	protein_coding	53.83716400467472
ENSMUSG00000026395	ENSMUST00000112036	Ptprc	CD45	chr1:138062861-138116441	chr1:138116441-138116441	-1	protein_coding	39.42508710801394
ENSMUSG00000025314	ENSMUST00000111495	Ptprj	CD148	chr2:90429756-90479170	chr2:90479170-90479170	-1	protein_coding	48.081963307124134
ENSMUSG00000032011	ENSMUST00000114840	Thy1	CD90	chr9:44043384-44048579	chr9:44043384-44043384	1	protein_coding	55.792507204610956
ENSMUSG00000031424	ENSMUST00000113104	Kir3dl1	CD158E1	chrX:136517999-136534061	chrX:136517999-136517999	1	protein_coding	45.780795344325895
ENSMUSG00000029530	ENSMUST00000111454	Ccr9	CDw199	chr9:123767227-123781772	chr9:123767227-123767227	1	protein_coding	45.49618320610687
ENSMUSG00000048120	ENSMUST00000112231	Entpd1	CD39	chr19:40659770-40741602	chr19:40659770-40659770	1	protein_coding	44.7287372660507
ENSMUSG00000030849	ENSMUST00000117089	Fgfr2	CD332	chr7:130163959-130261857	chr7:130261857-130261857	-1	protein_coding	52.212748680470966
ENSMUSG00000081683	ENSMUST00000117102	Fzd10	CD350	chr5:128600844-128604093	chr5:128600844-128600844	1	protein_coding	56.52307692307692
ENSMUSG00000079299	ENSMUST00000112110	Klrb1	CD161	chr6:128706442-128723059	chr6:128723059-128723059	-1	protein_coding	43.92265193370166
ENSMUSG00000016498	ENSMUST00000112576	Pdcd1lg2	CD273	chr19:29410919-29471157	chr19:29410919-29410919	1	protein_coding	49.24012158054711
ENSMUSG00000026580	ENSMUST00000160000	Selp	CD62P	chr1:164141318-164142792	chr1:164141318-164141318	1	protein_coding	51.32743362831859
ENSMUSG00000005364	ENSMUST00000167925	Il5ra	CD125	chr6:106711975-106745109	chr6:106745109-106745109	-1	protein_coding	44.60093896713615
ENSMUSG00000024673	ENSMUST00000169159	Ms4a1	CD20	chr19:11249675-11266241	chr19:11266241-11266241	-1	protein_coding	40.58536585365854
ENSMUSG00000090523	ENSMUST00000172434	Gypc	CD236	chr18:32529792-32535418	chr18:32535418-32535418	-1	protein_coding	55.06535947712419
