ensg	ensp	name
ENSMUSG00000000202	ENSMUSP00000000206 	Btbd17
ENSMUSG00000000275	ENSMUSP00000000284 	Trim25
ENSMUSG00000000317	ENSMUSP00000000326 	Bcl6b
ENSMUSG00000000439	ENSMUSP00000000449 	Mkrn2
ENSMUSG00000000804	ENSMUSP00000000821 	Usp32
ENSMUSG00000001054	ENSMUSP00000001081 	Rmnd5b
ENSMUSG00000001098	ENSMUSP00000001125 	Kctd10
ENSMUSG00000001157	ENSMUSP00000001185 	Gmcl1
ENSMUSG00000029130	ENSMUSP00000001247 	Rnf32
ENSMUSG00000001228	ENSMUSP00000001258 	Uhrf1
ENSMUSG00000001366	ENSMUSP00000001402 	Fbxo9
ENSMUSG00000001403	ENSMUSP00000001439 	Ube2c
ENSMUSG00000001558	ENSMUSP00000001599 	Klhl10
ENSMUSG00000001910	ENSMUSP00000001975 	Nacc1
ENSMUSG00000001924	ENSMUSP00000001989 	Uba1
ENSMUSG00000022111	ENSMUSP00000002289 	Uchl3
ENSMUSG00000002222	ENSMUSP00000002292 	Rmnd5a
ENSMUSG00000002428	ENSMUSP00000002502 	Hltf
ENSMUSG00000002803	ENSMUSP00000002880 	Btbd6
ENSMUSG00000003344	ENSMUSP00000003434 	Btbd2
ENSMUSG00000003421	ENSMUSP00000003513 	Nosip
ENSMUSG00000003581	ENSMUSP00000003677 	Rnf215
ENSMUSG00000089832	ENSMUSP00000003857 	Shkbp1
ENSMUSG00000004018	ENSMUSP00000004120 	Fancl
ENSMUSG00000027164	ENSMUSP00000004949 	Traf6
ENSMUSG00000004934	ENSMUSP00000005064 	Pias4
ENSMUSG00000004947	ENSMUSP00000005072 	Dtx2
ENSMUSG00000005045	ENSMUSP00000005175 	Chd5
ENSMUSG00000005371	ENSMUSP00000005504 	Fbxo11
ENSMUSG00000005566	ENSMUSP00000005705 	Trim28
ENSMUSG00000005575	ENSMUSP00000005714 	Ube2m
ENSMUSG00000005682	ENSMUSP00000005825 	Pan2
ENSMUSG00000006215	ENSMUSP00000006377 	Zbtb17
ENSMUSG00000006676	ENSMUSP00000006854 	Usp19
ENSMUSG00000007817	ENSMUSP00000007961 	Zmiz1
ENSMUSG00000008482	ENSMUSP00000008626 	Rnf151
ENSMUSG00000009293	ENSMUSP00000009437 	Ube2g2
ENSMUSG00000027895	ENSMUSP00000009617 	Kcnc4
ENSMUSG00000009731	ENSMUSP00000009875 	Kcnd1
ENSMUSG00000021510	ENSMUSP00000012314 	A530054K11Rik
ENSMUSG00000041164	ENSMUSP00000012612 	Zmiz2
ENSMUSG00000064145	ENSMUSP00000013338 	Arih2
ENSMUSG00000062077	ENSMUSP00000013771 	Trim54
ENSMUSG00000032000	ENSMUSP00000013949 	Birc3
ENSMUSG00000013878	ENSMUSP00000014022 	Rnf170
ENSMUSG00000014074	ENSMUSP00000014218 	Rnf168
ENSMUSG00000014402	ENSMUSP00000014546 	Tsg101
ENSMUSG00000014470	ENSMUSP00000014614 	Rnf166
ENSMUSG00000014668	ENSMUSP00000014812 	Chfr
ENSMUSG00000015095	ENSMUSP00000015239 	Fbxw5
ENSMUSG00000015127	ENSMUSP00000015271 	Unkl
ENSMUSG00000015478	ENSMUSP00000015622 	Rnf5
ENSMUSG00000016239	ENSMUSP00000016383 	Lonrf3
ENSMUSG00000016308	ENSMUSP00000016452 	Ube2a
ENSMUSG00000016520	ENSMUSP00000016664 	Lnx2
ENSMUSG00000031446	ENSMUSP00000016680 	Cul4a
ENSMUSG00000031095	ENSMUSP00000016681 	Cul4b
ENSMUSG00000016946	ENSMUSP00000017090 	Kctd5
ENSMUSG00000017146	ENSMUSP00000017290 	Brca1
ENSMUSG00000017386	ENSMUSP00000017530 	Traf4
ENSMUSG00000017615	ENSMUSP00000017759 	Tnfaip1
ENSMUSG00000017677	ENSMUSP00000017821 	Wsb1
ENSMUSG00000020707	ENSMUSP00000017833 	Rnf135
ENSMUSG00000020707	ENSMUSP00000017839 	Rnf135
ENSMUSG00000018189	ENSMUSP00000018333 	Uchl5
ENSMUSG00000020850	ENSMUSP00000018449 	Prpf8
ENSMUSG00000018537	ENSMUSP00000018681 	Pcgf2
ENSMUSG00000018733	ENSMUSP00000018877 	Pex12
ENSMUSG00000019189	ENSMUSP00000019333 	Rnf145
ENSMUSG00000047098	ENSMUSP00000019443 	Rnf31
ENSMUSG00000019494	ENSMUSP00000019638 	Cops6
ENSMUSG00000019773	ENSMUSP00000019907 	Fbxo5
ENSMUSG00000019927	ENSMUSP00000020085 	Ube2d1
ENSMUSG00000019944	ENSMUSP00000020101 	Rhobtb1
ENSMUSG00000020027	ENSMUSP00000020215 	Socs2
ENSMUSG00000020064	ENSMUSP00000020258 	Herc4
ENSMUSG00000020124	ENSMUSP00000020334 	Usp15
ENSMUSG00000020184	ENSMUSP00000020408 	Mdm2
ENSMUSG00000020307	ENSMUSP00000020550 	Cdc34
ENSMUSG00000020305	ENSMUSP00000020551 	Asb3
ENSMUSG00000020390	ENSMUSP00000020657 	Ube2b
ENSMUSG00000020521	ENSMUSP00000020827 	Rnft1
ENSMUSG00000020627	ENSMUSP00000020958 	Klhl29
ENSMUSG00000020642	ENSMUSP00000020971 	Rnf144a
ENSMUSG00000020696	ENSMUSP00000021036 	Rffl
ENSMUSG00000020773	ENSMUSP00000021120 	Trim47
ENSMUSG00000020794	ENSMUSP00000021148 	Ube2g1
ENSMUSG00000020870	ENSMUSP00000021240 	Cdc34-ps
ENSMUSG00000020905	ENSMUSP00000021288 	Usp43
ENSMUSG00000020948	ENSMUSP00000021331 	Klhl28
ENSMUSG00000021103	ENSMUSP00000021523 	Mnat1
ENSMUSG00000021156	ENSMUSP00000021584 	Zmynd11
ENSMUSG00000021189	ENSMUSP00000021606 	Atxn3
ENSMUSG00000021200	ENSMUSP00000021617 	Asb2
ENSMUSG00000021203	ENSMUSP00000021620 	Otub2
ENSMUSG00000021277	ENSMUSP00000021706 	Traf3
ENSMUSG00000021326	ENSMUSP00000021761 	Trim27
ENSMUSG00000021589	ENSMUSP00000022078 	Rhobtb3
ENSMUSG00000021712	ENSMUSP00000022225 	Trim23
ENSMUSG00000021720	ENSMUSP00000022234 	Rnf180
ENSMUSG00000021752	ENSMUSP00000022272 	Kctd6
ENSMUSG00000021774	ENSMUSP00000022296 	Ube2e1
ENSMUSG00000034235	ENSMUSP00000022356 	Usp54
ENSMUSG00000021901	ENSMUSP00000022458 	Bap1
ENSMUSG00000035469	ENSMUSP00000022551 	Rcbtb1
ENSMUSG00000022043	ENSMUSP00000022623 	Trim35
ENSMUSG00000022075	ENSMUSP00000022665 	Rhobtb2
ENSMUSG00000022076	ENSMUSP00000022666 	Klhl1
ENSMUSG00000022106	ENSMUSP00000022702 	Rcbtb2
ENSMUSG00000022113	ENSMUSP00000022708 	Trim52
ENSMUSG00000022120	ENSMUSP00000022716 	Rnf219
ENSMUSG00000022124	ENSMUSP00000022720 	Fbxl3
ENSMUSG00000022184	ENSMUSP00000022791 	Fbxo4
ENSMUSG00000022280	ENSMUSP00000022890 	Rnf19a
ENSMUSG00000022312	ENSMUSP00000022925 	Eif3h
ENSMUSG00000022342	ENSMUSP00000022967 	Kcnv1
ENSMUSG00000022357	ENSMUSP00000022985 	Klhl38
ENSMUSG00000022358	ENSMUSP00000022986 	Fbxo32
ENSMUSG00000022400	ENSMUSP00000023036 	Rbx1
ENSMUSG00000022426	ENSMUSP00000023061 	Josd1
ENSMUSG00000022508	ENSMUSP00000023151 	Bcl6
ENSMUSG00000022517	ENSMUSP00000023159 	Mgrn1
ENSMUSG00000022559	ENSMUSP00000023219 	Fbxl6
ENSMUSG00000022637	ENSMUSP00000023313 	Cblb
ENSMUSG00000022684	ENSMUSP00000023365 	Bfar
ENSMUSG00000022761	ENSMUSP00000023444 	Lztr1
ENSMUSG00000022771	ENSMUSP00000023455 	Ppil2
ENSMUSG00000062901	ENSMUSP00000023509 	Klhl24
ENSMUSG00000022867	ENSMUSP00000023580 	Usp25
ENSMUSG00000048154	ENSMUSP00000023741 	Mll2
ENSMUSG00000023150	ENSMUSP00000023918 	Ivns1abp
ENSMUSG00000023286	ENSMUSP00000024056 	Ube2j2
ENSMUSG00000023307	ENSMUSP00000024078 	March5
ENSMUSG00000023965	ENSMUSP00000024761 	Fbxl17
ENSMUSG00000090115	ENSMUSP00000024779 	Usp49
ENSMUSG00000090083	ENSMUSP00000024817 	Rnf8
ENSMUSG00000024073	ENSMUSP00000024879 	Birc6
ENSMUSG00000024083	ENSMUSP00000024888 	Pja2
ENSMUSG00000024083	ENSMUSP00000024889 	Pja2
ENSMUSG00000024231	ENSMUSP00000025073 	Cul2
ENSMUSG00000024325	ENSMUSP00000025183 	Ring1
ENSMUSG00000058975	ENSMUSP00000025202 	Kcnc1
ENSMUSG00000050747	ENSMUSP00000025329 	Trim15
ENSMUSG00000024589	ENSMUSP00000025485 	Nedd4l
ENSMUSG00000024735	ENSMUSP00000025642 	Prpf19
ENSMUSG00000024740	ENSMUSP00000025649 	Ddb1
ENSMUSG00000024750	ENSMUSP00000025659 	Zfand5
ENSMUSG00000024767	ENSMUSP00000025679 	Otub1
ENSMUSG00000024792	ENSMUSP00000025707 	Zfpl1
ENSMUSG00000024807	ENSMUSP00000025723 	Syvn1
ENSMUSG00000024817	ENSMUSP00000025739 	Uhrf2
ENSMUSG00000036225	ENSMUSP00000025992 	Kctd1
ENSMUSG00000025034	ENSMUSP00000026008 	Trim8
ENSMUSG00000025050	ENSMUSP00000026032 	Pcgf6
ENSMUSG00000025103	ENSMUSP00000026093 	Btbd1
ENSMUSG00000025135	ENSMUSP00000026128 	Anapc11
ENSMUSG00000025170	ENSMUSP00000026171 	Rab40b
ENSMUSG00000025226	ENSMUSP00000026256 	Fbxl15
ENSMUSG00000025234	ENSMUSP00000026264 	Arih1
ENSMUSG00000025261	ENSMUSP00000026292 	Huwe1
ENSMUSG00000025340	ENSMUSP00000026390 	Rabgef1
ENSMUSG00000025427	ENSMUSP00000026494 	Rnf165
ENSMUSG00000025437	ENSMUSP00000026507 	Usp33
ENSMUSG00000025612	ENSMUSP00000026703 	Bach1
ENSMUSG00000025616	ENSMUSP00000026710 	Usp16
ENSMUSG00000025730	ENSMUSP00000026826 	Rab40c
ENSMUSG00000025860	ENSMUSP00000026978 	Xiap
ENSMUSG00000025917	ENSMUSP00000027050 	Cops5
ENSMUSG00000026171	ENSMUSP00000027357 	Rnf25
ENSMUSG00000026196	ENSMUSP00000027393 	Bard1
ENSMUSG00000026219	ENSMUSP00000027421 	Trip12
ENSMUSG00000026308	ENSMUSP00000027533 	Klhl30
ENSMUSG00000026311	ENSMUSP00000027538 	Asb1
ENSMUSG00000026429	ENSMUSP00000027687 	Ube2t
ENSMUSG00000026455	ENSMUSP00000027725 	Klhl12
ENSMUSG00000026739	ENSMUSP00000028071 	Bmi1
ENSMUSG00000026788	ENSMUSP00000028125 	Zbtb43
ENSMUSG00000026792	ENSMUSP00000028132 	Lrsam1
ENSMUSG00000035949	ENSMUSP00000028220 	Fbxw2
ENSMUSG00000026914	ENSMUSP00000028278 	Psmd14
ENSMUSG00000026932	ENSMUSP00000028300 	Nacc2
ENSMUSG00000026942	ENSMUSP00000028311 	Traf2
ENSMUSG00000026965	ENSMUSP00000028341 	Anapc2
ENSMUSG00000026988	ENSMUSP00000028368 	Wdsub1
ENSMUSG00000027011	ENSMUSP00000028398 	Ube2e3
ENSMUSG00000027078	ENSMUSP00000028473 	Ube2l6
ENSMUSG00000027180	ENSMUSP00000028603 	Fbxo3
ENSMUSG00000027272	ENSMUSP00000028728 	Ubr1
ENSMUSG00000027363	ENSMUSP00000028841 	Usp8
ENSMUSG00000027364	ENSMUSP00000028842 	Usp50
ENSMUSG00000027439	ENSMUSP00000028928 	Gzf1
ENSMUSG00000027466	ENSMUSP00000028964 	Rbck1
ENSMUSG00000027583	ENSMUSP00000029106 	Zbtb46
ENSMUSG00000027598	ENSMUSP00000029126 	Itch
ENSMUSG00000060913	ENSMUSP00000029139 	Trim55
ENSMUSG00000033014	ENSMUSP00000029444 	Trim33
ENSMUSG00000028042	ENSMUSP00000029677 	Zbtb7b
ENSMUSG00000028086	ENSMUSP00000029727 	Fbxw7
ENSMUSG00000028098	ENSMUSP00000029740 	Rnf115
ENSMUSG00000028101	ENSMUSP00000029743 	Pias3
ENSMUSG00000028309	ENSMUSP00000029989 	Rnf20
ENSMUSG00000028423	ENSMUSP00000030133 	Nfx1
ENSMUSG00000028557	ENSMUSP00000030284 	Rnf11
ENSMUSG00000028560	ENSMUSP00000030289 	Usp1
ENSMUSG00000028677	ENSMUSP00000030439 	Rnf220
ENSMUSG00000028696	ENSMUSP00000030461 	Ipp
ENSMUSG00000028793	ENSMUSP00000030584 	Rnf19b
ENSMUSG00000028807	ENSMUSP00000030610 	Zbtb8a
ENSMUSG00000028834	ENSMUSP00000030638 	Trim63
ENSMUSG00000028920	ENSMUSP00000030757 	Fbxo42
ENSMUSG00000028986	ENSMUSP00000030841 	Klhl7
ENSMUSG00000055401	ENSMUSP00000030858 	Fbxo6
ENSMUSG00000029110	ENSMUSP00000030992 	Rnf4
ENSMUSG00000054920	ENSMUSP00000031085 	Klhl5
ENSMUSG00000054920	ENSMUSP00000031089 	Klhl5
ENSMUSG00000029203	ENSMUSP00000031105 	Ube2k
ENSMUSG00000029223	ENSMUSP00000031131 	Uchl1
ENSMUSG00000029312	ENSMUSP00000031254 	Klhl8
ENSMUSG00000029364	ENSMUSP00000031309 	Wsb2
ENSMUSG00000029397	ENSMUSP00000031345 	Rchy1
ENSMUSG00000029458	ENSMUSP00000031414 	Brap
ENSMUSG00000029474	ENSMUSP00000031434 	Rnf34
ENSMUSG00000029475	ENSMUSP00000031435 	Kdm2b
ENSMUSG00000029592	ENSMUSP00000031588 	Usp30
ENSMUSG00000029603	ENSMUSP00000031607 	Dtx1
ENSMUSG00000029685	ENSMUSP00000031696 	Asb15
ENSMUSG00000029686	ENSMUSP00000031697 	Cul1
ENSMUSG00000089984	ENSMUSP00000031732 	Fbxo24
ENSMUSG00000029798	ENSMUSP00000031817 	Herc6
ENSMUSG00000029804	ENSMUSP00000031823 	Herc3
ENSMUSG00000029833	ENSMUSP00000031859 	Trim24
ENSMUSG00000029922	ENSMUSP00000031985 	Mkrn1
ENSMUSG00000030019	ENSMUSP00000032094 	Fbxl14
ENSMUSG00000030031	ENSMUSP00000032107 	Kbtbd8
ENSMUSG00000030061	ENSMUSP00000032142 	Uba3
ENSMUSG00000030083	ENSMUSP00000032169 	Abtb1
ENSMUSG00000030107	ENSMUSP00000032198 	Usp18
ENSMUSG00000030499	ENSMUSP00000032709 	Kctd15
ENSMUSG00000030598	ENSMUSP00000032818 	Fbxo17
ENSMUSG00000030685	ENSMUSP00000032924 	Kctd13
ENSMUSG00000030750	ENSMUSP00000033006 	Nsmce1
ENSMUSG00000030788	ENSMUSP00000033052 	Rnf141
ENSMUSG00000030811	ENSMUSP00000033081 	Fbxl19
ENSMUSG00000030816	ENSMUSP00000033088 	Rnf40
ENSMUSG00000057596	ENSMUSP00000033211 	Trim30d
ENSMUSG00000066258	ENSMUSP00000033213 	Trim12a
ENSMUSG00000030966	ENSMUSP00000033264 	Trim21
ENSMUSG00000030967	ENSMUSP00000033265 	Zranb1
ENSMUSG00000031029	ENSMUSP00000033342 	Eif3f
ENSMUSG00000031066	ENSMUSP00000033383 	Usp11
ENSMUSG00000031154	ENSMUSP00000033494 	Otud5
ENSMUSG00000031201	ENSMUSP00000033544 	Brcc3
ENSMUSG00000031204	ENSMUSP00000033549 	Asb12
ENSMUSG00000031382	ENSMUSP00000033755 	Asb11
ENSMUSG00000031384	ENSMUSP00000033756 	Asb9
ENSMUSG00000031519	ENSMUSP00000033918 	Asb5
ENSMUSG00000031605	ENSMUSP00000034017 	Klhl2
ENSMUSG00000031642	ENSMUSP00000034060 	Sh3rf1
ENSMUSG00000031811	ENSMUSP00000034268 	Fbxo31
ENSMUSG00000031828	ENSMUSP00000034287 	Klhl36
ENSMUSG00000031930	ENSMUSP00000034407 	Wwp2
ENSMUSG00000032010	ENSMUSP00000034508 	Usp2
ENSMUSG00000032030	ENSMUSP00000034529 	Cul5
ENSMUSG00000032127	ENSMUSP00000034644 	Vps11
ENSMUSG00000032217	ENSMUSP00000034739 	Rnf111
ENSMUSG00000032216	ENSMUSP00000034740 	Nedd4
ENSMUSG00000032267	ENSMUSP00000034805 	Usp28
ENSMUSG00000032309	ENSMUSP00000034859 	Fbxo22
ENSMUSG00000032451	ENSMUSP00000035026 	Trim42
ENSMUSG00000032507	ENSMUSP00000035090 	Fbxl2
ENSMUSG00000032596	ENSMUSP00000035216 	Uba7
ENSMUSG00000032612	ENSMUSP00000035237 	Usp4
ENSMUSG00000035509	ENSMUSP00000035248 	Fbxl21
ENSMUSG00000035898	ENSMUSP00000035328 	Uba6
ENSMUSG00000040298	ENSMUSP00000035433 	Btbd16
ENSMUSG00000033364	ENSMUSP00000035445 	Usp37
ENSMUSG00000032898	ENSMUSP00000035506 	Fbxo21
ENSMUSG00000033880	ENSMUSP00000035579 	Lgals3bp
ENSMUSG00000030451	ENSMUSP00000035719 	Herc2
ENSMUSG00000020042	ENSMUSP00000035917 	Btbd11
ENSMUSG00000035329	ENSMUSP00000035948 	Fbxo33
ENSMUSG00000042766	ENSMUSP00000036053 	Trim46
ENSMUSG00000034235	ENSMUSP00000036214 	Usp54
ENSMUSG00000037096	ENSMUSP00000036413 	Gm9762
ENSMUSG00000040746	ENSMUSP00000036472 	Rnf167
ENSMUSG00000040913	ENSMUSP00000036505 	Fbxw4
ENSMUSG00000038077	ENSMUSP00000036872 	Kcna6
ENSMUSG00000035469	ENSMUSP00000037030 	Rcbtb1
ENSMUSG00000040365	ENSMUSP00000037055 	Trim41
ENSMUSG00000040423	ENSMUSP00000037178 	Rc3h1
ENSMUSG00000038876	ENSMUSP00000037224 	Rnf146
ENSMUSG00000036964	ENSMUSP00000037248 	Trim17
ENSMUSG00000041556	ENSMUSP00000037377 	Fbxo2
ENSMUSG00000041633	ENSMUSP00000037539 	Kctd12b
ENSMUSG00000038206	ENSMUSP00000037544 	Fbxo8
ENSMUSG00000036492	ENSMUSP00000037860 	Rnf39
ENSMUSG00000042572	ENSMUSP00000037939 	Ube2q1
ENSMUSG00000042604	ENSMUSP00000037958 	Kcna4
ENSMUSG00000033949	ENSMUSP00000037978 	Trim36
ENSMUSG00000025597	ENSMUSP00000038080 	Klhl4
ENSMUSG00000038037	ENSMUSP00000038121 	Socs1
ENSMUSG00000029475	ENSMUSP00000038229 	Kdm2b
ENSMUSG00000041130	ENSMUSP00000038367 	Zfp598
ENSMUSG00000037463	ENSMUSP00000038432 	Fbxo27
ENSMUSG00000034768	ENSMUSP00000038450 	Asb16
ENSMUSG00000035696	ENSMUSP00000038477 	Rnf38
ENSMUSG00000005501	ENSMUSP00000038533 	Usp40
ENSMUSG00000037104	ENSMUSP00000038591 	Socs5
ENSMUSG00000033313	ENSMUSP00000038638 	Fbxl8
ENSMUSG00000036309	ENSMUSP00000038744 	Skp1a
ENSMUSG00000035299	ENSMUSP00000038765 	Mid1
ENSMUSG00000052299	ENSMUSP00000038775 	Ltn1
ENSMUSG00000041773	ENSMUSP00000038783 	Enc1
ENSMUSG00000036241	ENSMUSP00000038813 	Ube2r2
ENSMUSG00000039738	ENSMUSP00000038871 	Slx4
ENSMUSG00000040164	ENSMUSP00000038901 	Kcns1
ENSMUSG00000040350	ENSMUSP00000039011 	Trim7
ENSMUSG00000033107	ENSMUSP00000039074 	Rnf125
ENSMUSG00000041000	ENSMUSP00000039121 	Trim62
ENSMUSG00000038822	ENSMUSP00000039206 	Hace1
ENSMUSG00000033933	ENSMUSP00000039418 	Vhl
ENSMUSG00000090112	ENSMUSP00000039422 	Shprh
ENSMUSG00000035890	ENSMUSP00000039486 	Rnf126
ENSMUSG00000035191	ENSMUSP00000039519 	Rfpl4
ENSMUSG00000038365	ENSMUSP00000039544 	Fbxo25
ENSMUSG00000041241	ENSMUSP00000039604 	Mul1
ENSMUSG00000040550	ENSMUSP00000039608 	Otud6b
ENSMUSG00000045409	ENSMUSP00000039790 	Trim39
ENSMUSG00000036712	ENSMUSP00000039834 	Cyld
ENSMUSG00000038250	ENSMUSP00000039943 	Usp38
ENSMUSG00000040525	ENSMUSP00000039955 	Cblc
ENSMUSG00000032586	ENSMUSP00000040001 	Traip
ENSMUSG00000029804	ENSMUSP00000040025 	Herc3
ENSMUSG00000063317	ENSMUSP00000040037 	Usp31
ENSMUSG00000035764	ENSMUSP00000040168 	Fbxo45
ENSMUSG00000039982	ENSMUSP00000040229 	Dtx4
ENSMUSG00000053490	ENSMUSP00000040299 	Trim60
ENSMUSG00000042607	ENSMUSP00000040331 	Asb4
ENSMUSG00000039615	ENSMUSP00000040431 	Stub1
ENSMUSG00000039328	ENSMUSP00000040478 	Rnf122
ENSMUSG00000036913	ENSMUSP00000040601 	Trim67
ENSMUSG00000037730	ENSMUSP00000040695 	Mynn
ENSMUSG00000041528	ENSMUSP00000040803 	Rnf123
ENSMUSG00000038485	ENSMUSP00000040896 	Socs7
ENSMUSG00000040351	ENSMUSP00000040946 	Ankib1
ENSMUSG00000037730	ENSMUSP00000041034 	Mynn
ENSMUSG00000034532	ENSMUSP00000041066 	Fbxo16
ENSMUSG00000035941	ENSMUSP00000041145 	Ibtk
ENSMUSG00000036782	ENSMUSP00000041190 	Klhl13
ENSMUSG00000041712	ENSMUSP00000041247 	Ubr7
ENSMUSG00000042506	ENSMUSP00000041263 	Usp22
ENSMUSG00000038997	ENSMUSP00000041293 	Asb17
ENSMUSG00000038429	ENSMUSP00000041299 	Usp5
ENSMUSG00000035298	ENSMUSP00000041363 	Klhl35
ENSMUSG00000039100	ENSMUSP00000041409 	March6
ENSMUSG00000038204	ENSMUSP00000041539 	Asb10
ENSMUSG00000040502	ENSMUSP00000041581 	March9
ENSMUSG00000038451	ENSMUSP00000041585 	Spsb2
ENSMUSG00000042730	ENSMUSP00000041591 	Gm9775
ENSMUSG00000041058	ENSMUSP00000041627 	Wwp1
ENSMUSG00000066640	ENSMUSP00000041700 	Fbxl18
ENSMUSG00000040724	ENSMUSP00000041702 	Kcna2
ENSMUSG00000037816	ENSMUSP00000041750 	Fbxw17
ENSMUSG00000041740	ENSMUSP00000041778 	Rnf10
ENSMUSG00000033623	ENSMUSP00000041790 	Pcgf3
ENSMUSG00000039873	ENSMUSP00000041806 	Neurl2
ENSMUSG00000034342	ENSMUSP00000041902 	Cbl
ENSMUSG00000039100	ENSMUSP00000041934 	March6
ENSMUSG00000033454	ENSMUSP00000041955 	Zbtb1
ENSMUSG00000039067	ENSMUSP00000041968 	Psmd7
ENSMUSG00000042514	ENSMUSP00000042015 	Klhl14
ENSMUSG00000040410	ENSMUSP00000042219 	Fbxl4
ENSMUSG00000040102	ENSMUSP00000042558 	Klhdc5
ENSMUSG00000036537	ENSMUSP00000042569 	Rnf113a1
ENSMUSG00000041180	ENSMUSP00000042646 	Hectd2
ENSMUSG00000039372	ENSMUSP00000042803 	March4
ENSMUSG00000033967	ENSMUSP00000042816 	2310014L17Rik
ENSMUSG00000040749	ENSMUSP00000043215 	Siah1b
ENSMUSG00000033233	ENSMUSP00000043389 	Trim45
ENSMUSG00000039483	ENSMUSP00000043462 	Asb6
ENSMUSG00000040270	ENSMUSP00000043693 	Bach2
ENSMUSG00000033596	ENSMUSP00000043780 	Rfwd3
ENSMUSG00000038056	ENSMUSP00000043874 	Mll3
ENSMUSG00000033653	ENSMUSP00000043879 	Vps8
ENSMUSG00000034928	ENSMUSP00000043974 	Rnf44
ENSMUSG00000036469	ENSMUSP00000044070 	March1
ENSMUSG00000036840	ENSMUSP00000044123 	Siah1a
ENSMUSG00000038784	ENSMUSP00000044137 	Cnot4
ENSMUSG00000034177	ENSMUSP00000044241 	Rnf43
ENSMUSG00000034110	ENSMUSP00000044568 	Kctd7
ENSMUSG00000036986	ENSMUSP00000044626 	Pml
ENSMUSG00000040415	ENSMUSP00000044627 	Dtx3
ENSMUSG00000031382	ENSMUSP00000044637 	Asb11
ENSMUSG00000037536	ENSMUSP00000044675 	Fbxo34
ENSMUSG00000038664	ENSMUSP00000044801 	Herc1
ENSMUSG00000033228	ENSMUSP00000044898 	Scaf11
ENSMUSG00000034552	ENSMUSP00000044913 	Zswim2
ENSMUSG00000035235	ENSMUSP00000045009 	Trim13
ENSMUSG00000033732	ENSMUSP00000045073 	Sf3b3
ENSMUSG00000035337	ENSMUSP00000045208 	Uchl4
ENSMUSG00000028042	ENSMUSP00000045565 	Zbtb7b
ENSMUSG00000033964	ENSMUSP00000045570 	Zbtb41
ENSMUSG00000039753	ENSMUSP00000045792 	Fbxl5
ENSMUSG00000034391	ENSMUSP00000045925 	Fbxo15
ENSMUSG00000033004	ENSMUSP00000045930 	Mycbp2
ENSMUSG00000039000	ENSMUSP00000045998 	Ube3c
ENSMUSG00000090173	ENSMUSP00000046156 	Fbxw10
ENSMUSG00000040785	ENSMUSP00000046251 	Ttc3
ENSMUSG00000038495	ENSMUSP00000046413 	Otud7b
ENSMUSG00000037075	ENSMUSP00000046467 	Rnf139
ENSMUSG00000033781	ENSMUSP00000046476 	Asb13
ENSMUSG00000035247	ENSMUSP00000046766 	Hectd1
ENSMUSG00000036822	ENSMUSP00000046843 	Topors
ENSMUSG00000041702	ENSMUSP00000046951 	Btbd7
ENSMUSG00000032867	ENSMUSP00000047012 	Fbxw8
ENSMUSG00000033182	ENSMUSP00000047155 	Kbtbd12
ENSMUSG00000035011	ENSMUSP00000047333 	Zbtb7a
ENSMUSG00000048814	ENSMUSP00000047372 	Lonrf2
ENSMUSG00000038175	ENSMUSP00000047403 	Mylip
ENSMUSG00000032267	ENSMUSP00000047467 	Usp28
ENSMUSG00000042211	ENSMUSP00000047541 	Fbxo38
ENSMUSG00000033368	ENSMUSP00000047627 	Trim69
ENSMUSG00000054611	ENSMUSP00000047683 	Kdm2a
ENSMUSG00000032656	ENSMUSP00000047946 	March3
ENSMUSG00000040455	ENSMUSP00000048324 	Usp45
ENSMUSG00000042744	ENSMUSP00000048345 	Gm15800
ENSMUSG00000038695	ENSMUSP00000048415 	Josd2
ENSMUSG00000038187	ENSMUSP00000048530 	Btbd10
ENSMUSG00000025738	ENSMUSP00000048562 	Fbxl16
ENSMUSG00000042350	ENSMUSP00000048780 	1110018G07Rik
ENSMUSG00000039911	ENSMUSP00000048969 	Spsb1
ENSMUSG00000021301	ENSMUSP00000048972 	Hecw1
ENSMUSG00000018548	ENSMUSP00000049057 	Trim37
ENSMUSG00000038545	ENSMUSP00000049128 	Cul7
ENSMUSG00000034377	ENSMUSP00000049248 	Tulp4
ENSMUSG00000036503	ENSMUSP00000049331 	Rnf13
ENSMUSG00000030779	ENSMUSP00000049528 	Rbbp6
ENSMUSG00000027993	ENSMUSP00000049902 	Trim2
ENSMUSG00000048047	ENSMUSP00000049983 	Zbtb33
ENSMUSG00000060441	ENSMUSP00000050084 	Trim5
ENSMUSG00000047496	ENSMUSP00000050103 	Rnf152
ENSMUSG00000025893	ENSMUSP00000050183 	Kbtbd3
ENSMUSG00000042155	ENSMUSP00000050219 	Klhl23
ENSMUSG00000031651	ENSMUSP00000050267 	Triml1
ENSMUSG00000048234	ENSMUSP00000050388 	Rnf149
ENSMUSG00000047959	ENSMUSP00000050680 	Kcna3
ENSMUSG00000020453	ENSMUSP00000050684 	Patz1
ENSMUSG00000051648	ENSMUSP00000050687 	Kctd19
ENSMUSG00000045210	ENSMUSP00000051248 	Vcpip1
ENSMUSG00000044952	ENSMUSP00000051316 	Kctd21
ENSMUSG00000034413	ENSMUSP00000051481 	Neurl1b
ENSMUSG00000043073	ENSMUSP00000051716 	Dub3
ENSMUSG00000046861	ENSMUSP00000051922 	Hectd3
ENSMUSG00000046962	ENSMUSP00000052127 	Zfp295
ENSMUSG00000031751	ENSMUSP00000052258 	Amfr
ENSMUSG00000045078	ENSMUSP00000052563 	Rnf216
ENSMUSG00000050974	ENSMUSP00000052625 	Gm9847
ENSMUSG00000048520	ENSMUSP00000052716 	Fbxl13
ENSMUSG00000044617	ENSMUSP00000052717 	Zbtb39
ENSMUSG00000021720	ENSMUSP00000052797 	Rnf180
ENSMUSG00000051234	ENSMUSP00000052856 	Rnf7
ENSMUSG00000043008	ENSMUSP00000053023 	Klhl6
ENSMUSG00000036989	ENSMUSP00000053384 	Trim3
ENSMUSG00000043099	ENSMUSP00000053483 	Hic1
ENSMUSG00000049314	ENSMUSP00000053786 	Fbxw13
ENSMUSG00000051306	ENSMUSP00000053955 	Usp42
ENSMUSG00000029001	ENSMUSP00000054022 	Fbxo44
ENSMUSG00000048230	ENSMUSP00000054125 	Fbxo43
ENSMUSG00000002104	ENSMUSP00000054150 	Rapsn
ENSMUSG00000034343	ENSMUSP00000054303 	Ube2f
ENSMUSG00000024294	ENSMUSP00000054428 	Mib1
ENSMUSG00000035293	ENSMUSP00000054474 	G2e3
ENSMUSG00000047539	ENSMUSP00000054718 	Fbxo28
ENSMUSG00000049672	ENSMUSP00000054897 	Zfp161
ENSMUSG00000045053	ENSMUSP00000054910 	Kcng3
ENSMUSG00000048732	ENSMUSP00000054963 	Klhl11
ENSMUSG00000044231	ENSMUSP00000054990 	Nhlrc1
ENSMUSG00000043411	ENSMUSP00000055016 	Usp48
ENSMUSG00000056144	ENSMUSP00000055058 	Trim34a
ENSMUSG00000047298	ENSMUSP00000055091 	Kcnv2
ENSMUSG00000047976	ENSMUSP00000055225 	Kcna1
ENSMUSG00000046404	ENSMUSP00000055318 	Yod1
ENSMUSG00000037653	ENSMUSP00000055326 	Kctd8
ENSMUSG00000046168	ENSMUSP00000055327 	Kcnrg
ENSMUSG00000047180	ENSMUSP00000055437 	Neurl3
ENSMUSG00000045534	ENSMUSP00000055673 	Kcna5
ENSMUSG00000050428	ENSMUSP00000055692 	Fbxo46
ENSMUSG00000015120	ENSMUSP00000055714 	Ube2i
ENSMUSG00000020642	ENSMUSP00000056073 	Rnf144a
ENSMUSG00000049600	ENSMUSP00000056086 	Zbtb45
ENSMUSG00000066798	ENSMUSP00000056100 	Zbtb6
ENSMUSG00000020376	ENSMUSP00000056345 	Rnf130
ENSMUSG00000047237	ENSMUSP00000056358 	Fbxw21
ENSMUSG00000010086	ENSMUSP00000056464 	Rnf112
ENSMUSG00000045246	ENSMUSP00000056552 	Kcng4
ENSMUSG00000024317	ENSMUSP00000056641 	Rnf138
ENSMUSG00000041961	ENSMUSP00000056776 	Znrf3
ENSMUSG00000022601	ENSMUSP00000056923 	Rpl24
ENSMUSG00000010086	ENSMUSP00000057058 	Rnf112
ENSMUSG00000050079	ENSMUSP00000057275 	Rspry1
ENSMUSG00000033510	ENSMUSP00000057282 	Otud7a
ENSMUSG00000051390	ENSMUSP00000057466 	Zbtb22
ENSMUSG00000049823	ENSMUSP00000057515 	Zbtb12
ENSMUSG00000044628	ENSMUSP00000057742 	Rnf208
ENSMUSG00000046997	ENSMUSP00000057849 	Spsb4
ENSMUSG00000044646	ENSMUSP00000057856 	Zbtb7c
ENSMUSG00000048175	ENSMUSP00000057864 	Asb8
ENSMUSG00000046034	ENSMUSP00000057893 	Fam105b
ENSMUSG00000044966	ENSMUSP00000057901 	Fbxo48
ENSMUSG00000073400	ENSMUSP00000057928 	Trim10
ENSMUSG00000048696	ENSMUSP00000057962 	Mex3d
ENSMUSG00000050556	ENSMUSP00000057981 	Kcnb1
ENSMUSG00000043279	ENSMUSP00000058109 	Trim56
ENSMUSG00000048485	ENSMUSP00000058157 	Zbtb8b
ENSMUSG00000074060	ENSMUSP00000058175 	Fbxw15
ENSMUSG00000048232	ENSMUSP00000058233 	Fbxo10
ENSMUSG00000021277	ENSMUSP00000058361 	Traf3
ENSMUSG00000048911	ENSMUSP00000058630 	Rnf24
ENSMUSG00000024805	ENSMUSP00000058730 	Pcgf5
ENSMUSG00000050963	ENSMUSP00000058773 	Kcns2
ENSMUSG00000047079	ENSMUSP00000059077 	4930524E20Rik
ENSMUSG00000046731	ENSMUSP00000059107 	Kctd11
ENSMUSG00000053113	ENSMUSP00000059129 	Socs3
ENSMUSG00000031095	ENSMUSP00000059276 	Cul4b
ENSMUSG00000042790	ENSMUSP00000059310 	Rnf214
ENSMUSG00000040374	ENSMUSP00000059415 	Pxmp3
ENSMUSG00000044938	ENSMUSP00000059643 	Klhl31
ENSMUSG00000044526	ENSMUSP00000059715 	Znrf4
ENSMUSG00000032307	ENSMUSP00000059798 	Ube2q2
ENSMUSG00000051582	ENSMUSP00000059861 	Otud6a
ENSMUSG00000010086	ENSMUSP00000059903 	Rnf112
ENSMUSG00000049657	ENSMUSP00000059919 	Zbtb5
ENSMUSG00000024776	ENSMUSP00000059927 	Stambpl1
ENSMUSG00000063870	ENSMUSP00000060054 	Chd4
ENSMUSG00000057143	ENSMUSP00000060100 	Trim12c
ENSMUSG00000024457	ENSMUSP00000060103 	Trim26
ENSMUSG00000038451	ENSMUSP00000060124 	Spsb2
ENSMUSG00000050503	ENSMUSP00000060137 	Fbxl22
ENSMUSG00000044308	ENSMUSP00000060159 	Ubr3
ENSMUSG00000026854	ENSMUSP00000060167 	Usp20
ENSMUSG00000050435	ENSMUSP00000060423 	Ube2dnl
ENSMUSG00000051727	ENSMUSP00000060557 	Kctd14
ENSMUSG00000038822	ENSMUSP00000060603 	Hace1
ENSMUSG00000020027	ENSMUSP00000060626 	Socs2
ENSMUSG00000043673	ENSMUSP00000060706 	Kcns3
ENSMUSG00000045291	ENSMUSP00000060726 	E330021D16Rik
ENSMUSG00000043881	ENSMUSP00000060768 	Kbtbd7
ENSMUSG00000042790	ENSMUSP00000060941 	Rnf214
ENSMUSG00000025860	ENSMUSP00000061074 	Xiap
ENSMUSG00000044030	ENSMUSP00000061234 	Irf2bp1
ENSMUSG00000043556	ENSMUSP00000061305 	Fbxl7
ENSMUSG00000051726	ENSMUSP00000061409 	Kcnf1
ENSMUSG00000046523	ENSMUSP00000061734 	Kctd4
ENSMUSG00000060862	ENSMUSP00000061899 	Zbtb40
ENSMUSG00000033364	ENSMUSP00000061984 	Usp37
ENSMUSG00000044164	ENSMUSP00000062005 	Rnf182
ENSMUSG00000044477	ENSMUSP00000062234 	Zfand3
ENSMUSG00000051675	ENSMUSP00000062277 	Trim32
ENSMUSG00000005936	ENSMUSP00000062282 	Kctd20
ENSMUSG00000055401	ENSMUSP00000062348 	Fbxo6
ENSMUSG00000051527	ENSMUSP00000062349 	Usp29
ENSMUSG00000003308	ENSMUSP00000062467 	Keap1
ENSMUSG00000047412	ENSMUSP00000062681 	Zbtb44
ENSMUSG00000044308	ENSMUSP00000063015 	Ubr3
ENSMUSG00000044477	ENSMUSP00000063158 	Zfand3
ENSMUSG00000078627	ENSMUSP00000063198 	March10
ENSMUSG00000020659	ENSMUSP00000063266 	Cbll1
ENSMUSG00000022684	ENSMUSP00000063371 	Bfar
ENSMUSG00000054517	ENSMUSP00000063410 	Trim65
ENSMUSG00000030921	ENSMUSP00000063622 	Trim30a
ENSMUSG00000023826	ENSMUSP00000063644 	Park2
ENSMUSG00000028557	ENSMUSP00000063798 	Rnf11
ENSMUSG00000053483	ENSMUSP00000064002 	Usp21
ENSMUSG00000024807	ENSMUSP00000064239 	Syvn1
ENSMUSG00000056305	ENSMUSP00000064515 	Usp39
ENSMUSG00000021720	ENSMUSP00000064624 	Rnf180
ENSMUSG00000056153	ENSMUSP00000064929 	Socs6
ENSMUSG00000066258	ENSMUSP00000065008 	Trim12a
ENSMUSG00000019944	ENSMUSP00000065095 	Rhobtb1
ENSMUSG00000079557	ENSMUSP00000065225 	March2
ENSMUSG00000043467	ENSMUSP00000065974 	Zbtb37
ENSMUSG00000048379	ENSMUSP00000066031 	Socs4
ENSMUSG00000055850	ENSMUSP00000066128 	Rnf181
ENSMUSG00000052656	ENSMUSP00000066324 	Rnf103
ENSMUSG00000039633	ENSMUSP00000066403 	Lonrf1
ENSMUSG00000054087	ENSMUSP00000066613 	Fbxw14
ENSMUSG00000053388	ENSMUSP00000066662 	Trim50
ENSMUSG00000051956	ENSMUSP00000066906 	Rnf133
ENSMUSG00000020448	ENSMUSP00000067053 	Rnf185
ENSMUSG00000040455	ENSMUSP00000067109 	Usp45
ENSMUSG00000057406	ENSMUSP00000067205 	Whsc1
ENSMUSG00000056342	ENSMUSP00000067347 	Usp34
ENSMUSG00000046490	ENSMUSP00000067364 	Rnf222
ENSMUSG00000036432	ENSMUSP00000067496 	Siah2
ENSMUSG00000028952	ENSMUSP00000067521 	Zbtb48
ENSMUSG00000029634	ENSMUSP00000067559 	Rnf6
ENSMUSG00000047648	ENSMUSP00000068230 	Fbxo30
ENSMUSG00000046962	ENSMUSP00000068283 	Zfp295
ENSMUSG00000022517	ENSMUSP00000068314 	Mgrn1
ENSMUSG00000055675	ENSMUSP00000068321 	Kbtbd11
ENSMUSG00000054387	ENSMUSP00000068661 	Mdm4
ENSMUSG00000026977	ENSMUSP00000068961 	March7
ENSMUSG00000054568	ENSMUSP00000068997 	Dub1
ENSMUSG00000055707	ENSMUSP00000069077 	Klhl26
ENSMUSG00000055780	ENSMUSP00000069140 	Usp26
ENSMUSG00000030629	ENSMUSP00000069228 	Zfand6
ENSMUSG00000028101	ENSMUSP00000069259 	Pias3
ENSMUSG00000052752	ENSMUSP00000069334 	Traf7
ENSMUSG00000021712	ENSMUSP00000069371 	Trim23
ENSMUSG00000066036	ENSMUSP00000069557 	Ubr4
ENSMUSG00000054792	ENSMUSP00000069674 	Klhl18
ENSMUSG00000062785	ENSMUSP00000069754 	Kcnc3
ENSMUSG00000027993	ENSMUSP00000069922 	Trim2
ENSMUSG00000053128	ENSMUSP00000070060 	Rnf26
ENSMUSG00000050714	ENSMUSP00000070071 	Zbtb26
ENSMUSG00000052557	ENSMUSP00000070168 	Gan
ENSMUSG00000032010	ENSMUSP00000070264 	Usp2
ENSMUSG00000055850	ENSMUSP00000070370 	Rnf181
ENSMUSG00000054387	ENSMUSP00000070411 	Mdm4
ENSMUSG00000055128	ENSMUSP00000070548 	Cgrrf1
ENSMUSG00000054814	ENSMUSP00000070554 	Usp46
ENSMUSG00000030254	ENSMUSP00000070619 	Rad18
ENSMUSG00000058318	ENSMUSP00000070649 	Phf21a
ENSMUSG00000056537	ENSMUSP00000070662 	Rlim
ENSMUSG00000025217	ENSMUSP00000070728 	Btrc
ENSMUSG00000021712	ENSMUSP00000070767 	Trim23
ENSMUSG00000006906	ENSMUSP00000070876 	Stambp
ENSMUSG00000052981	ENSMUSP00000070906 	Ube2ql1
ENSMUSG00000022111	ENSMUSP00000070971 	Uchl3
ENSMUSG00000038068	ENSMUSP00000071017 	Rnf144b
ENSMUSG00000020696	ENSMUSP00000071150 	Rffl
ENSMUSG00000024805	ENSMUSP00000071245 	Pcgf5
ENSMUSG00000040374	ENSMUSP00000071255 	Pxmp3
ENSMUSG00000058594	ENSMUSP00000071495 	Fbxo18
ENSMUSG00000030779	ENSMUSP00000071519 	Rbbp6
ENSMUSG00000040749	ENSMUSP00000071592 	Siah1b
ENSMUSG00000059301	ENSMUSP00000071728 	Gm5434
ENSMUSG00000034022	ENSMUSP00000071794 	Cpsf1
ENSMUSG00000059547	ENSMUSP00000071811 	Fbxw26
ENSMUSG00000057719	ENSMUSP00000071896 	Sh3rf2
ENSMUSG00000056900	ENSMUSP00000072155 	Usp13
ENSMUSG00000060450	ENSMUSP00000072212 	Rnf14
ENSMUSG00000036469	ENSMUSP00000072302 	March1
ENSMUSG00000032850	ENSMUSP00000072343 	Rnft2
ENSMUSG00000063447	ENSMUSP00000072387 	1700013N18Rik
ENSMUSG00000024317	ENSMUSP00000072626 	Rnf138
ENSMUSG00000050963	ENSMUSP00000072645 	Kcns2
ENSMUSG00000041236	ENSMUSP00000072729 	Vps41
ENSMUSG00000057321	ENSMUSP00000073107 	Dub2a
ENSMUSG00000072082	ENSMUSP00000073131 	Ccnf
ENSMUSG00000025437	ENSMUSP00000073362 	Usp33
ENSMUSG00000062275	ENSMUSP00000073617 	Fbxw24
ENSMUSG00000029577	ENSMUSP00000073652 	Ube3b
ENSMUSG00000064140	ENSMUSP00000073709 	Trim38
ENSMUSG00000060811	ENSMUSP00000073754 	Gm10088
ENSMUSG00000020696	ENSMUSP00000074108 	Rffl
ENSMUSG00000057719	ENSMUSP00000074247 	Sh3rf2
ENSMUSG00000072889	ENSMUSP00000074481 	Nfxl1
ENSMUSG00000020883	ENSMUSP00000074580 	Fbxl20
ENSMUSG00000037124	ENSMUSP00000074594 	Trim58
ENSMUSG00000064290	ENSMUSP00000074610 	Gm5852
ENSMUSG00000061490	ENSMUSP00000074614 	Gm5959
ENSMUSG00000036964	ENSMUSP00000074639 	Trim17
ENSMUSG00000062098	ENSMUSP00000074864 	Btbd3
ENSMUSG00000057406	ENSMUSP00000075210 	Whsc1
ENSMUSG00000047746	ENSMUSP00000075266 	Fbxo40
ENSMUSG00000062627	ENSMUSP00000075269 	Mysm1
ENSMUSG00000060256	ENSMUSP00000075338 	Tdpoz4
ENSMUSG00000035357	ENSMUSP00000075376 	Pdzrn3
ENSMUSG00000026484	ENSMUSP00000075476 	Rnf2
ENSMUSG00000058317	ENSMUSP00000075495 	Ube2e2
ENSMUSG00000058498	ENSMUSP00000075540 	Rnf207
ENSMUSG00000032724	ENSMUSP00000075566 	Abtb2
ENSMUSG00000030451	ENSMUSP00000075579 	Herc2
ENSMUSG00000032612	ENSMUSP00000075712 	Usp4
ENSMUSG00000020271	ENSMUSP00000075721 	Fbxw11
ENSMUSG00000062369	ENSMUSP00000075822 	Dub1a
ENSMUSG00000074061	ENSMUSP00000075918 	Fbxw19
ENSMUSG00000059676	ENSMUSP00000076053 	Tdpoz1
ENSMUSG00000040782	ENSMUSP00000076160 	Rfwd2
ENSMUSG00000030921	ENSMUSP00000076189 	Trim30a
ENSMUSG00000020448	ENSMUSP00000076333 	Rnf185
ENSMUSG00000030254	ENSMUSP00000076341 	Rad18
ENSMUSG00000063659	ENSMUSP00000076463 	Zfp238
ENSMUSG00000054611	ENSMUSP00000076698 	Kdm2a
ENSMUSG00000029060	ENSMUSP00000076814 	Mib2
ENSMUSG00000006418	ENSMUSP00000077197 	Rnf114
ENSMUSG00000034327	ENSMUSP00000077200 	Kctd9
ENSMUSG00000079042	ENSMUSP00000077513 	Trim61
ENSMUSG00000058063	ENSMUSP00000077535 	Trim31
ENSMUSG00000061311	ENSMUSP00000077584 	Rag1
ENSMUSG00000047747	ENSMUSP00000077610 	Rnf150
ENSMUSG00000030509	ENSMUSP00000077620 	Asb7
ENSMUSG00000035299	ENSMUSP00000077974 	Mid1
ENSMUSG00000025702	ENSMUSP00000078024 	March8
ENSMUSG00000040896	ENSMUSP00000078169 	Kcnd3
ENSMUSG00000058976	ENSMUSP00000078323 	Usp17l5
ENSMUSG00000063851	ENSMUSP00000078389 	Rnf183
ENSMUSG00000022708	ENSMUSP00000078410 	Zbtb20
ENSMUSG00000060860	ENSMUSP00000078459 	Ube2s
ENSMUSG00000061701	ENSMUSP00000078503 	Fbxw20
ENSMUSG00000059586	ENSMUSP00000078641 	Nsmce2
ENSMUSG00000058446	ENSMUSP00000078795 	Znrf2
ENSMUSG00000062202	ENSMUSP00000078845 	Btbd9
ENSMUSG00000060673	ENSMUSP00000078984 	4930595M18Rik
ENSMUSG00000024231	ENSMUSP00000078988 	Cul2
ENSMUSG00000024589	ENSMUSP00000079280 	Nedd4l
ENSMUSG00000070324	ENSMUSP00000079460 	Fbxw22
ENSMUSG00000019826	ENSMUSP00000079592 	Zbtb24
ENSMUSG00000058761	ENSMUSP00000079631 	Rnf169
ENSMUSG00000025423	ENSMUSP00000079764 	Pias2
ENSMUSG00000042828	ENSMUSP00000079832 	Trim72
ENSMUSG00000053929	ENSMUSP00000080043 	Cyhr1
ENSMUSG00000021071	ENSMUSP00000080204 	Trim9
ENSMUSG00000060882	ENSMUSP00000080257 	Kcnd2
ENSMUSG00000006418	ENSMUSP00000080457 	Rnf114
ENSMUSG00000058005	ENSMUSP00000080472 	Tdpoz3
ENSMUSG00000033417	ENSMUSP00000080480 	2700078E11Rik
ENSMUSG00000049502	ENSMUSP00000080601 	Dtx3l
ENSMUSG00000063760	ENSMUSP00000080650 	Rnf217
ENSMUSG00000020802	ENSMUSP00000080791 	Ube2o
ENSMUSG00000073968	ENSMUSP00000080813 	Trim68
ENSMUSG00000020271	ENSMUSP00000080930 	Fbxw11
ENSMUSG00000059263	ENSMUSP00000081757 	Usp47
ENSMUSG00000040387	ENSMUSP00000081839 	Klhl32
ENSMUSG00000054792	ENSMUSP00000082020 	Klhl18
ENSMUSG00000074062	ENSMUSP00000082051 	Fbxw16
ENSMUSG00000006676	ENSMUSP00000082119 	Usp19
ENSMUSG00000057706	ENSMUSP00000082168 	Mex3b
ENSMUSG00000032578	ENSMUSP00000082183 	Cish
ENSMUSG00000066415	ENSMUSP00000082270 	Msl2
ENSMUSG00000025326	ENSMUSP00000082326 	Ube3a
ENSMUSG00000001366	ENSMUSP00000082419 	Fbxo9
ENSMUSG00000020659	ENSMUSP00000082616 	Cbll1
ENSMUSG00000026637	ENSMUSP00000082710 	Traf5
ENSMUSG00000029640	ENSMUSP00000082754 	Usp12
ENSMUSG00000036986	ENSMUSP00000082816 	Pml
ENSMUSG00000026608	ENSMUSP00000082821 	Kctd3
ENSMUSG00000038780	ENSMUSP00000082827 	Smurf1
ENSMUSG00000029475	ENSMUSP00000083376 	Kdm2b
ENSMUSG00000066892	ENSMUSP00000083650 	Fbxl12
ENSMUSG00000026311	ENSMUSP00000084054 	Asb1
ENSMUSG00000067081	ENSMUSP00000084095 	Asb18
ENSMUSG00000029922	ENSMUSP00000084244 	Mkrn1
ENSMUSG00000047485	ENSMUSP00000084399 	Klhl34
ENSMUSG00000073399	ENSMUSP00000084400 	Trim40
ENSMUSG00000029228	ENSMUSP00000084405 	Lnx1
ENSMUSG00000072889	ENSMUSP00000084467 	Nfxl1
ENSMUSG00000037653	ENSMUSP00000084484 	Kctd8
ENSMUSG00000027583	ENSMUSP00000084672 	Zbtb46
ENSMUSG00000039753	ENSMUSP00000084733 	Fbxl5
ENSMUSG00000067399	ENSMUSP00000084884 	Trim43a
ENSMUSG00000042807	ENSMUSP00000084942 	Hecw2
ENSMUSG00000071661	ENSMUSP00000085415 	Zbtb3
ENSMUSG00000001403	ENSMUSP00000085581 	Ube2c
ENSMUSG00000038056	ENSMUSP00000085587 	Mll3
ENSMUSG00000041130	ENSMUSP00000085737 	Zfp598
ENSMUSG00000052752	ENSMUSP00000085812 	Traf7
ENSMUSG00000070426	ENSMUSP00000086453 	Rnf121
ENSMUSG00000001924	ENSMUSP00000086626 	Uba1
ENSMUSG00000030061	ENSMUSP00000086701 	Uba3
ENSMUSG00000031010	ENSMUSP00000086716 	Usp9x
ENSMUSG00000033287	ENSMUSP00000086835 	Kctd17
ENSMUSG00000053929	ENSMUSP00000086943 	Cyhr1
ENSMUSG00000022750	ENSMUSP00000087607 	Klhl22
ENSMUSG00000068580	ENSMUSP00000087636 	Zfyve19
ENSMUSG00000050240	ENSMUSP00000087656 	Hic2
ENSMUSG00000038965	ENSMUSP00000087658 	Ube2l3
ENSMUSG00000039100	ENSMUSP00000087694 	March6
ENSMUSG00000021898	ENSMUSP00000087810 	Asb14
ENSMUSG00000039701	ENSMUSP00000087857 	Usp53
ENSMUSG00000022710	ENSMUSP00000087880 	Usp7
ENSMUSG00000022517	ENSMUSP00000087946 	Mgrn1
ENSMUSG00000029685	ENSMUSP00000088022 	Asb15
ENSMUSG00000058318	ENSMUSP00000088074 	Phf21a
ENSMUSG00000042861	ENSMUSP00000088118 	Kcna10
ENSMUSG00000005505	ENSMUSP00000088179 	Kbtbd4
ENSMUSG00000038495	ENSMUSP00000088291 	Otud7b
ENSMUSG00000068879	ENSMUSP00000088366 	Gm5773
ENSMUSG00000042766	ENSMUSP00000088442 	Trim46
ENSMUSG00000068966	ENSMUSP00000088560 	Zbtb34
ENSMUSG00000069044	ENSMUSP00000088727 	Usp9y
ENSMUSG00000089953	ENSMUSP00000088868 	Gm757
ENSMUSG00000028560	ENSMUSP00000088917 	Usp1
ENSMUSG00000062098	ENSMUSP00000089144 	Btbd3
ENSMUSG00000014164	ENSMUSP00000089173 	Klhl3
ENSMUSG00000028423	ENSMUSP00000089203 	Nfx1
ENSMUSG00000074425	ENSMUSP00000089284 	Gm10697
ENSMUSG00000056153	ENSMUSP00000089369 	Socs6
ENSMUSG00000037253	ENSMUSP00000089463 	Mex3c
ENSMUSG00000024589	ENSMUSP00000089482 	Nedd4l
ENSMUSG00000051401	ENSMUSP00000089547 	Kctd16
ENSMUSG00000036225	ENSMUSP00000089672 	Kctd1
ENSMUSG00000055652	ENSMUSP00000089707 	Klhl25
ENSMUSG00000047879	ENSMUSP00000089728 	Usp14
ENSMUSG00000035681	ENSMUSP00000089814 	Kcnc2
ENSMUSG00000033909	ENSMUSP00000090036 	Usp36
ENSMUSG00000020064	ENSMUSP00000090109 	Herc4
ENSMUSG00000018363	ENSMUSP00000090177 	Smurf2
ENSMUSG00000069678	ENSMUSP00000090277 	Pcgf1
ENSMUSG00000057522	ENSMUSP00000090440 	Spop
ENSMUSG00000034177	ENSMUSP00000090476 	Rnf43
ENSMUSG00000018750	ENSMUSP00000090643 	Zbtb4
ENSMUSG00000020455	ENSMUSP00000090749 	Trim11
ENSMUSG00000033732	ENSMUSP00000090826 	Sf3b3
ENSMUSG00000020271	ENSMUSP00000090893 	Fbxw11
ENSMUSG00000041164	ENSMUSP00000091038 	Zmiz2
ENSMUSG00000020453	ENSMUSP00000091103 	Patz1
ENSMUSG00000031642	ENSMUSP00000091200 	Sh3rf1
ENSMUSG00000013419	ENSMUSP00000091286 	Zfp651
ENSMUSG00000040433	ENSMUSP00000091315 	Zbtb38
ENSMUSG00000035941	ENSMUSP00000091323 	Ibtk
ENSMUSG00000066687	ENSMUSP00000091374 	Zbtb16
ENSMUSG00000057367	ENSMUSP00000091422 	Birc2
ENSMUSG00000070332	ENSMUSP00000091442 	4933422H20Rik
ENSMUSG00000070336	ENSMUSP00000091471 	Fbxo47
ENSMUSG00000020696	ENSMUSP00000091510 	Rffl
ENSMUSG00000063659	ENSMUSP00000091831 	Zfp238
ENSMUSG00000070527	ENSMUSP00000091898 	Mkrn3
ENSMUSG00000074426	ENSMUSP00000091980 	Gm9125
ENSMUSG00000020453	ENSMUSP00000092043 	Patz1
ENSMUSG00000070632	ENSMUSP00000092119 	Btbd8
ENSMUSG00000039159	ENSMUSP00000092121 	Ube2h
ENSMUSG00000029127	ENSMUSP00000092429 	Zbtb49
ENSMUSG00000028677	ENSMUSP00000092449 	Rnf220
ENSMUSG00000028514	ENSMUSP00000092538 	Usp24
ENSMUSG00000070923	ENSMUSP00000092602 	Klhl9
ENSMUSG00000026788	ENSMUSP00000092645 	Zbtb43
ENSMUSG00000070999	ENSMUSP00000092725 	Ccin
ENSMUSG00000040270	ENSMUSP00000092750 	Bach2
ENSMUSG00000033545	ENSMUSP00000092799 	Znrf1
ENSMUSG00000008167	ENSMUSP00000092845 	Fbxw9
ENSMUSG00000079042	ENSMUSP00000092930 	Trim61
ENSMUSG00000071089	ENSMUSP00000092932 	Trim75
ENSMUSG00000020020	ENSMUSP00000092975 	Usp44
ENSMUSG00000030083	ENSMUSP00000093396 	Abtb1
ENSMUSG00000067215	ENSMUSP00000093427 	Usp51
ENSMUSG00000000365	ENSMUSP00000093469 	Rnf17
ENSMUSG00000071392	ENSMUSP00000093497 	Ect2l
ENSMUSG00000071425	ENSMUSP00000093537 	Gm10332
ENSMUSG00000037536	ENSMUSP00000093634 	Fbxo34
ENSMUSG00000033653	ENSMUSP00000093906 	Vps8
ENSMUSG00000022674	ENSMUSP00000093951 	Ube2v2
ENSMUSG00000043929	ENSMUSP00000094097 	Klhl15
ENSMUSG00000054115	ENSMUSP00000094225 	Skp2
ENSMUSG00000070426	ENSMUSP00000094396 	Rnf121
ENSMUSG00000071964	ENSMUSP00000094452 	AC007585.1
ENSMUSG00000072244	ENSMUSP00000094787 	Trim6
ENSMUSG00000023150	ENSMUSP00000095150 	Ivns1abp
ENSMUSG00000067081	ENSMUSP00000095261 	Asb18
ENSMUSG00000073633	ENSMUSP00000095276 	Fbxo36
ENSMUSG00000073700	ENSMUSP00000095380 	Klhl21
ENSMUSG00000066036	ENSMUSP00000095433 	Ubr4
ENSMUSG00000041161	ENSMUSP00000095441 	Otud3
ENSMUSG00000028793	ENSMUSP00000095484 	Rnf19b
ENSMUSG00000028677	ENSMUSP00000095527 	Rnf220
ENSMUSG00000028309	ENSMUSP00000095685 	Rnf20
ENSMUSG00000035696	ENSMUSP00000095702 	Rnf38
ENSMUSG00000028423	ENSMUSP00000095747 	Nfx1
ENSMUSG00000057143	ENSMUSP00000095780 	Trim12c
ENSMUSG00000060441	ENSMUSP00000095781 	Trim5
ENSMUSG00000072244	ENSMUSP00000095782 	Trim6
ENSMUSG00000074001	ENSMUSP00000095873 	Kbtbd5
ENSMUSG00000074059	ENSMUSP00000095962 	Fbxw18
ENSMUSG00000074060	ENSMUSP00000095963 	Fbxw15
ENSMUSG00000074903	ENSMUSP00000096111 	Gm2058
ENSMUSG00000036712	ENSMUSP00000096119 	Cyld
ENSMUSG00000032376	ENSMUSP00000096213 	Usp3
ENSMUSG00000032405	ENSMUSP00000096248 	Pias1
ENSMUSG00000036469	ENSMUSP00000096305 	March1
ENSMUSG00000040896	ENSMUSP00000096357 	Kcnd3
ENSMUSG00000038495	ENSMUSP00000096449 	Otud7b
ENSMUSG00000089696	ENSMUSP00000096477 	Gm4778
ENSMUSG00000074427	ENSMUSP00000096478 	Tdpoz5
ENSMUSG00000074428	ENSMUSP00000096479 	Gm9117
ENSMUSG00000074429	ENSMUSP00000096480 	Gm9116
ENSMUSG00000074432	ENSMUSP00000096483 	Gm4858
ENSMUSG00000038365	ENSMUSP00000096517 	Fbxo25
ENSMUSG00000074480	ENSMUSP00000096552 	Mex3a
ENSMUSG00000074575	ENSMUSP00000096668 	Kcng1
ENSMUSG00000027694	ENSMUSP00000096685 	Gm8325
ENSMUSG00000036432	ENSMUSP00000096687 	Siah2
ENSMUSG00000074781	ENSMUSP00000096932 	Ube2n
ENSMUSG00000027363	ENSMUSP00000097021 	Usp8
ENSMUSG00000048696	ENSMUSP00000097079 	Mex3d
ENSMUSG00000048185	ENSMUSP00000097258 	Gm7075
ENSMUSG00000075307	ENSMUSP00000097627 	Kbtbd10
ENSMUSG00000075327	ENSMUSP00000097655 	Zbtb2
ENSMUSG00000075327	ENSMUSP00000097656 	Zbtb2
ENSMUSG00000025135	ENSMUSP00000097714 	Anapc11
ENSMUSG00000075376	ENSMUSP00000097721 	Rc3h2
ENSMUSG00000052949	ENSMUSP00000097776 	Rnf157
ENSMUSG00000015095	ENSMUSP00000097891 	Fbxw5
ENSMUSG00000075502	ENSMUSP00000097929 	Gm5465
ENSMUSG00000038780	ENSMUSP00000098029 	Smurf1
ENSMUSG00000014349	ENSMUSP00000098097 	Ube2z
ENSMUSG00000000275	ENSMUSP00000098185 	Trim25
ENSMUSG00000000275	ENSMUSP00000098192 	Trim25
ENSMUSG00000032850	ENSMUSP00000098385 	Rnft2
ENSMUSG00000041740	ENSMUSP00000098403 	Rnf10
ENSMUSG00000014668	ENSMUSP00000098492 	Chfr
ENSMUSG00000025702	ENSMUSP00000098594 	March8
ENSMUSG00000021203	ENSMUSP00000098655 	Otub2
ENSMUSG00000035357	ENSMUSP00000098676 	Pdzrn3
ENSMUSG00000054920	ENSMUSP00000098752 	Klhl5
ENSMUSG00000054920	ENSMUSP00000098753 	Klhl5
ENSMUSG00000056342	ENSMUSP00000099007 	Usp34
ENSMUSG00000020659	ENSMUSP00000099038 	Cbll1
ENSMUSG00000073176	ENSMUSP00000099096 	Zfp449
ENSMUSG00000016940	ENSMUSP00000099324 	Kctd2
ENSMUSG00000018363	ENSMUSP00000099356 	Smurf2
ENSMUSG00000020883	ENSMUSP00000099432 	Fbxl20
ENSMUSG00000018537	ENSMUSP00000099437 	Pcgf2
ENSMUSG00000023286	ENSMUSP00000099464 	Ube2j2
ENSMUSG00000029060	ENSMUSP00000099465 	Mib2
ENSMUSG00000029047	ENSMUSP00000099469 	Pex10
ENSMUSG00000028960	ENSMUSP00000099501 	Ube4b
ENSMUSG00000020850	ENSMUSP00000099568 	Prpf8
ENSMUSG00000068580	ENSMUSP00000099577 	Zfyve19
ENSMUSG00000027180	ENSMUSP00000099625 	Fbxo3
ENSMUSG00000001098	ENSMUSP00000099641 	Kctd10
ENSMUSG00000027078	ENSMUSP00000099702 	Ube2l6
ENSMUSG00000010086	ENSMUSP00000099722 	Rnf112
ENSMUSG00000028677	ENSMUSP00000099751 	Rnf220
ENSMUSG00000052997	ENSMUSP00000099807 	Uba2
ENSMUSG00000026977	ENSMUSP00000099808 	March7
ENSMUSG00000026977	ENSMUSP00000099809 	March7
ENSMUSG00000026988	ENSMUSP00000099812 	Wdsub1
ENSMUSG00000020376	ENSMUSP00000099837 	Rnf130
ENSMUSG00000050714	ENSMUSP00000099850 	Zbtb26
ENSMUSG00000026854	ENSMUSP00000099913 	Usp20
ENSMUSG00000032656	ENSMUSP00000099976 	March3
ENSMUSG00000041164	ENSMUSP00000099978 	Zmiz2
ENSMUSG00000035696	ENSMUSP00000099998 	Rnf38
ENSMUSG00000039159	ENSMUSP00000100058 	Ube2h
ENSMUSG00000078179	ENSMUSP00000100592 	Rnf148
ENSMUSG00000043415	ENSMUSP00000100617 	Otud1
ENSMUSG00000078209	ENSMUSP00000100624 	Gm14374
ENSMUSG00000078211	ENSMUSP00000100626 	Gm3763
ENSMUSG00000078213	ENSMUSP00000100628 	Gm3750
ENSMUSG00000078215	ENSMUSP00000100630 	Gm10921
ENSMUSG00000078216	ENSMUSP00000100631 	Gm10922
ENSMUSG00000078217	ENSMUSP00000100632 	Gm14347
ENSMUSG00000078219	ENSMUSP00000100634 	Gm3701
ENSMUSG00000078220	ENSMUSP00000100635 	Gm14351
ENSMUSG00000078221	ENSMUSP00000100636 	Gm14345
ENSMUSG00000078222	ENSMUSP00000100637 	Gm14346
ENSMUSG00000078323	ENSMUSP00000100748 	Gm2964
ENSMUSG00000078324	ENSMUSP00000100749 	Gm2933
ENSMUSG00000078325	ENSMUSP00000100750 	Gm2927
ENSMUSG00000078326	ENSMUSP00000100751 	Gm2913
ENSMUSG00000078330	ENSMUSP00000100755 	Gm2825
ENSMUSG00000078332	ENSMUSP00000100757 	Gmcl1l
ENSMUSG00000078333	ENSMUSP00000100758 	Gm2799
ENSMUSG00000078335	ENSMUSP00000100760 	Gm2784
ENSMUSG00000078336	ENSMUSP00000100761 	Gm2777
ENSMUSG00000025373	ENSMUSP00000100869 	Rnf41
ENSMUSG00000005682	ENSMUSP00000100870 	Pan2
ENSMUSG00000020124	ENSMUSP00000100894 	Usp15
ENSMUSG00000020184	ENSMUSP00000100898 	Mdm2
ENSMUSG00000020042	ENSMUSP00000100943 	Btbd11
ENSMUSG00000020042	ENSMUSP00000100944 	Btbd11
ENSMUSG00000048696	ENSMUSP00000100987 	Mex3d
ENSMUSG00000000731	ENSMUSP00000101035 	Aire
ENSMUSG00000019826	ENSMUSP00000101147 	Zbtb24
ENSMUSG00000078484	ENSMUSP00000101194 	Klhl17
ENSMUSG00000023286	ENSMUSP00000101206 	Ube2j2
ENSMUSG00000023286	ENSMUSP00000101207 	Ube2j2
ENSMUSG00000023286	ENSMUSP00000101208 	Ube2j2
ENSMUSG00000039911	ENSMUSP00000101309 	Spsb1
ENSMUSG00000039911	ENSMUSP00000101310 	Spsb1
ENSMUSG00000029001	ENSMUSP00000101329 	Fbxo44
ENSMUSG00000029001	ENSMUSP00000101330 	Fbxo44
ENSMUSG00000055401	ENSMUSP00000101331 	Fbxo6
ENSMUSG00000041241	ENSMUSP00000101439 	Mul1
ENSMUSG00000041241	ENSMUSP00000101440 	Mul1
ENSMUSG00000043411	ENSMUSP00000101465 	Usp48
ENSMUSG00000043411	ENSMUSP00000101466 	Usp48
ENSMUSG00000043411	ENSMUSP00000101467 	Usp48
ENSMUSG00000043411	ENSMUSP00000101468 	Usp48
ENSMUSG00000028834	ENSMUSP00000101501 	Trim63
ENSMUSG00000038611	ENSMUSP00000101648 	Phrf1
ENSMUSG00000048485	ENSMUSP00000101661 	Zbtb8b
ENSMUSG00000025170	ENSMUSP00000101713 	Rab40b
ENSMUSG00000030967	ENSMUSP00000101763 	Zranb1
ENSMUSG00000042828	ENSMUSP00000101855 	Trim72
ENSMUSG00000030811	ENSMUSP00000101884 	Fbxl19
ENSMUSG00000078578	ENSMUSP00000101898 	Ube2d3
ENSMUSG00000033909	ENSMUSP00000101901 	Usp36
ENSMUSG00000033909	ENSMUSP00000101903 	Usp36
ENSMUSG00000052949	ENSMUSP00000102006 	Rnf157
ENSMUSG00000054517	ENSMUSP00000102048 	Trim65
ENSMUSG00000020773	ENSMUSP00000102049 	Trim47
ENSMUSG00000028696	ENSMUSP00000102088 	Ipp
ENSMUSG00000016940	ENSMUSP00000102143 	Kctd2
ENSMUSG00000016940	ENSMUSP00000102144 	Kctd2
ENSMUSG00000059263	ENSMUSP00000102263 	Usp47
ENSMUSG00000059263	ENSMUSP00000102264 	Usp47
ENSMUSG00000030788	ENSMUSP00000102293 	Rnf141
ENSMUSG00000031026	ENSMUSP00000102352 	Trim66
ENSMUSG00000036989	ENSMUSP00000102401 	Trim3
ENSMUSG00000036989	ENSMUSP00000102403 	Trim3
ENSMUSG00000036989	ENSMUSP00000102404 	Trim3
ENSMUSG00000062369	ENSMUSP00000102427 	Dub1a
ENSMUSG00000078616	ENSMUSP00000102441 	Trim30c
ENSMUSG00000052749	ENSMUSP00000102444 	Trim30b
ENSMUSG00000066258	ENSMUSP00000102450 	Trim12a
ENSMUSG00000066258	ENSMUSP00000102452 	Trim12a
ENSMUSG00000060441	ENSMUSP00000102457 	Trim5
ENSMUSG00000090215	ENSMUSP00000102460 	Trim34b
ENSMUSG00000056144	ENSMUSP00000102461 	Trim34a
ENSMUSG00000056144	ENSMUSP00000102462 	Trim34a
ENSMUSG00000056144	ENSMUSP00000102467 	Trim34a
ENSMUSG00000033014	ENSMUSP00000102473 	Trim33
ENSMUSG00000058976	ENSMUSP00000102505 	Usp17l5
ENSMUSG00000030966	ENSMUSP00000102526 	Trim21
ENSMUSG00000070426	ENSMUSP00000102566 	Rnf121
ENSMUSG00000069733	ENSMUSP00000102592 	Ube2u
ENSMUSG00000033233	ENSMUSP00000102593 	Trim45
ENSMUSG00000028101	ENSMUSP00000102691 	Pias3
ENSMUSG00000028101	ENSMUSP00000102692 	Pias3
ENSMUSG00000051675	ENSMUSP00000102989 	Trim32
ENSMUSG00000001558	ENSMUSP00000103018 	Klhl10
ENSMUSG00000028042	ENSMUSP00000103055 	Zbtb7b
ENSMUSG00000028042	ENSMUSP00000103056 	Zbtb7b
ENSMUSG00000028042	ENSMUSP00000103058 	Zbtb7b
ENSMUSG00000063851	ENSMUSP00000103078 	Rnf183
ENSMUSG00000063851	ENSMUSP00000103079 	Rnf183
ENSMUSG00000042766	ENSMUSP00000103087 	Trim46
ENSMUSG00000042766	ENSMUSP00000103088 	Trim46
ENSMUSG00000025326	ENSMUSP00000103161 	Ube3a
ENSMUSG00000028086	ENSMUSP00000103302 	Fbxw7
ENSMUSG00000028086	ENSMUSP00000103305 	Fbxw7
ENSMUSG00000028086	ENSMUSP00000103306 	Fbxw7
ENSMUSG00000027993	ENSMUSP00000103319 	Trim2
ENSMUSG00000027993	ENSMUSP00000103320 	Trim2
ENSMUSG00000027993	ENSMUSP00000103321 	Trim2
ENSMUSG00000027993	ENSMUSP00000103323 	Trim2
ENSMUSG00000057522	ENSMUSP00000103350 	Spop
ENSMUSG00000057522	ENSMUSP00000103352 	Spop
ENSMUSG00000038201	ENSMUSP00000103403 	Kcna7
ENSMUSG00000034317	ENSMUSP00000103432 	Trim59
ENSMUSG00000049657	ENSMUSP00000103447 	Zbtb5
ENSMUSG00000003421	ENSMUSP00000103460 	Nosip
ENSMUSG00000003421	ENSMUSP00000103461 	Nosip
ENSMUSG00000035696	ENSMUSP00000103467 	Rnf38
ENSMUSG00000000275	ENSMUSP00000103527 	Trim25
ENSMUSG00000000275	ENSMUSP00000103528 	Trim25
ENSMUSG00000062785	ENSMUSP00000103538 	Kcnc3
ENSMUSG00000062785	ENSMUSP00000103539 	Kcnc3
ENSMUSG00000062785	ENSMUSP00000103540 	Kcnc3
ENSMUSG00000030499	ENSMUSP00000103704 	Kctd15
ENSMUSG00000030499	ENSMUSP00000103705 	Kctd15
ENSMUSG00000000804	ENSMUSP00000103710 	Usp32
ENSMUSG00000018733	ENSMUSP00000103781 	Pex12
ENSMUSG00000006310	ENSMUSP00000103786 	Zbtb32
ENSMUSG00000020696	ENSMUSP00000103808 	Rffl
ENSMUSG00000040270	ENSMUSP00000103814 	Bach2
ENSMUSG00000040270	ENSMUSP00000103815 	Bach2
ENSMUSG00000040387	ENSMUSP00000103848 	Klhl32
ENSMUSG00000040387	ENSMUSP00000103849 	Klhl32
ENSMUSG00000040387	ENSMUSP00000103852 	Klhl32
ENSMUSG00000040387	ENSMUSP00000103853 	Klhl32
ENSMUSG00000056900	ENSMUSP00000103863 	Usp13
ENSMUSG00000030584	ENSMUSP00000103865 	Dpf1
ENSMUSG00000030584	ENSMUSP00000103866 	Dpf1
ENSMUSG00000040455	ENSMUSP00000103867 	Usp45
ENSMUSG00000041058	ENSMUSP00000103881 	Wwp1
ENSMUSG00000017615	ENSMUSP00000103912 	Tnfaip1
ENSMUSG00000030598	ENSMUSP00000103913 	Fbxo17
ENSMUSG00000030598	ENSMUSP00000103914 	Fbxo17
ENSMUSG00000037463	ENSMUSP00000103916 	Fbxo27
ENSMUSG00000070388	ENSMUSP00000104144 	Fbxo39
ENSMUSG00000018750	ENSMUSP00000104278 	Zbtb4
ENSMUSG00000018750	ENSMUSP00000104279 	Zbtb4
ENSMUSG00000018750	ENSMUSP00000104280 	Zbtb4
ENSMUSG00000018750	ENSMUSP00000104282 	Zbtb4
ENSMUSG00000018474	ENSMUSP00000104301 	Chd3
ENSMUSG00000020905	ENSMUSP00000104317 	Usp43
ENSMUSG00000020455	ENSMUSP00000104437 	Trim11
ENSMUSG00000020455	ENSMUSP00000104438 	Trim11
ENSMUSG00000038840	ENSMUSP00000104503 	Birc7
ENSMUSG00000031826	ENSMUSP00000104610 	Usp10
ENSMUSG00000031826	ENSMUSP00000104616 	Usp10
ENSMUSG00000036309	ENSMUSP00000104700 	Skp1a
ENSMUSG00000020390	ENSMUSP00000104714 	Ube2b
ENSMUSG00000039738	ENSMUSP00000104809 	Slx4
ENSMUSG00000074575	ENSMUSP00000104815 	Kcng1
ENSMUSG00000078923	ENSMUSP00000104830 	Ube2v1
ENSMUSG00000006418	ENSMUSP00000104837 	Rnf114
ENSMUSG00000040350	ENSMUSP00000104838 	Trim7
ENSMUSG00000033228	ENSMUSP00000104853 	Scaf11
ENSMUSG00000021754	ENSMUSP00000104890 	Map3k1
ENSMUSG00000020271	ENSMUSP00000104991 	Fbxw11
ENSMUSG00000004018	ENSMUSP00000105135 	Fancl
ENSMUSG00000031667	ENSMUSP00000105238 	Aktip
ENSMUSG00000036712	ENSMUSP00000105254 	Cyld
ENSMUSG00000044966	ENSMUSP00000105263 	Fbxo48
ENSMUSG00000045333	ENSMUSP00000105282 	Zfp423
ENSMUSG00000027598	ENSMUSP00000105307 	Itch
ENSMUSG00000041164	ENSMUSP00000105408 	Zmiz2
ENSMUSG00000041164	ENSMUSP00000105409 	Zmiz2
ENSMUSG00000041164	ENSMUSP00000105410 	Zmiz2
ENSMUSG00000027466	ENSMUSP00000105473 	Rbck1
ENSMUSG00000041961	ENSMUSP00000105493 	Znrf3
ENSMUSG00000020448	ENSMUSP00000105653 	Rnf185
ENSMUSG00000020453	ENSMUSP00000105670 	Patz1
ENSMUSG00000020453	ENSMUSP00000105672 	Patz1
ENSMUSG00000038068	ENSMUSP00000105738 	Rnf144b
ENSMUSG00000048911	ENSMUSP00000105823 	Rnf24
ENSMUSG00000036469	ENSMUSP00000105882 	March1
ENSMUSG00000036469	ENSMUSP00000105884 	March1
ENSMUSG00000036469	ENSMUSP00000105885 	March1
ENSMUSG00000036469	ENSMUSP00000105887 	March1
ENSMUSG00000036469	ENSMUSP00000105888 	March1
ENSMUSG00000031642	ENSMUSP00000105920 	Sh3rf1
ENSMUSG00000038206	ENSMUSP00000105951 	Fbxo8
ENSMUSG00000027363	ENSMUSP00000106046 	Usp8
ENSMUSG00000021301	ENSMUSP00000106145 	Hecw1
ENSMUSG00000021071	ENSMUSP00000106149 	Trim9
ENSMUSG00000021071	ENSMUSP00000106151 	Trim9
ENSMUSG00000013878	ENSMUSP00000106204 	Rnf170
ENSMUSG00000013878	ENSMUSP00000106206 	Rnf170
ENSMUSG00000013878	ENSMUSP00000106208 	Rnf170
ENSMUSG00000054115	ENSMUSP00000106215 	Skp2
ENSMUSG00000021156	ENSMUSP00000106263 	Zmynd11
ENSMUSG00000021156	ENSMUSP00000106265 	Zmynd11
ENSMUSG00000038780	ENSMUSP00000106305 	Smurf1
ENSMUSG00000066640	ENSMUSP00000106394 	Fbxl18
ENSMUSG00000019494	ENSMUSP00000106576 	Cops6
ENSMUSG00000022106	ENSMUSP00000106577 	Rcbtb2
ENSMUSG00000027180	ENSMUSP00000106765 	Fbxo3
ENSMUSG00000027180	ENSMUSP00000106766 	Fbxo3
ENSMUSG00000004947	ENSMUSP00000106772 	Dtx2
ENSMUSG00000004947	ENSMUSP00000106774 	Dtx2
ENSMUSG00000004947	ENSMUSP00000106775 	Dtx2
ENSMUSG00000053388	ENSMUSP00000106811 	Trim50
ENSMUSG00000035469	ENSMUSP00000106886 	Rcbtb1
ENSMUSG00000058318	ENSMUSP00000106923 	Phf21a
ENSMUSG00000058318	ENSMUSP00000106924 	Phf21a
ENSMUSG00000058318	ENSMUSP00000106925 	Phf21a
ENSMUSG00000053483	ENSMUSP00000106936 	Usp21
ENSMUSG00000053483	ENSMUSP00000106938 	Usp21
ENSMUSG00000002104	ENSMUSP00000107072 	Rapsn
ENSMUSG00000002104	ENSMUSP00000107073 	Rapsn
ENSMUSG00000033417	ENSMUSP00000107086 	2700078E11Rik
ENSMUSG00000005505	ENSMUSP00000107089 	Kbtbd4
ENSMUSG00000071425	ENSMUSP00000107104 	Gm10332
ENSMUSG00000026705	ENSMUSP00000107238 	Klhl20
ENSMUSG00000029458	ENSMUSP00000107395 	Brap
ENSMUSG00000006435	ENSMUSP00000107438 	Neurl1a
ENSMUSG00000006435	ENSMUSP00000107439 	Neurl1a
ENSMUSG00000079259	ENSMUSP00000107447 	Trim71
ENSMUSG00000023150	ENSMUSP00000107518 	Ivns1abp
ENSMUSG00000054792	ENSMUSP00000107564 	Klhl18
ENSMUSG00000054792	ENSMUSP00000107565 	Klhl18
ENSMUSG00000025217	ENSMUSP00000107567 	Btrc
ENSMUSG00000025217	ENSMUSP00000107571 	Btrc
ENSMUSG00000029364	ENSMUSP00000107590 	Wsb2
ENSMUSG00000079284	ENSMUSP00000107670 	Fbxw28
ENSMUSG00000079284	ENSMUSP00000107671 	Fbxw28
ENSMUSG00000054087	ENSMUSP00000107672 	Fbxw14
ENSMUSG00000021902	ENSMUSP00000107682 	Phf7
ENSMUSG00000041740	ENSMUSP00000107725 	Rnf10
ENSMUSG00000041740	ENSMUSP00000107726 	Rnf10
ENSMUSG00000035299	ENSMUSP00000107732 	Mid1
ENSMUSG00000035299	ENSMUSP00000107733 	Mid1
ENSMUSG00000079303	ENSMUSP00000107756 	Zfp131
ENSMUSG00000079303	ENSMUSP00000107761 	Zfp131
ENSMUSG00000026455	ENSMUSP00000107851 	Klhl12
ENSMUSG00000038077	ENSMUSP00000107861 	Kcna6
ENSMUSG00000044308	ENSMUSP00000107870 	Ubr3
ENSMUSG00000023307	ENSMUSP00000108010 	March5
ENSMUSG00000014668	ENSMUSP00000108138 	Chfr
ENSMUSG00000041633	ENSMUSP00000108191 	Kctd12b
ENSMUSG00000033623	ENSMUSP00000108216 	Pcgf3
ENSMUSG00000025261	ENSMUSP00000108241 	Huwe1
ENSMUSG00000049672	ENSMUSP00000108294 	Zfp161
ENSMUSG00000049672	ENSMUSP00000108296 	Zfp161
ENSMUSG00000029312	ENSMUSP00000108436 	Klhl8
ENSMUSG00000066798	ENSMUSP00000108554 	Zbtb6
ENSMUSG00000075376	ENSMUSP00000108556 	Rc3h2
ENSMUSG00000075376	ENSMUSP00000108558 	Rc3h2
ENSMUSG00000051234	ENSMUSP00000108581 	Rnf7
ENSMUSG00000000266	ENSMUSP00000108612 	Mid2
ENSMUSG00000000266	ENSMUSP00000108614 	Mid2
ENSMUSG00000000266	ENSMUSP00000108617 	Mid2
ENSMUSG00000031438	ENSMUSP00000108649 	Rnf128
ENSMUSG00000031438	ENSMUSP00000108650 	Rnf128
ENSMUSG00000001228	ENSMUSP00000108658 	Uhrf1
ENSMUSG00000001228	ENSMUSP00000108661 	Uhrf1
ENSMUSG00000001228	ENSMUSP00000108662 	Uhrf1
ENSMUSG00000035949	ENSMUSP00000108698 	Fbxw2
ENSMUSG00000035949	ENSMUSP00000108700 	Fbxw2
ENSMUSG00000035949	ENSMUSP00000108701 	Fbxw2
ENSMUSG00000035949	ENSMUSP00000108703 	Fbxw2
ENSMUSG00000035949	ENSMUSP00000108704 	Fbxw2
ENSMUSG00000024740	ENSMUSP00000108705 	Ddb1
ENSMUSG00000005501	ENSMUSP00000108778 	Usp40
ENSMUSG00000026788	ENSMUSP00000108781 	Zbtb43
ENSMUSG00000068966	ENSMUSP00000108783 	Zbtb34
ENSMUSG00000030254	ENSMUSP00000108803 	Rad18
ENSMUSG00000030254	ENSMUSP00000108805 	Rad18
ENSMUSG00000030254	ENSMUSP00000108807 	Rad18
ENSMUSG00000026792	ENSMUSP00000108825 	Lrsam1
ENSMUSG00000031255	ENSMUSP00000108919 	Sytl4
ENSMUSG00000031255	ENSMUSP00000108922 	Sytl4
ENSMUSG00000023977	ENSMUSP00000108961 	Ubr2
ENSMUSG00000023977	ENSMUSP00000108963 	Ubr2
ENSMUSG00000025597	ENSMUSP00000108997 	Klhl4
ENSMUSG00000025597	ENSMUSP00000108998 	Klhl4
ENSMUSG00000035898	ENSMUSP00000109000 	Uba6
ENSMUSG00000040327	ENSMUSP00000109068 	Cul9
ENSMUSG00000031229	ENSMUSP00000109203 	Atrx
ENSMUSG00000032217	ENSMUSP00000109225 	Rnf111
ENSMUSG00000001157	ENSMUSP00000109309 	Gmcl1
ENSMUSG00000045409	ENSMUSP00000109336 	Trim39
ENSMUSG00000026171	ENSMUSP00000109350 	Rnf25
ENSMUSG00000046962	ENSMUSP00000109363 	Zfp295
ENSMUSG00000034403	ENSMUSP00000109420 	Pja1
ENSMUSG00000034403	ENSMUSP00000109421 	Pja1
ENSMUSG00000034403	ENSMUSP00000109423 	Pja1
ENSMUSG00000034403	ENSMUSP00000109428 	Pja1
ENSMUSG00000043929	ENSMUSP00000109541 	Klhl15
ENSMUSG00000043929	ENSMUSP00000109544 	Klhl15
ENSMUSG00000043929	ENSMUSP00000109548 	Klhl15
ENSMUSG00000043929	ENSMUSP00000109549 	Klhl15
ENSMUSG00000039753	ENSMUSP00000109681 	Fbxl5
ENSMUSG00000031201	ENSMUSP00000109708 	Brcc3
ENSMUSG00000031201	ENSMUSP00000109709 	Brcc3
ENSMUSG00000055850	ENSMUSP00000109729 	Rnf181
ENSMUSG00000029127	ENSMUSP00000109748 	Zbtb49
ENSMUSG00000036986	ENSMUSP00000109771 	Pml
ENSMUSG00000026932	ENSMUSP00000109796 	Nacc2
ENSMUSG00000052656	ENSMUSP00000109817 	Rnf103
ENSMUSG00000026942	ENSMUSP00000109872 	Traf2
ENSMUSG00000029804	ENSMUSP00000109925 	Herc3
ENSMUSG00000059486	ENSMUSP00000109960 	Kbtbd2
ENSMUSG00000059486	ENSMUSP00000109962 	Kbtbd2
ENSMUSG00000044628	ENSMUSP00000109995 	Rnf208
ENSMUSG00000054770	ENSMUSP00000110052 	Kctd18
ENSMUSG00000079562	ENSMUSP00000110093 	Maea
ENSMUSG00000022637	ENSMUSP00000110115 	Cblb
ENSMUSG00000064061	ENSMUSP00000110161 	Dzip3
ENSMUSG00000062077	ENSMUSP00000110284 	Trim54
ENSMUSG00000062077	ENSMUSP00000110285 	Trim54
ENSMUSG00000026739	ENSMUSP00000110300 	Bmi1
ENSMUSG00000022708	ENSMUSP00000110338 	Zbtb20
ENSMUSG00000022708	ENSMUSP00000110339 	Zbtb20
ENSMUSG00000022708	ENSMUSP00000110342 	Zbtb20
ENSMUSG00000022708	ENSMUSP00000110343 	Zbtb20
ENSMUSG00000025423	ENSMUSP00000110424 	Pias2
ENSMUSG00000025423	ENSMUSP00000110425 	Pias2
ENSMUSG00000047746	ENSMUSP00000110454 	Fbxo40
ENSMUSG00000058594	ENSMUSP00000110461 	Fbxo18
ENSMUSG00000029922	ENSMUSP00000110471 	Mkrn1
ENSMUSG00000053128	ENSMUSP00000110478 	Rnf26
ENSMUSG00000032010	ENSMUSP00000110479 	Usp2
ENSMUSG00000055780	ENSMUSP00000110519 	Usp26
ENSMUSG00000049502	ENSMUSP00000110535 	Dtx3l
ENSMUSG00000038784	ENSMUSP00000110640 	Cnot4
ENSMUSG00000038784	ENSMUSP00000110645 	Cnot4
ENSMUSG00000025860	ENSMUSP00000110746 	Xiap
ENSMUSG00000025860	ENSMUSP00000110747 	Xiap
ENSMUSG00000031095	ENSMUSP00000110771 	Cul4b
ENSMUSG00000048047	ENSMUSP00000110795 	Zbtb33
ENSMUSG00000047412	ENSMUSP00000110877 	Zbtb44
ENSMUSG00000048520	ENSMUSP00000110889 	Fbxl13
ENSMUSG00000036782	ENSMUSP00000110968 	Klhl13
ENSMUSG00000036782	ENSMUSP00000110971 	Klhl13
ENSMUSG00000036782	ENSMUSP00000110972 	Klhl13
ENSMUSG00000036782	ENSMUSP00000110974 	Klhl13
ENSMUSG00000079658	ENSMUSP00000111009 	Tceb1
ENSMUSG00000051956	ENSMUSP00000111011 	Rnf133
ENSMUSG00000072082	ENSMUSP00000111048 	Ccnf
ENSMUSG00000033653	ENSMUSP00000111055 	Vps8
ENSMUSG00000031010	ENSMUSP00000111126 	Usp9x
ENSMUSG00000029629	ENSMUSP00000111173 	Phf14
ENSMUSG00000031154	ENSMUSP00000111329 	Otud5
ENSMUSG00000031154	ENSMUSP00000111330 	Otud5
ENSMUSG00000031154	ENSMUSP00000111331 	Otud5
ENSMUSG00000031154	ENSMUSP00000111332 	Otud5
ENSMUSG00000032000	ENSMUSP00000111338 	Birc3
ENSMUSG00000022761	ENSMUSP00000111345 	Lztr1
ENSMUSG00000050240	ENSMUSP00000111362 	Hic2
ENSMUSG00000038965	ENSMUSP00000111363 	Ube2l3
ENSMUSG00000038965	ENSMUSP00000111364 	Ube2l3
ENSMUSG00000022771	ENSMUSP00000111384 	Ppil2
ENSMUSG00000022771	ENSMUSP00000111386 	Ppil2
ENSMUSG00000046269	ENSMUSP00000111409 	Usp27x
ENSMUSG00000022674	ENSMUSP00000111443 	Ube2v2
ENSMUSG00000022710	ENSMUSP00000111502 	Usp7
ENSMUSG00000024231	ENSMUSP00000111538 	Cul2
ENSMUSG00000069053	ENSMUSP00000111560 	Ube1y1
ENSMUSG00000079840	ENSMUSP00000111627 	Zfp131
ENSMUSG00000079840	ENSMUSP00000111629 	Zfp131
ENSMUSG00000070661	ENSMUSP00000111780 	Rnf186
ENSMUSG00000040415	ENSMUSP00000111937 	Dtx3
ENSMUSG00000026455	ENSMUSP00000112227 	Klhl12
ENSMUSG00000031201	ENSMUSP00000112264 	Brcc3
ENSMUSG00000032405	ENSMUSP00000112265 	Pias1
ENSMUSG00000047879	ENSMUSP00000112368 	Usp14
ENSMUSG00000031667	ENSMUSP00000112375 	Aktip
ENSMUSG00000022750	ENSMUSP00000112412 	Klhl22
ENSMUSG00000039753	ENSMUSP00000112444 	Fbxl5
ENSMUSG00000021277	ENSMUSP00000112517 	Traf3
ENSMUSG00000035509	ENSMUSP00000112518 	Fbxl21
ENSMUSG00000031446	ENSMUSP00000112525 	Cul4a
ENSMUSG00000025340	ENSMUSP00000112537 	Rabgef1
ENSMUSG00000033182	ENSMUSP00000112581 	Kbtbd12
ENSMUSG00000059890	ENSMUSP00000112632 	Ube4a
ENSMUSG00000033653	ENSMUSP00000112636 	Vps8
ENSMUSG00000042744	ENSMUSP00000112647 	Gm15800
ENSMUSG00000035509	ENSMUSP00000112714 	Fbxl21
ENSMUSG00000025939	ENSMUSP00000112741 	Ube2w
ENSMUSG00000038204	ENSMUSP00000112743 	Asb10
ENSMUSG00000032307	ENSMUSP00000112745 	Ube2q2
ENSMUSG00000034177	ENSMUSP00000112748 	Rnf43
ENSMUSG00000079605	ENSMUSP00000112778 	Zbtb9
ENSMUSG00000023286	ENSMUSP00000112785 	Ube2j2
ENSMUSG00000038695	ENSMUSP00000112796 	Josd2
ENSMUSG00000040785	ENSMUSP00000112801 	Ttc3
ENSMUSG00000056537	ENSMUSP00000112820 	Rlim
ENSMUSG00000022043	ENSMUSP00000112877 	Trim35
ENSMUSG00000005936	ENSMUSP00000112890 	Kctd20
ENSMUSG00000032850	ENSMUSP00000112903 	Rnft2
ENSMUSG00000033653	ENSMUSP00000112937 	Vps8
ENSMUSG00000024776	ENSMUSP00000112938 	Stambpl1
ENSMUSG00000054087	ENSMUSP00000112951 	Fbxw14
ENSMUSG00000005936	ENSMUSP00000112957 	Kctd20
ENSMUSG00000029685	ENSMUSP00000112965 	Asb15
ENSMUSG00000029228	ENSMUSP00000113035 	Lnx1
ENSMUSG00000029833	ENSMUSP00000113063 	Trim24
ENSMUSG00000038695	ENSMUSP00000113172 	Josd2
ENSMUSG00000035293	ENSMUSP00000113191 	G2e3
ENSMUSG00000001786	ENSMUSP00000113222 	Fbxo7
ENSMUSG00000038695	ENSMUSP00000113226 	Josd2
ENSMUSG00000001786	ENSMUSP00000113263 	Fbxo7
ENSMUSG00000025437	ENSMUSP00000113265 	Usp33
ENSMUSG00000035293	ENSMUSP00000113270 	G2e3
ENSMUSG00000042807	ENSMUSP00000113283 	Hecw2
ENSMUSG00000038695	ENSMUSP00000113313 	Josd2
ENSMUSG00000038204	ENSMUSP00000113328 	Asb10
ENSMUSG00000032307	ENSMUSP00000113336 	Ube2q2
ENSMUSG00000064061	ENSMUSP00000113344 	Dzip3
ENSMUSG00000059890	ENSMUSP00000113346 	Ube4a
ENSMUSG00000020027	ENSMUSP00000113378 	Socs2
ENSMUSG00000031667	ENSMUSP00000113379 	Aktip
ENSMUSG00000035011	ENSMUSP00000113428 	Zbtb7a
ENSMUSG00000040896	ENSMUSP00000113436 	Kcnd3
ENSMUSG00000033653	ENSMUSP00000113447 	Vps8
ENSMUSG00000027011	ENSMUSP00000113463 	Ube2e3
ENSMUSG00000024826	ENSMUSP00000113465 	Dpf2
ENSMUSG00000032030	ENSMUSP00000113490 	Cul5
ENSMUSG00000038187	ENSMUSP00000113496 	Btbd10
ENSMUSG00000040550	ENSMUSP00000113553 	Otud6b
ENSMUSG00000039753	ENSMUSP00000113557 	Fbxl5
ENSMUSG00000047237	ENSMUSP00000113597 	Fbxw21
ENSMUSG00000035011	ENSMUSP00000113612 	Zbtb7a
ENSMUSG00000038187	ENSMUSP00000113632 	Btbd10
ENSMUSG00000029203	ENSMUSP00000113645 	Ube2k
ENSMUSG00000030031	ENSMUSP00000113739 	Kbtbd8
ENSMUSG00000005936	ENSMUSP00000113740 	Kctd20
ENSMUSG00000032850	ENSMUSP00000113749 	Rnft2
ENSMUSG00000042514	ENSMUSP00000113755 	Klhl14
ENSMUSG00000051727	ENSMUSP00000113765 	Kctd14
ENSMUSG00000031667	ENSMUSP00000113769 	Aktip
ENSMUSG00000035011	ENSMUSP00000113787 	Zbtb7a
ENSMUSG00000038429	ENSMUSP00000114000 	Usp5
ENSMUSG00000026705	ENSMUSP00000114044 	Klhl20
ENSMUSG00000029475	ENSMUSP00000114049 	Kdm2b
ENSMUSG00000029475	ENSMUSP00000114052 	Kdm2b
ENSMUSG00000031201	ENSMUSP00000114057 	Brcc3
ENSMUSG00000025616	ENSMUSP00000114058 	Usp16
ENSMUSG00000054814	ENSMUSP00000114060 	Usp46
ENSMUSG00000032507	ENSMUSP00000114075 	Fbxl2
ENSMUSG00000025340	ENSMUSP00000114103 	Rabgef1
ENSMUSG00000038695	ENSMUSP00000114105 	Josd2
ENSMUSG00000022750	ENSMUSP00000114115 	Klhl22
ENSMUSG00000058317	ENSMUSP00000114162 	Ube2e2
ENSMUSG00000043262	ENSMUSP00000114168 	Uevld
ENSMUSG00000023286	ENSMUSP00000114235 	Ube2j2
ENSMUSG00000034928	ENSMUSP00000114259 	Rnf44
ENSMUSG00000024294	ENSMUSP00000114289 	Mib1
ENSMUSG00000040433	ENSMUSP00000114300 	Zbtb38
ENSMUSG00000072889	ENSMUSP00000114355 	Nfxl1
ENSMUSG00000037990	ENSMUSP00000114368 	Sh3rf3
ENSMUSG00000054814	ENSMUSP00000114395 	Usp46
ENSMUSG00000035011	ENSMUSP00000114470 	Zbtb7a
ENSMUSG00000034327	ENSMUSP00000114489 	Kctd9
ENSMUSG00000018474	ENSMUSP00000114520 	Chd3
ENSMUSG00000024457	ENSMUSP00000114565 	Trim26
ENSMUSG00000029001	ENSMUSP00000114571 	Fbxo44
ENSMUSG00000003421	ENSMUSP00000114617 	Nosip
ENSMUSG00000033653	ENSMUSP00000114719 	Vps8
ENSMUSG00000028952	ENSMUSP00000114726 	Zbtb48
ENSMUSG00000078923	ENSMUSP00000114764 	Ube2v1
ENSMUSG00000040415	ENSMUSP00000114776 	Dtx3
ENSMUSG00000036989	ENSMUSP00000114822 	Trim3
ENSMUSG00000024807	ENSMUSP00000114843 	Syvn1
ENSMUSG00000040749	ENSMUSP00000114867 	Siah1b
ENSMUSG00000024457	ENSMUSP00000114896 	Trim26
ENSMUSG00000038695	ENSMUSP00000114900 	Josd2
ENSMUSG00000024807	ENSMUSP00000114960 	Syvn1
ENSMUSG00000026771	ENSMUSP00000114974 	Spopl
ENSMUSG00000056153	ENSMUSP00000114993 	Socs6
ENSMUSG00000070327	ENSMUSP00000115063 	Rnf213
ENSMUSG00000002222	ENSMUSP00000115130 	Rmnd5a
ENSMUSG00000056342	ENSMUSP00000115168 	Usp34
ENSMUSG00000055850	ENSMUSP00000115187 	Rnf181
ENSMUSG00000024767	ENSMUSP00000115195 	Otub1
ENSMUSG00000029922	ENSMUSP00000115231 	Mkrn1
ENSMUSG00000033313	ENSMUSP00000115366 	Fbxl8
ENSMUSG00000048696	ENSMUSP00000115410 	Mex3d
ENSMUSG00000028042	ENSMUSP00000115425 	Zbtb7b
ENSMUSG00000013878	ENSMUSP00000115452 	Rnf170
ENSMUSG00000025702	ENSMUSP00000115510 	March8
ENSMUSG00000029127	ENSMUSP00000115513 	Zbtb49
ENSMUSG00000022684	ENSMUSP00000115585 	Bfar
ENSMUSG00000013878	ENSMUSP00000115588 	Rnf170
ENSMUSG00000033233	ENSMUSP00000115669 	Trim45
ENSMUSG00000021203	ENSMUSP00000115673 	Otub2
ENSMUSG00000018750	ENSMUSP00000115687 	Zbtb4
ENSMUSG00000066036	ENSMUSP00000115711 	Ubr4
ENSMUSG00000058317	ENSMUSP00000115738 	Ube2e2
ENSMUSG00000028277	ENSMUSP00000115757 	Ube2j1
ENSMUSG00000028557	ENSMUSP00000115779 	Rnf11
ENSMUSG00000014074	ENSMUSP00000115807 	Rnf168
ENSMUSG00000048175	ENSMUSP00000115813 	Asb8
ENSMUSG00000022124	ENSMUSP00000115843 	Fbxl3
ENSMUSG00000016940	ENSMUSP00000115862 	Kctd2
ENSMUSG00000027993	ENSMUSP00000115914 	Trim2
ENSMUSG00000013878	ENSMUSP00000115959 	Rnf170
ENSMUSG00000022124	ENSMUSP00000116044 	Fbxl3
ENSMUSG00000072244	ENSMUSP00000116233 	Trim6
ENSMUSG00000025616	ENSMUSP00000116323 	Usp16
ENSMUSG00000028952	ENSMUSP00000116423 	Zbtb48
ENSMUSG00000078923	ENSMUSP00000116578 	Ube2v1
ENSMUSG00000021156	ENSMUSP00000116635 	Zmynd11
ENSMUSG00000057143	ENSMUSP00000116775 	Trim12c
ENSMUSG00000036986	ENSMUSP00000116787 	Pml
ENSMUSG00000037463	ENSMUSP00000116838 	Fbxo27
ENSMUSG00000034928	ENSMUSP00000116850 	Rnf44
ENSMUSG00000027364	ENSMUSP00000116873 	Usp50
ENSMUSG00000026977	ENSMUSP00000116925 	March7
ENSMUSG00000026171	ENSMUSP00000116973 	Rnf25
ENSMUSG00000029001	ENSMUSP00000117013 	Fbxo44
ENSMUSG00000029228	ENSMUSP00000117021 	Lnx1
ENSMUSG00000029127	ENSMUSP00000117174 	Zbtb49
ENSMUSG00000078218	ENSMUSP00000117303 	Gm3706
ENSMUSG00000032309	ENSMUSP00000117341 	Fbxo22
ENSMUSG00000021156	ENSMUSP00000117375 	Zmynd11
ENSMUSG00000021200	ENSMUSP00000117595 	Asb2
ENSMUSG00000048814	ENSMUSP00000117600 	Lonrf2
ENSMUSG00000056900	ENSMUSP00000117605 	Usp13
ENSMUSG00000047648	ENSMUSP00000117687 	Fbxo30
ENSMUSG00000022124	ENSMUSP00000117701 	Fbxl3
ENSMUSG00000090083	ENSMUSP00000117838 	Rnf8
ENSMUSG00000090173	ENSMUSP00000117872 	Fbxw10
ENSMUSG00000043279	ENSMUSP00000117874 	Trim56
ENSMUSG00000029127	ENSMUSP00000117913 	Zbtb49
ENSMUSG00000038822	ENSMUSP00000117985 	Hace1
ENSMUSG00000021156	ENSMUSP00000118002 	Zmynd11
ENSMUSG00000018750	ENSMUSP00000118027 	Zbtb4
ENSMUSG00000025597	ENSMUSP00000118072 	Klhl4
ENSMUSG00000047098	ENSMUSP00000118215 	Rnf31
ENSMUSG00000020790	ENSMUSP00000118252 	Ankfy1
ENSMUSG00000026739	ENSMUSP00000118273 	Bmi1
ENSMUSG00000058317	ENSMUSP00000118321 	Ube2e2
ENSMUSG00000028277	ENSMUSP00000118333 	Ube2j1
ENSMUSG00000066892	ENSMUSP00000118369 	Fbxl12
ENSMUSG00000024457	ENSMUSP00000118388 	Trim26
ENSMUSG00000089739	ENSMUSP00000118416 	Gm20431
ENSMUSG00000038611	ENSMUSP00000118425 	Phrf1
ENSMUSG00000024457	ENSMUSP00000118438 	Trim26
ENSMUSG00000034928	ENSMUSP00000118474 	Rnf44
ENSMUSG00000038822	ENSMUSP00000118554 	Hace1
ENSMUSG00000022761	ENSMUSP00000118569 	Lztr1
ENSMUSG00000029458	ENSMUSP00000118574 	Brap
ENSMUSG00000027466	ENSMUSP00000118592 	Rbck1
ENSMUSG00000001054	ENSMUSP00000118594 	Rmnd5b
ENSMUSG00000040350	ENSMUSP00000118669 	Trim7
ENSMUSG00000013878	ENSMUSP00000118689 	Rnf170
ENSMUSG00000022750	ENSMUSP00000118696 	Klhl22
ENSMUSG00000022269	ENSMUSP00000118729 	March11
ENSMUSG00000026739	ENSMUSP00000118730 	Bmi1
ENSMUSG00000020790	ENSMUSP00000118751 	Ankfy1
ENSMUSG00000056153	ENSMUSP00000118764 	Socs6
ENSMUSG00000040365	ENSMUSP00000118789 	Trim41
ENSMUSG00000072244	ENSMUSP00000118859 	Trim6
ENSMUSG00000027993	ENSMUSP00000118888 	Trim2
ENSMUSG00000054792	ENSMUSP00000118891 	Klhl18
ENSMUSG00000036986	ENSMUSP00000118955 	Pml
ENSMUSG00000021156	ENSMUSP00000118964 	Zmynd11
ENSMUSG00000048047	ENSMUSP00000118993 	Zbtb33
ENSMUSG00000020883	ENSMUSP00000119003 	Fbxl20
ENSMUSG00000021277	ENSMUSP00000119010 	Traf3
ENSMUSG00000066892	ENSMUSP00000119124 	Fbxl12
ENSMUSG00000060441	ENSMUSP00000119127 	Trim5
ENSMUSG00000022750	ENSMUSP00000119191 	Klhl22
ENSMUSG00000026854	ENSMUSP00000119197 	Usp20
ENSMUSG00000025340	ENSMUSP00000119245 	Rabgef1
ENSMUSG00000042766	ENSMUSP00000119270 	Trim46
ENSMUSG00000031667	ENSMUSP00000119277 	Aktip
ENSMUSG00000026739	ENSMUSP00000119331 	Bmi1
ENSMUSG00000069114	ENSMUSP00000119386 	Zbtb10
ENSMUSG00000034552	ENSMUSP00000119439 	Zswim2
ENSMUSG00000048175	ENSMUSP00000119481 	Asb8
ENSMUSG00000051675	ENSMUSP00000119579 	Trim32
ENSMUSG00000028793	ENSMUSP00000119611 	Rnf19b
ENSMUSG00000003199	ENSMUSP00000119745 	Mpnd
ENSMUSG00000034317	ENSMUSP00000119748 	Trim59
ENSMUSG00000013878	ENSMUSP00000119906 	Rnf170
ENSMUSG00000036989	ENSMUSP00000119910 	Trim3
ENSMUSG00000072244	ENSMUSP00000119932 	Trim6
ENSMUSG00000090115	ENSMUSP00000120034 	Usp49
ENSMUSG00000040433	ENSMUSP00000120040 	Zbtb38
ENSMUSG00000024826	ENSMUSP00000120125 	Dpf2
ENSMUSG00000000731	ENSMUSP00000120150 	Aire
ENSMUSG00000053483	ENSMUSP00000120161 	Usp21
ENSMUSG00000038685	ENSMUSP00000120162 	Rtel1
ENSMUSG00000026932	ENSMUSP00000120198 	Nacc2
ENSMUSG00000005575	ENSMUSP00000120234 	Ube2m
ENSMUSG00000034317	ENSMUSP00000120270 	Trim59
ENSMUSG00000005936	ENSMUSP00000120301 	Kctd20
ENSMUSG00000039753	ENSMUSP00000120338 	Fbxl5
ENSMUSG00000055401	ENSMUSP00000120431 	Fbxo6
ENSMUSG00000034327	ENSMUSP00000120440 	Kctd9
ENSMUSG00000022269	ENSMUSP00000120622 	March11
ENSMUSG00000022124	ENSMUSP00000120691 	Fbxl3
ENSMUSG00000020883	ENSMUSP00000120709 	Fbxl20
ENSMUSG00000056342	ENSMUSP00000120747 	Usp34
ENSMUSG00000003344	ENSMUSP00000120751 	Btbd2
ENSMUSG00000038611	ENSMUSP00000120759 	Phrf1
ENSMUSG00000003344	ENSMUSP00000120780 	Btbd2
ENSMUSG00000055401	ENSMUSP00000120801 	Fbxo6
ENSMUSG00000001786	ENSMUSP00000120840 	Fbxo7
ENSMUSG00000014402	ENSMUSP00000120856 	Tsg101
ENSMUSG00000043929	ENSMUSP00000120863 	Klhl15
ENSMUSG00000029001	ENSMUSP00000120874 	Fbxo44
ENSMUSG00000037990	ENSMUSP00000120938 	Sh3rf3
ENSMUSG00000027993	ENSMUSP00000120981 	Trim2
ENSMUSG00000035011	ENSMUSP00000120987 	Zbtb7a
ENSMUSG00000026788	ENSMUSP00000120989 	Zbtb43
ENSMUSG00000027993	ENSMUSP00000121055 	Trim2
ENSMUSG00000018474	ENSMUSP00000121192 	Chd3
ENSMUSG00000005371	ENSMUSP00000121206 	Fbxo11
ENSMUSG00000020027	ENSMUSP00000121305 	Socs2
ENSMUSG00000014402	ENSMUSP00000121314 	Tsg101
ENSMUSG00000000317	ENSMUSP00000121365 	Bcl6b
ENSMUSG00000055401	ENSMUSP00000121379 	Fbxo6
ENSMUSG00000036986	ENSMUSP00000121380 	Pml
ENSMUSG00000048175	ENSMUSP00000121383 	Asb8
ENSMUSG00000038685	ENSMUSP00000121400 	Rtel1
ENSMUSG00000044308	ENSMUSP00000121401 	Ubr3
ENSMUSG00000034110	ENSMUSP00000121490 	Kctd7
ENSMUSG00000028042	ENSMUSP00000121498 	Zbtb7b
ENSMUSG00000029922	ENSMUSP00000121563 	Mkrn1
ENSMUSG00000025939	ENSMUSP00000121573 	Ube2w
ENSMUSG00000027364	ENSMUSP00000121578 	Usp50
ENSMUSG00000029686	ENSMUSP00000121608 	Cul1
ENSMUSG00000018750	ENSMUSP00000121694 	Zbtb4
ENSMUSG00000054920	ENSMUSP00000121731 	Klhl5
ENSMUSG00000040433	ENSMUSP00000121753 	Zbtb38
ENSMUSG00000027439	ENSMUSP00000121799 	Gzf1
ENSMUSG00000040433	ENSMUSP00000121871 	Zbtb38
ENSMUSG00000026739	ENSMUSP00000121876 	Bmi1
ENSMUSG00000024807	ENSMUSP00000121885 	Syvn1
ENSMUSG00000078627	ENSMUSP00000121919 	March10
ENSMUSG00000051675	ENSMUSP00000121949 	Trim32
ENSMUSG00000028960	ENSMUSP00000122020 	Ube4b
ENSMUSG00000031229	ENSMUSP00000122034 	Atrx
ENSMUSG00000029127	ENSMUSP00000122109 	Zbtb49
ENSMUSG00000022750	ENSMUSP00000122145 	Klhl22
ENSMUSG00000000731	ENSMUSP00000122190 	Aire
ENSMUSG00000032376	ENSMUSP00000122199 	Usp3
ENSMUSG00000031201	ENSMUSP00000122330 	Brcc3
ENSMUSG00000030509	ENSMUSP00000122395 	Asb7
ENSMUSG00000029203	ENSMUSP00000122471 	Ube2k
ENSMUSG00000052949	ENSMUSP00000122483 	Rnf157
ENSMUSG00000005575	ENSMUSP00000122638 	Ube2m
ENSMUSG00000000731	ENSMUSP00000122659 	Aire
ENSMUSG00000005936	ENSMUSP00000122690 	Kctd20
ENSMUSG00000029686	ENSMUSP00000122702 	Cul1
ENSMUSG00000026788	ENSMUSP00000122729 	Zbtb43
ENSMUSG00000033909	ENSMUSP00000122761 	Usp36
ENSMUSG00000024750	ENSMUSP00000122782 	Zfand5
ENSMUSG00000036986	ENSMUSP00000122854 	Pml
ENSMUSG00000031229	ENSMUSP00000122875 	Atrx
ENSMUSG00000024294	ENSMUSP00000122879 	Mib1
ENSMUSG00000024767	ENSMUSP00000122945 	Otub1
ENSMUSG00000049657	ENSMUSP00000122991 	Zbtb5
ENSMUSG00000031201	ENSMUSP00000123031 	Brcc3
ENSMUSG00000038685	ENSMUSP00000123039 	Rtel1
ENSMUSG00000031446	ENSMUSP00000123074 	Cul4a
ENSMUSG00000031229	ENSMUSP00000123085 	Atrx
ENSMUSG00000055401	ENSMUSP00000123132 	Fbxo6
ENSMUSG00000043411	ENSMUSP00000123154 	Usp48
ENSMUSG00000034928	ENSMUSP00000123198 	Rnf44
ENSMUSG00000038695	ENSMUSP00000123205 	Josd2
ENSMUSG00000034377	ENSMUSP00000123218 	Tulp4
ENSMUSG00000000266	ENSMUSP00000123221 	Mid2
ENSMUSG00000058446	ENSMUSP00000123316 	Znrf2
ENSMUSG00000087509	ENSMUSP00000123338 	Gm2863
ENSMUSG00000028042	ENSMUSP00000123348 	Zbtb7b
ENSMUSG00000042766	ENSMUSP00000123533 	Trim46
ENSMUSG00000024750	ENSMUSP00000123555 	Zfand5
ENSMUSG00000031826	ENSMUSP00000123590 	Usp10
ENSMUSG00000041000	ENSMUSP00000123646 	Trim62
ENSMUSG00000014164	ENSMUSP00000123701 	Klhl3
ENSMUSG00000042790	ENSMUSP00000123754 	Rnf214
ENSMUSG00000089696	ENSMUSP00000123868 	Gm4778
ENSMUSG00000024231	ENSMUSP00000123903 	Cul2
ENSMUSG00000053128	ENSMUSP00000123938 	Rnf26
ENSMUSG00000029130	ENSMUSP00000123952 	Rnf32
ENSMUSG00000042790	ENSMUSP00000123995 	Rnf214
ENSMUSG00000054770	ENSMUSP00000124053 	Kctd18
ENSMUSG00000022710	ENSMUSP00000124093 	Usp7
ENSMUSG00000022708	ENSMUSP00000124126 	Zbtb20
ENSMUSG00000003199	ENSMUSP00000124128 	Mpnd
ENSMUSG00000022708	ENSMUSP00000124189 	Zbtb20
ENSMUSG00000038876	ENSMUSP00000124215 	Rnf146
ENSMUSG00000038876	ENSMUSP00000124288 	Rnf146
ENSMUSG00000033287	ENSMUSP00000124290 	Kctd17
ENSMUSG00000029634	ENSMUSP00000124293 	Rnf6
ENSMUSG00000042790	ENSMUSP00000124296 	Rnf214
ENSMUSG00000022710	ENSMUSP00000124382 	Usp7
ENSMUSG00000021189	ENSMUSP00000124419 	Atxn3
ENSMUSG00000021712	ENSMUSP00000124425 	Trim23
ENSMUSG00000033004	ENSMUSP00000124443 	Mycbp2
ENSMUSG00000047013	ENSMUSP00000124524 	Fbxo41
ENSMUSG00000041528	ENSMUSP00000124548 	Rnf123
ENSMUSG00000053128	ENSMUSP00000124568 	Rnf26
ENSMUSG00000033004	ENSMUSP00000124601 	Mycbp2
ENSMUSG00000003199	ENSMUSP00000124644 	Mpnd
ENSMUSG00000029130	ENSMUSP00000124657 	Rnf32
ENSMUSG00000033004	ENSMUSP00000124710 	Mycbp2
ENSMUSG00000047013	ENSMUSP00000124754 	Fbxo41
ENSMUSG00000038876	ENSMUSP00000124772 	Rnf146
ENSMUSG00000038876	ENSMUSP00000124814 	Rnf146
ENSMUSG00000024792	ENSMUSP00000124857 	Zfpl1
ENSMUSG00000007817	ENSMUSP00000124863 	Zmiz1
ENSMUSG00000040423	ENSMUSP00000124871 	Rc3h1
ENSMUSG00000052557	ENSMUSP00000124904 	Gan
ENSMUSG00000058975	ENSMUSP00000124938 	Kcnc1
ENSMUSG00000074424	ENSMUSP00000124942 	Gm10696
ENSMUSG00000022708	ENSMUSP00000125016 	Zbtb20
ENSMUSG00000021189	ENSMUSP00000125082 	Atxn3
ENSMUSG00000024792	ENSMUSP00000125085 	Zfpl1
ENSMUSG00000054770	ENSMUSP00000125153 	Kctd18
ENSMUSG00000024792	ENSMUSP00000125176 	Zfpl1
ENSMUSG00000022708	ENSMUSP00000125233 	Zbtb20
ENSMUSG00000054770	ENSMUSP00000125245 	Kctd18
ENSMUSG00000043467	ENSMUSP00000125253 	Zbtb37
ENSMUSG00000090268	ENSMUSP00000125267 	Gm5286
ENSMUSG00000021189	ENSMUSP00000125378 	Atxn3
ENSMUSG00000024231	ENSMUSP00000125403 	Cul2
ENSMUSG00000043467	ENSMUSP00000125417 	Zbtb37
ENSMUSG00000033287	ENSMUSP00000125421 	Kctd17
ENSMUSG00000024792	ENSMUSP00000125459 	Zfpl1
ENSMUSG00000003199	ENSMUSP00000125535 	Mpnd
ENSMUSG00000033287	ENSMUSP00000125574 	Kctd17
ENSMUSG00000047013	ENSMUSP00000125671 	Fbxo41
ENSMUSG00000033287	ENSMUSP00000125680 	Kctd17
ENSMUSG00000056144	ENSMUSP00000125728 	Trim34a
ENSMUSG00000033287	ENSMUSP00000125737 	Kctd17
ENSMUSG00000041528	ENSMUSP00000125745 	Rnf123
ENSMUSG00000028101	ENSMUSP00000125747 	Pias3
ENSMUSG00000027364	ENSMUSP00000125794 	Usp50
ENSMUSG00000066036	ENSMUSP00000125800 	Ubr4
ENSMUSG00000090112	ENSMUSP00000125849 	Shprh
ENSMUSG00000040455	ENSMUSP00000125982 	Usp45
ENSMUSG00000034343	ENSMUSP00000126173 	Ube2f
ENSMUSG00000060450	ENSMUSP00000126205 	Rnf14
ENSMUSG00000043279	ENSMUSP00000126234 	Trim56
ENSMUSG00000058446	ENSMUSP00000126411 	Znrf2
ENSMUSG00000039738	ENSMUSP00000126423 	Slx4
ENSMUSG00000040374	ENSMUSP00000126445 	Pxmp3
ENSMUSG00000014074	ENSMUSP00000126484 	Rnf168
ENSMUSG00000022106	ENSMUSP00000126510 	Rcbtb2
ENSMUSG00000025234	ENSMUSP00000126531 	Arih1
ENSMUSG00000029001	ENSMUSP00000126551 	Fbxo44
ENSMUSG00000079162	ENSMUSP00000126594 	Trim43b
ENSMUSG00000024776	ENSMUSP00000126609 	Stambpl1
ENSMUSG00000004364	ENSMUSP00000126630 	Cul3
ENSMUSG00000033545	ENSMUSP00000126684 	Znrf1
ENSMUSG00000035299	ENSMUSP00000126746 	Mid1
ENSMUSG00000044646	ENSMUSP00000126808 	Zbtb7c
ENSMUSG00000059585	ENSMUSP00000126839 	Ube2nl
ENSMUSG00000022106	ENSMUSP00000126898 	Rcbtb2
ENSMUSG00000029922	ENSMUSP00000126940 	Mkrn1
ENSMUSG00000018537	ENSMUSP00000126967 	Pcgf2
ENSMUSG00000014074	ENSMUSP00000126971 	Rnf168
ENSMUSG00000072476	ENSMUSP00000126976 	Gm9008
ENSMUSG00000033417	ENSMUSP00000127014 	2700078E11Rik
ENSMUSG00000021071	ENSMUSP00000127081 	Trim9
ENSMUSG00000032578	ENSMUSP00000127175 	Cish
ENSMUSG00000040455	ENSMUSP00000127194 	Usp45
ENSMUSG00000058498	ENSMUSP00000127196 	Rnf207
ENSMUSG00000022750	ENSMUSP00000127227 	Klhl22
ENSMUSG00000047098	ENSMUSP00000127238 	Rnf31
ENSMUSG00000002803	ENSMUSP00000127286 	Btbd6
ENSMUSG00000062202	ENSMUSP00000127300 	Btbd9
ENSMUSG00000026854	ENSMUSP00000127388 	Usp20
ENSMUSG00000022106	ENSMUSP00000127397 	Rcbtb2
ENSMUSG00000090693	ENSMUSP00000127527 	Trim43c
ENSMUSG00000035299	ENSMUSP00000127536 	Mid1
ENSMUSG00000074903	ENSMUSP00000127540 	Gm2058
ENSMUSG00000025730	ENSMUSP00000127546 	Rab40c
ENSMUSG00000079557	ENSMUSP00000127601 	March2
ENSMUSG00000023286	ENSMUSP00000127712 	Ube2j2
ENSMUSG00000028696	ENSMUSP00000127742 	Ipp
ENSMUSG00000071661	ENSMUSP00000127746 	Zbtb3
ENSMUSG00000031201	ENSMUSP00000127772 	Brcc3
ENSMUSG00000040433	ENSMUSP00000127819 	Zbtb38
ENSMUSG00000032405	ENSMUSP00000127826 	Pias1
ENSMUSG00000025730	ENSMUSP00000127868 	Rab40c
ENSMUSG00000026914	ENSMUSP00000127873 	Psmd14
ENSMUSG00000019944	ENSMUSP00000127904 	Rhobtb1
ENSMUSG00000026854	ENSMUSP00000127911 	Usp20
ENSMUSG00000033545	ENSMUSP00000127956 	Znrf1
ENSMUSG00000092097	ENSMUSP00000127997 	Gm5819
ENSMUSG00000029203	ENSMUSP00000128041 	Ube2k
ENSMUSG00000026914	ENSMUSP00000128069 	Psmd14
ENSMUSG00000036225	ENSMUSP00000128070 	Kctd1
ENSMUSG00000000365	ENSMUSP00000128096 	Rnf17
ENSMUSG00000035299	ENSMUSP00000128176 	Mid1
ENSMUSG00000000439	ENSMUSP00000128201 	Mkrn2
ENSMUSG00000041180	ENSMUSP00000128387 	Hectd2
ENSMUSG00000041058	ENSMUSP00000128397 	Wwp1
ENSMUSG00000031930	ENSMUSP00000128442 	Wwp2
ENSMUSG00000056459	ENSMUSP00000128471 	Zbtb25
ENSMUSG00000035235	ENSMUSP00000128509 	Trim13
ENSMUSG00000028309	ENSMUSP00000128546 	Rnf20
ENSMUSG00000006676	ENSMUSP00000128573 	Usp19
ENSMUSG00000022106	ENSMUSP00000128579 	Rcbtb2
ENSMUSG00000016308	ENSMUSP00000128584 	Ube2a
ENSMUSG00000047496	ENSMUSP00000128632 	Rnf152
ENSMUSG00000028986	ENSMUSP00000128663 	Klhl7
ENSMUSG00000034391	ENSMUSP00000128708 	Fbxo15
ENSMUSG00000029634	ENSMUSP00000128774 	Rnf6
ENSMUSG00000020307	ENSMUSP00000128806 	Cdc34
ENSMUSG00000040455	ENSMUSP00000128859 	Usp45
ENSMUSG00000026311	ENSMUSP00000128876 	Asb1
ENSMUSG00000066639	ENSMUSP00000129036 	1700001J11Rik
ENSMUSG00000021752	ENSMUSP00000129059 	Kctd6
ENSMUSG00000040102	ENSMUSP00000129099 	Klhdc5
ENSMUSG00000039701	ENSMUSP00000129148 	Usp53
ENSMUSG00000042350	ENSMUSP00000129213 	1110018G07Rik
ENSMUSG00000067399	ENSMUSP00000129255 	Trim43a
ENSMUSG00000036225	ENSMUSP00000129266 	Kctd1
ENSMUSG00000018363	ENSMUSP00000129269 	Smurf2
ENSMUSG00000040374	ENSMUSP00000129311 	Pxmp3
ENSMUSG00000020027	ENSMUSP00000129331 	Socs2
ENSMUSG00000029640	ENSMUSP00000129336 	Usp12
ENSMUSG00000058498	ENSMUSP00000129400 	Rnf207
ENSMUSG00000043673	ENSMUSP00000129412 	Kcns3
ENSMUSG00000050428	ENSMUSP00000129427 	Fbxo46
ENSMUSG00000091907	ENSMUSP00000129437 	Gm9107
ENSMUSG00000028986	ENSMUSP00000129461 	Klhl7
ENSMUSG00000055707	ENSMUSP00000129607 	Klhl26
ENSMUSG00000032030	ENSMUSP00000129661 	Cul5
ENSMUSG00000045246	ENSMUSP00000129687 	Kcng4
ENSMUSG00000036309	ENSMUSP00000129711 	Skp1a
ENSMUSG00000043008	ENSMUSP00000129721 	Klhl6
ENSMUSG00000045333	ENSMUSP00000129724 	Zfp423
ENSMUSG00000043929	ENSMUSP00000129734 	Klhl15
ENSMUSG00000033949	ENSMUSP00000129771 	Trim36
ENSMUSG00000027598	ENSMUSP00000129778 	Itch
ENSMUSG00000090799	ENSMUSP00000129810 	Klhl33
ENSMUSG00000048911	ENSMUSP00000129843 	Rnf24
ENSMUSG00000033233	ENSMUSP00000129861 	Trim45
ENSMUSG00000024589	ENSMUSP00000129912 	Nedd4l
ENSMUSG00000043467	ENSMUSP00000129965 	Zbtb37
ENSMUSG00000037536	ENSMUSP00000130036 	Fbxo34
ENSMUSG00000078578	ENSMUSP00000130096 	Ube2d3
ENSMUSG00000025050	ENSMUSP00000130161 	Pcgf6
ENSMUSG00000022106	ENSMUSP00000130168 	Rcbtb2
ENSMUSG00000055401	ENSMUSP00000130188 	Fbxo6
ENSMUSG00000036913	ENSMUSP00000130343 	Trim67
ENSMUSG00000030598	ENSMUSP00000130422 	Fbxo17
ENSMUSG00000049600	ENSMUSP00000130439 	Zbtb45
ENSMUSG00000046962	ENSMUSP00000130441 	Zfp295
ENSMUSG00000028960	ENSMUSP00000130472 	Ube4b
ENSMUSG00000021898	ENSMUSP00000130473 	Asb14
ENSMUSG00000092083	ENSMUSP00000130540 	Kcnb2
ENSMUSG00000069678	ENSMUSP00000130614 	Pcgf1
ENSMUSG00000062785	ENSMUSP00000130620 	Kcnc3
ENSMUSG00000030921	ENSMUSP00000130635 	Trim30a
ENSMUSG00000026311	ENSMUSP00000130664 	Asb1
ENSMUSG00000034177	ENSMUSP00000130685 	Rnf43
ENSMUSG00000004364	ENSMUSP00000130738 	Cul3
ENSMUSG00000043008	ENSMUSP00000130755 	Klhl6
ENSMUSG00000034532	ENSMUSP00000130805 	Fbxo16
ENSMUSG00000051648	ENSMUSP00000130831 	Kctd19
ENSMUSG00000036782	ENSMUSP00000130882 	Klhl13
ENSMUSG00000035949	ENSMUSP00000130889 	Fbxw2
ENSMUSG00000054770	ENSMUSP00000130952 	Kctd18
ENSMUSG00000030061	ENSMUSP00000130954 	Uba3
ENSMUSG00000074781	ENSMUSP00000130955 	Ube2n
ENSMUSG00000003308	ENSMUSP00000131029 	Keap1
ENSMUSG00000048520	ENSMUSP00000131042 	Fbxl13
ENSMUSG00000024317	ENSMUSP00000131044 	Rnf138
ENSMUSG00000025730	ENSMUSP00000131055 	Rab40c
ENSMUSG00000091896	ENSMUSP00000131206 	Ube2d2
ENSMUSG00000019944	ENSMUSP00000131222 	Rhobtb1
ENSMUSG00000029397	ENSMUSP00000131270 	Rchy1
ENSMUSG00000034343	ENSMUSP00000131330 	Ube2f
ENSMUSG00000053929	ENSMUSP00000131356 	Cyhr1
ENSMUSG00000028793	ENSMUSP00000131373 	Rnf19b
ENSMUSG00000022771	ENSMUSP00000131422 	Ppil2
ENSMUSG00000005936	ENSMUSP00000131435 	Kctd20
ENSMUSG00000051726	ENSMUSP00000131480 	Kcnf1
ENSMUSG00000025423	ENSMUSP00000131485 	Pias2
ENSMUSG00000038250	ENSMUSP00000131506 	Usp38
ENSMUSG00000025234	ENSMUSP00000131516 	Arih1
ENSMUSG00000030451	ENSMUSP00000131573 	Herc2
ENSMUSG00000043467	ENSMUSP00000131576 	Zbtb37
ENSMUSG00000067081	ENSMUSP00000131582 	Asb18
ENSMUSG00000022106	ENSMUSP00000131588 	Rcbtb2
ENSMUSG00000040270	ENSMUSP00000131592 	Bach2
ENSMUSG00000022075	ENSMUSP00000131694 	Rhobtb2
ENSMUSG00000041740	ENSMUSP00000131696 	Rnf10
ENSMUSG00000037536	ENSMUSP00000131708 	Fbxo34
ENSMUSG00000020627	ENSMUSP00000131709 	Klhl29
ENSMUSG00000024294	ENSMUSP00000131712 	Mib1
ENSMUSG00000051648	ENSMUSP00000131732 	Kctd19
ENSMUSG00000070923	ENSMUSP00000131745 	Klhl9
ENSMUSG00000052749	ENSMUSP00000131747 	Trim30b
ENSMUSG00000036309	ENSMUSP00000131833 	Skp1a
ENSMUSG00000020027	ENSMUSP00000131875 	Socs2
ENSMUSG00000004364	ENSMUSP00000131891 	Cul3
ENSMUSG00000052752	ENSMUSP00000131931 	Traf7
ENSMUSG00000039100	ENSMUSP00000132053 	March6
ENSMUSG00000019944	ENSMUSP00000132068 	Rhobtb1
ENSMUSG00000074424	ENSMUSP00000132199 	Gm10696
ENSMUSG00000029130	ENSMUSP00000132213 	Rnf32
ENSMUSG00000031930	ENSMUSP00000132224 	Wwp2
ENSMUSG00000037536	ENSMUSP00000132271 	Fbxo34
ENSMUSG00000005936	ENSMUSP00000132306 	Kctd20
ENSMUSG00000020271	ENSMUSP00000132367 	Fbxw11
ENSMUSG00000034403	ENSMUSP00000132393 	Pja1
ENSMUSG00000091896	ENSMUSP00000132446 	Ube2d2
ENSMUSG00000004364	ENSMUSP00000132485 	Cul3
ENSMUSG00000019944	ENSMUSP00000132497 	Rhobtb1
ENSMUSG00000035941	ENSMUSP00000132534 	Ibtk
ENSMUSG00000005575	ENSMUSP00000132604 	Ube2m
ENSMUSG00000034177	ENSMUSP00000132631 	Rnf43
ENSMUSG00000054770	ENSMUSP00000132677 	Kctd18
ENSMUSG00000021277	ENSMUSP00000132750 	Traf3
ENSMUSG00000025373	ENSMUSP00000132751 	Rnf41
ENSMUSG00000034391	ENSMUSP00000132787 	Fbxo15
ENSMUSG00000024589	ENSMUSP00000132838 	Nedd4l
ENSMUSG00000090112	ENSMUSP00000132870 	Shprh
ENSMUSG00000033182	ENSMUSP00000132930 	Kbtbd12
ENSMUSG00000033545	ENSMUSP00000132939 	Znrf1
ENSMUSG00000030598	ENSMUSP00000132989 	Fbxo17
ENSMUSG00000060450	ENSMUSP00000133070 	Rnf14
ENSMUSG00000028514	ENSMUSP00000133095 	Usp24
ENSMUSG00000047412	ENSMUSP00000133109 	Zbtb44
ENSMUSG00000032030	ENSMUSP00000133144 	Cul5
ENSMUSG00000037638	ENSMUSP00000133152 	Zbtb42
ENSMUSG00000036218	ENSMUSP00000133159 	Pdzrn4
ENSMUSG00000055652	ENSMUSP00000133175 	Klhl25
ENSMUSG00000043008	ENSMUSP00000133197 	Klhl6
ENSMUSG00000033287	ENSMUSP00000133210 	Kctd17
ENSMUSG00000024740	ENSMUSP00000133224 	Ddb1
ENSMUSG00000045409	ENSMUSP00000133298 	Trim39
ENSMUSG00000038056	ENSMUSP00000133304 	Mll3
ENSMUSG00000033545	ENSMUSP00000133309 	Znrf1
ENSMUSG00000051390	ENSMUSP00000133345 	Zbtb22
ENSMUSG00000053483	ENSMUSP00000133362 	Usp21
ENSMUSG00000022710	ENSMUSP00000133398 	Usp7
ENSMUSG00000033545	ENSMUSP00000133472 	Znrf1
ENSMUSG00000009293	ENSMUSP00000133515 	Ube2g2
ENSMUSG00000033545	ENSMUSP00000133519 	Znrf1
ENSMUSG00000073399	ENSMUSP00000133581 	Trim40
ENSMUSG00000015120	ENSMUSP00000133590 	Ube2i
ENSMUSG00000036492	ENSMUSP00000133710 	Rnf39
ENSMUSG00000024083	ENSMUSP00000133730 	Pja2
ENSMUSG00000079557	ENSMUSP00000133802 	March2
ENSMUSG00000056900	ENSMUSP00000133823 	Usp13
ENSMUSG00000079557	ENSMUSP00000133825 	March2
ENSMUSG00000049823	ENSMUSP00000133903 	Zbtb12
ENSMUSG00000036990	ENSMUSP00000133939 	Otud4
ENSMUSG00000079557	ENSMUSP00000133940 	March2
ENSMUSG00000050747	ENSMUSP00000133953 	Trim15
ENSMUSG00000029001	ENSMUSP00000133966 	Fbxo44
ENSMUSG00000033545	ENSMUSP00000133993 	Znrf1
ENSMUSG00000079557	ENSMUSP00000134026 	March2
ENSMUSG00000037638	ENSMUSP00000134028 	Zbtb42
ENSMUSG00000029001	ENSMUSP00000134064 	Fbxo44
ENSMUSG00000036990	ENSMUSP00000134097 	Otud4
ENSMUSG00000015120	ENSMUSP00000134161 	Ube2i
ENSMUSG00000015120	ENSMUSP00000134169 	Ube2i
ENSMUSG00000079557	ENSMUSP00000134220 	March2
ENSMUSG00000074480	ENSMUSP00000134222 	Mex3a
ENSMUSG00000033545	ENSMUSP00000134232 	Znrf1
ENSMUSG00000015120	ENSMUSP00000134261 	Ube2i
ENSMUSG00000015120	ENSMUSP00000134350 	Ube2i
ENSMUSG00000024083	ENSMUSP00000134380 	Pja2
ENSMUSG00000079557	ENSMUSP00000134437 	March2
ENSMUSG00000038056	ENSMUSP00000134442 	Mll3
ENSMUSG00000015120	ENSMUSP00000134450 	Ube2i
ENSMUSG00000032376	ENSMUSP00000134472 	Usp3
ENSMUSG00000000804	ENSMUSP00000134476 	Usp32
ENSMUSG00000015120	ENSMUSP00000134491 	Ube2i
ENSMUSG00000015120	ENSMUSP00000134540 	Ube2i
ENSMUSG00000015120	ENSMUSP00000134546 	Ube2i
ENSMUSG00000029001	ENSMUSP00000134624 	Fbxo44
ENSMUSG00000033545	ENSMUSP00000134634 	Znrf1
ENSMUSG00000009293	ENSMUSP00000134670 	Ube2g2
ENSMUSG00000041961	ENSMUSP00000134698 	Znrf3
ENSMUSG00000049314	ENSMUSP00000134707 	Fbxw13
ENSMUSG00000053929	ENSMUSP00000134739 	Cyhr1
ENSMUSG00000056459	ENSMUSP00000134748 	Zbtb25
ENSMUSG00000043467	ENSMUSP00000134753 	Zbtb37
ENSMUSG00000052752	ENSMUSP00000134759 	Traf7
ENSMUSG00000043467	ENSMUSP00000134769 	Zbtb37
ENSMUSG00000030788	ENSMUSP00000134781 	Rnf141
ENSMUSG00000043467	ENSMUSP00000134816 	Zbtb37
ENSMUSG00000052752	ENSMUSP00000134946 	Traf7
ENSMUSG00000052752	ENSMUSP00000134970 	Traf7
ENSMUSG00000032010	ENSMUSP00000135018 	Usp2
ENSMUSG00000030788	ENSMUSP00000135123 	Rnf141
ENSMUSG00000018733	ENSMUSP00000135145 	Pex12
ENSMUSG00000030788	ENSMUSP00000135227 	Rnf141
ENSMUSG00000052752	ENSMUSP00000135267 	Traf7
ENSMUSG00000052752	ENSMUSP00000135288 	Traf7
ENSMUSG00000090173	ENSMUSP00000135294 	Fbxw10
ENSMUSG00000092083	ENSMUSP00000135382 	Kcnb2
ENSMUSG00000056459	ENSMUSP00000135434 	Zbtb25
ENSMUSG00000056459	ENSMUSP00000135458 	Zbtb25
ENSMUSG00000032010	ENSMUSP00000135482 	Usp2
ENSMUSG00000028560	ENSMUSP00000135496 	Usp1
ENSMUSG00000037816	ENSMUSP00000135527 	Fbxw17
ENSMUSG00000093596	ENSMUSP00000135547 	Atxn3
ENSMUSG00000033510	ENSMUSP00000135559 	Otud7a
ENSMUSG00000058317	ENSMUSP00000135573 	Ube2e2
ENSMUSG00000058317	ENSMUSP00000135622 	Ube2e2
ENSMUSG00000018733	ENSMUSP00000135632 	Pex12
ENSMUSG00000037816	ENSMUSP00000135671 	Fbxw17
ENSMUSG00000058317	ENSMUSP00000135674 	Ube2e2
ENSMUSG00000056459	ENSMUSP00000135817 	Zbtb25
ENSMUSG00000052997	ENSMUSP00000135841 	Uba2
ENSMUSG00000056459	ENSMUSP00000135853 	Zbtb25
ENSMUSG00000090173	ENSMUSP00000135870 	Fbxw10
ENSMUSG00000052752	ENSMUSP00000135874 	Traf7
ENSMUSG00000052997	ENSMUSP00000135885 	Uba2
