ensg	name	enst	loc	CD	tss_loc	entrez	strand
ENSMUSG00000040249	Lrp1	ENSMUST00000129727	chr10:126983451-126986973	CD91	chr10:126986973-126986973	16971	-1
ENSMUSG00000046223	Plaur	ENSMUST00000002284	chr7:25247519-25260892	CD87	chr7:25247519-25247519	18793	1
ENSMUSG00000026712	Mrc1	ENSMUST00000146168	chr2:14250188-14252146	CD206	chr2:14250188-14250188	17533	1
ENSMUSG00000045322	Tlr9	ENSMUST00000062241	chr9:106124929-106129207	CD289	chr9:106124929-106124929	81897	1
ENSMUSG00000006574	Slc4a1	ENSMUST00000006749	chr11:102210138-102226594	CD233	chr11:102226594-102226594	20533	-1
ENSMUSG00000030724	Cd19	ENSMUST00000167034	chr7:133551964-133558384	CD19	chr7:133558384-133558384	12478	-1
ENSMUSG00000028024	Enpep	ENSMUST00000165217	chr3:129001512-129035638	CD249	chr3:129035638-129035638	13809	-1
ENSMUSG00000023926	Rhag	ENSMUST00000024721	chr17:40948075-40977703	CD241	chr17:40948075-40948075	19743	1
ENSMUSG00000015355	Cd48	ENSMUST00000068584	chr1:173612141-173635380	CD48	chr1:173612141-173612141	12506	1
ENSMUSG00000059326	Csf2ra	ENSMUST00000076046	chr19:61300305-61304321	CD116	chr19:61304321-61304321	12982	-1
ENSMUSG00000020695	Mrc2	ENSMUST00000142905	chr11:105190366-105193613	CD280	chr11:105190366-105190366	17534	1
ENSMUSG00000030217	Art4	ENSMUST00000032341	chr6:136796972-136806254	CD297	chr6:136806254-136806254	109978	-1
ENSMUSG00000032012	Pvrl1	ENSMUST00000034510	chr9:43552659-43615537	CD111	chr9:43552659-43552659	58235	1
ENSMUSG00000003379	Cd79a	ENSMUST00000003469	chr7:25682400-25687216	CD79a	chr7:25682400-25682400	12518	1
ENSMUSG00000025351	Cd63	ENSMUST00000105229	chr10:128345975-128349872	CD63	chr10:128345975-128345975	12512	1
ENSMUSG00000000791	Il12rb1	ENSMUST00000000808	chr8:73332348-73345323	CD212	chr8:73332348-73332348	16161	1
ENSMUSG00000010142	Tnfrsf13b	ENSMUST00000130708	chr11:60956001-60961308	CD267	chr11:60956001-60956001	57916	1
ENSMUSG00000079488	Cd47	ENSMUST00000113709	chr16:49913306-49915121	CD47	chr16:49913306-49913306		1
ENSMUSG00000030798	Cd37	ENSMUST00000107797	chr7:52489540-52494244	CD37	chr7:52494244-52494244	12493	-1
ENSMUSG00000038147	Cd84	ENSMUST00000042302	chr1:173770764-173816561	CD84	chr1:173770764-173770764	12523	1
ENSMUSG00000030996	Art1	ENSMUST00000106932	chr7:109255424-109258445	CD296	chr7:109255424-109255424	11870	1
ENSMUSG00000026009	Icos	ENSMUST00000102827	chr1:61034771-61057164	CD278	chr1:61034771-61034771	54167	1
ENSMUSG00000030849	Fgfr2	ENSMUST00000119260	chr7:137307473-137405371	CD332	chr7:137405371-137405371	14183	-1
ENSMUSG00000037405	Icam1	ENSMUST00000086399	chr9:20820404-20833241	CD54	chr9:20820404-20820404	15894	1
ENSMUSG00000023175	Bsg	ENSMUST00000105381	chr10:79167103-79174724	CD147	chr10:79167103-79167103	12215	1
ENSMUSG00000002885	Cd97	ENSMUST00000154075	chr8:86251447-86252229	CD97	chr8:86252229-86252229	26364	-1
ENSMUSG00000032420	Nt5e	ENSMUST00000034992	chr9:88222447-88266927	CD73	chr9:88222447-88222447	23959	1
ENSMUSG00000042284	Itga1	ENSMUST00000061673	chr13:115748287-115892172	CD49a	chr13:115892172-115892172	109700	-1
ENSMUSG00000068227	Il2rb	ENSMUST00000089398	chr15:78310983-78325496	CD122	chr15:78325496-78325496	16185	-1
ENSMUSG00000027276	Jag1	ENSMUST00000028735	chr2:136907192-136942380	CD339	chr2:136942380-136942380	16449	-1
ENSMUSG00000024669	Cd5	ENSMUST00000025571	chr19:10792633-10813464	CD5	chr19:10813464-10813464	12507	-1
ENSMUSG00000028825	Rhd	ENSMUST00000030627	chr4:134420451-134452087	CD240D	chr4:134420451-134420451	19746	1
ENSMUSG00000052736	Klrc2	ENSMUST00000071920	chr6:129599555-129610707	CD159c	chr6:129610707-129610707	16642	-1
ENSMUSG00000032135	Mcam	ENSMUST00000149241	chr9:43942552-43947017	CD146	chr9:43942552-43942552	84004	1
ENSMUSG00000022074	Tnfrsf10b	ENSMUST00000022663	chr14:70167279-70184210	CD262	chr14:70167279-70167279	21933	1
ENSMUSG00000062524	Ncr1	ENSMUST00000126417	chr7:4289371-4296766	CD335	chr7:4289371-4289371	17086	1
ENSMUSG00000034652	Cd300a	ENSMUST00000153245	chr11:114751608-114754784	CD300a	chr11:114751608-114751608	217303	1
ENSMUSG00000020592	Sdc1	ENSMUST00000020911	chr12:8778129-8800521	CD138	chr12:8778129-8778129	20969	1
ENSMUSG00000026395	Ptprc	ENSMUST00000112036	chr1:139959438-140071882	CD45	chr1:140071882-140071882	19264	-1
ENSMUSG00000055471	Alk	ENSMUST00000086639	chr17:72218782-72953049	CD246	chr17:72953049-72953049	11682	-1
ENSMUSG00000026581	Sell	ENSMUST00000167117	chr1:165992207-166007124	CD62L	chr1:165992207-165992207	20343	1
ENSMUSG00000030167	Klrc1	ENSMUST00000169545	chr6:129624852-129628946	CD159a	chr6:129628946-129628946	16641	-1
ENSMUSG00000020279	Il9r	ENSMUST00000128311	chr11:32090283-32100236	CD129	chr11:32100236-32100236	16199	-1
ENSMUSG00000030165	Klrd1	ENSMUST00000119520	chr6:129541828-129548788	CD94	chr6:129541828-129541828	16643	1
ENSMUSG00000091895	Fgfr1	ENSMUST00000169752	chr8:26629267-26642853	CD331	chr8:26629267-26629267		1
ENSMUSG00000032094	Cd3d	ENSMUST00000034602	chr9:44789876-44795135	CD3d	chr9:44789876-44789876	12500	1
ENSMUSG00000050761	Gp1bb	ENSMUST00000167388	chr16:18620412-18622496	CD42c	chr16:18622496-18622496	14724	-1
ENSMUSG00000019989	Enpp3	ENSMUST00000020169	chr10:24493620-24556001	CD203c	chr10:24556001-24556001	209558	-1
ENSMUSG00000022797	Tfrc	ENSMUST00000124243	chr16:32609336-32613312	CD71	chr16:32609336-32609336	22042	1
ENSMUSG00000032093	Cd3e	ENSMUST00000102832	chr9:44806826-44817673	CD3e	chr9:44817673-44817673	12501	-1
ENSMUSG00000023830	Igf2r	ENSMUST00000159127	chr17:12941519-12943666	CD222	chr17:12943666-12943666	16004	-1
ENSMUSG00000016534	Lamp2	ENSMUST00000074913	chrX:35754534-35809631	CD107b	chrX:35809631-35809631	16784	-1
ENSMUSG00000030577	Cd22	ENSMUST00000019248	chr7:31650421-31664047	CD22	chr7:31664047-31664047	12483	-1
ENSMUSG00000062593	Lilrb4	ENSMUST00000078778	chr10:51210824-51216419	CD85K	chr10:51210824-51210824	14728	1
ENSMUSG00000022657	Cd96	ENSMUST00000023336	chr16:46035770-46120364	CD96	chr16:46120364-46120364	84544	-1
ENSMUSG00000022656	Pvrl3	ENSMUST00000023334	chr16:46447282-46497080	CD113	chr16:46497080-46497080	58998	-1
ENSMUSG00000058254	Tspan7	ENSMUST00000076354	chrX:10062284-10173731	CD231	chrX:10062284-10062284	21912	1
ENSMUSG00000030054	Gp9	ENSMUST00000032133	chr6:87728130-87729756	CD42a	chr6:87728130-87728130	54368	1
ENSMUSG00000001507	Itga3	ENSMUST00000141693	chr11:94914539-94917509	CD49c	chr11:94917509-94917509	16400	-1
ENSMUSG00000055541	Lair1	ENSMUST00000068865	chr7:3958675-4014806	CD305	chr7:4014806-4014806	52855	-1
ENSMUSG00000053062	Jam2	ENSMUST00000138054	chr16:84809652-84823131	CD322	chr16:84809652-84809652	67374	1
ENSMUSG00000026011	Ctla4	ENSMUST00000124816	chr1:60943844-60969560	CD152	chr1:60943844-60943844	12477	1
ENSMUSG00000026012	Cd28	ENSMUST00000132833	chr1:60773644-60820007	CD28	chr1:60773644-60773644	12487	1
ENSMUSG00000023274	Cd4	ENSMUST00000095454	chr6:124816259-124829711	CD4	chr6:124829711-124829711	12504	-1
ENSMUSG00000035448	Ccr3	ENSMUST00000165925	chr9:123936704-123946421	CD193	chr9:123936704-123936704	12771	1
ENSMUSG00000052212	Cd177	ENSMUST00000063956	chr7:25529004-25545330	CD177	chr7:25545330-25545330	68891	-1
ENSMUSG00000074785	Plxnc1	ENSMUST00000099337	chr10:94253617-94407212	CD232	chr10:94407212-94407212	54712	-1
ENSMUSG00000026616	Cr2	ENSMUST00000043104	chr1:196985929-197002804	CD21	chr1:197002804-197002804	12902	-1
ENSMUSG00000025510	Cd151	ENSMUST00000106000	chr7:148653261-148657378	CD151	chr7:148653261-148653261	12476	1
ENSMUSG00000035914	Cd276	ENSMUST00000165365	chr9:58372109-58402939	CD276	chr9:58402939-58402939	102657	-1
ENSMUSG00000024673	Ms4a1	ENSMUST00000169159	chr19:11325093-11340641	CD20	chr19:11340641-11340641	12482	-1
ENSMUSG00000025163	Cd7	ENSMUST00000026159	chr11:120898061-120900732	CD7	chr11:120900732-120900732	12516	-1
ENSMUSG00000024778	Fas	ENSMUST00000112472	chr19:34365149-34383840	CD95	chr19:34365149-34365149	14102	1
ENSMUSG00000024670	Cd6	ENSMUST00000173613	chr19:10865476-10867478	CD6	chr19:10867478-10867478	12511	-1
ENSMUSG00000060703	Cd302	ENSMUST00000074606	chr2:60090050-60122545	CD302	chr2:60122545-60122545	66205	-1
ENSMUSG00000055447	Cd47	ENSMUST00000114496	chr16:49868081-49911194	CD47	chr16:49868081-49868081	16423	1
ENSMUSG00000074272	Ceacam1	ENSMUST00000098669	chr7:26246721-26262644	CD66a	chr7:26262644-26262644	26365	-1
ENSMUSG00000034028	Cd226	ENSMUST00000037142	chr18:89366823-89439593	CD226	chr18:89366823-89366823	225825	1
ENSMUSG00000023905	Tnfrsf12a	ENSMUST00000024698	chr17:23812414-23814416	CD266	chr17:23814416-23814416	27279	-1
ENSMUSG00000029530	Ccr9	ENSMUST00000168910	chr9:123676347-123691089	CDw199	chr9:123676347-123676347	12769	1
ENSMUSG00000022780	Mfi2	ENSMUST00000023464	chr16:31878896-31899106	CD228	chr16:31878896-31878896	30060	1
ENSMUSG00000032089	Il10ra	ENSMUST00000169244	chr9:45061923-45077232	CDw210a	chr9:45077232-45077232	16154	-1
ENSMUSG00000004707	Ly9	ENSMUST00000004827	chr1:173518763-173537489	CD229	chr1:173537489-173537489	17085	-1
ENSMUSG00000059305	Vpreb1	ENSMUST00000132272	chr16:16868498-16870936	CD179a	chr16:16870936-16870936	22362	-1
ENSMUSG00000001029	Icam2	ENSMUST00000141146	chr11:106242002-106249389	CD102	chr11:106249389-106249389	15896	-1
ENSMUSG00000028412	Slc44a1	ENSMUST00000107647	chr4:53453556-53576322	CD92	chr4:53453556-53453556	100434	1
ENSMUSG00000031565	Fgfr1	ENSMUST00000155564	chr8:26624126-26666040	CD331	chr8:26624126-26624126	14182	1
ENSMUSG00000029231	Pdgfra	ENSMUST00000000476	chr5:75548316-75594229	CD140a	chr5:75548316-75548316	18595	1
ENSMUSG00000006389	Mpl	ENSMUST00000106375	chr4:118116034-118130055	CD110	chr4:118130055-118130055	17480	-1
ENSMUSG00000025044	Msr1	ENSMUST00000026021	chr8:40667054-40728032	CD204	chr8:40728032-40728032	20288	-1
ENSMUSG00000052593	Adam17	ENSMUST00000101551	chr12:21329370-21379454	CD156b	chr12:21379454-21379454	11491	-1
ENSMUSG00000024380	Gypc	ENSMUST00000025238	chr18:32689316-32689630	CD236	chr18:32689630-32689630		-1
ENSMUSG00000005364	Il5ra	ENSMUST00000167925	chr6:106661969-106695103	CD125	chr6:106695103-106695103	16192	-1
ENSMUSG00000010095	Slc3a2	ENSMUST00000170157	chr19:8781372-8797859	CD98	chr19:8797859-8797859	17254	-1
ENSMUSG00000000318	Clec10a	ENSMUST00000000327	chr11:69980169-69984335	CD301	chr11:69980169-69980169	17312	1
ENSMUSG00000027864	Ptgfrn	ENSMUST00000102694	chr3:100844155-100914201	CD315	chr3:100914201-100914201	19221	-1
ENSMUSG00000027863	Cd2	ENSMUST00000029456	chr3:101079822-101091862	CD2	chr3:101091862-101091862	12481	-1
ENSMUSG00000053228	Ceacam3	ENSMUST00000108491	chr7:17735631-17749602	CD66d	chr7:17735631-17735631	384557	1
ENSMUSG00000089669	Tnfsf13	ENSMUST00000108648	chr11:69496434-69499286	CD256	chr11:69499286-69499286	69583	-1
ENSMUSG00000022496	Tnfrsf17	ENSMUST00000023140	chr16:11313905-11320167	CD269	chr16:11313905-11313905	21935	1
ENSMUSG00000022015	Tnfsf11	ENSMUST00000022592	chr14:78677252-78707850	CD254	chr14:78707850-78707850	21943	-1
ENSMUSG00000032011	Thy1	ENSMUST00000114840	chr9:43851467-43856662	CD90	chr9:43851467-43851467	21838	1
ENSMUSG00000005672	Kit	ENSMUST00000136002	chr5:76037108-76042009	CD117	chr5:76037108-76037108	16590	1
ENSMUSG00000046186	Cd109	ENSMUST00000093812	chr9:78463353-78564060	CD109	chr9:78463353-78463353	235505	1
ENSMUSG00000054263	Lifr	ENSMUST00000067190	chr15:7079559-7141743	CD118	chr15:7079559-7079559	16880	1
ENSMUSG00000070369	Itgad	ENSMUST00000098012	chr7:135317469-135349015	CD11d	chr7:135317469-135317469	381924	1
ENSMUSG00000048163	Selplg	ENSMUST00000072194	chr5:114268569-114280442	CD162	chr5:114280442-114280442	20345	-1
ENSMUSG00000005947	Itgae	ENSMUST00000102537	chr11:72904085-72948336	CD103	chr11:72904085-72904085	16407	1
ENSMUSG00000027087	Itgav	ENSMUST00000151463	chr2:83564623-83588529	CD51	chr2:83564623-83564623	16410	1
ENSMUSG00000038235	F11r	ENSMUST00000144497	chr1:173367710-173390977	CD321	chr1:173367710-173367710	16456	1
ENSMUSG00000017652	Cd40	ENSMUST00000146825	chr2:164881204-164896500	CD40	chr2:164881204-164881204	21939	1
ENSMUSG00000049307	Fut4	ENSMUST00000061498	chr9:14552903-14556566	CD15	chr9:14556566-14556566	14345	-1
ENSMUSG00000031391	L1cam	ENSMUST00000114430	chrX:71099117-71115244	CD171	chrX:71115244-71115244	16728	-1
ENSMUSG00000034117	Gpr44	ENSMUST00000037261	chr19:11011650-11017001	CD294	chr19:11011650-11011650	14764	1
ENSMUSG00000018774	Cd68	ENSMUST00000154124	chr11:69477808-69479564	CD68	chr11:69479564-69479564	12514	-1
ENSMUSG00000022901	Cd86	ENSMUST00000089620	chr16:36603955-36666163	CD86	chr16:36666163-36666163	12524	-1
ENSMUSG00000030789	Itgax	ENSMUST00000033053	chr7:135273061-135294170	CD11c	chr7:135273061-135273061	16411	1
ENSMUSG00000030786	Itgam	ENSMUST00000134694	chr7:135259950-135270730	CD11b	chr7:135259950-135259950	16409	1
ENSMUSG00000031497	Tnfsf13b	ENSMUST00000033892	chr8:10006843-10035441	CD257	chr8:10006843-10006843	24099	1
ENSMUSG00000027435	Cd93	ENSMUST00000099269	chr2:148262376-148269299	CD93	chr2:148269299-148269299	17064	-1
ENSMUSG00000038034	Igsf8	ENSMUST00000150598	chr1:174248912-174249684	CD316	chr1:174248912-174248912	140559	1
ENSMUSG00000030149	Klrk1	ENSMUST00000095412	chr6:129560341-129573882	CD314	chr6:129573882-129573882	27007	-1
ENSMUSG00000089856	Fzd10	ENSMUST00000067911	chr5:129106806-129109236	CD350	chr5:129106806-129106806		1
ENSMUSG00000006386	Tek	ENSMUST00000071168	chr4:94406209-94541373	CD202b	chr4:94406209-94406209	21687	1
ENSMUSG00000034664	Itga2b	ENSMUST00000131247	chr11:102318514-102319673	CD41	chr11:102319673-102319673	16399	-1
ENSMUSG00000005763	Cd247	ENSMUST00000161559	chr1:167718896-167800386	CD247	chr1:167718896-167718896	12503	1
ENSMUSG00000022636	Alcam	ENSMUST00000168071	chr16:52305377-52452767	CD166	chr16:52452767-52452767	11658	-1
ENSMUSG00000053977	Cd8a	ENSMUST00000066747	chr6:71323421-71329165	CD8a	chr6:71323421-71323421	12525	1
ENSMUSG00000090523	Gypc	ENSMUST00000172434	chr18:32689446-32695072	CD236	chr18:32695072-32695072	71683	-1
ENSMUSG00000057722	Lepr	ENSMUST00000145024	chr4:101390012-101405922	CD295	chr4:101390012-101390012	16847	1
ENSMUSG00000000303	Cdh1	ENSMUST00000136580	chr8:109128043-109177819	CD324	chr8:109128043-109128043	12550	1
ENSMUSG00000081683	Fzd10	ENSMUST00000117102	chr5:129106719-129109968	CD350	chr5:129106719-129106719	93897	1
ENSMUSG00000026656	Fcgr2b	ENSMUST00000160106	chr1:172894464-172906258	CD32b	chr1:172906258-172906258	14130	-1
ENSMUSG00000001014	Icam4	ENSMUST00000001040	chr9:20833817-20834975	CD242	chr9:20833817-20833817	78369	1
ENSMUSG00000024610	Cd74	ENSMUST00000097563	chr18:60963502-60972300	CD74	chr18:60963502-60963502	16149	1
ENSMUSG00000026321	Tnfrsf11a	ENSMUST00000027559	chr1:107677300-107744558	CD265	chr1:107677300-107677300	21934	1
ENSMUSG00000028128	F3	ENSMUST00000029771	chr3:121426455-121437970	CD142	chr3:121426455-121426455	14066	1
ENSMUSG00000041247	Lamp3	ENSMUST00000081880	chr16:19653474-19706458	CD208	chr16:19706458-19706458	239739	-1
ENSMUSG00000054693	Adam10	ENSMUST00000067880	chr9:70526804-70628036	CD156C	chr9:70526804-70526804	11487	1
ENSMUSG00000017057	Il13ra1	ENSMUST00000033418	chrX:33652105-33711254	CD213a1	chrX:33652105-33652105	16164	1
ENSMUSG00000051457	Spn	ENSMUST00000049931	chr7:134277216-134281337	CD43	chr7:134281337-134281337	20737	-1
ENSMUSG00000004609	Cd33	ENSMUST00000004728	chr7:50782826-50788541	CD33	chr7:50788541-50788541	12489	-1
ENSMUSG00000056481	Cd248	ENSMUST00000070630	chr19:5068078-5070637	CD248	chr19:5068078-5068078	70445	1
ENSMUSG00000031871	Cdh5	ENSMUST00000034339	chr8:106625525-106668402	CD144	chr8:106625525-106625525	12562	1
ENSMUSG00000037706	Cd81	ENSMUST00000037941	chr7:150238644-150253839	CD81	chr7:150238644-150238644	12520	1
ENSMUSG00000028859	Csf3r	ENSMUST00000140426	chr4:125715328-125721119	CD114	chr4:125715328-125715328	12986	1
ENSMUSG00000002308	Cd320	ENSMUST00000173418	chr17:33980048-33983263	CD320	chr17:33980048-33980048	54219	1
ENSMUSG00000079227	Ccr5	ENSMUST00000171579	chr9:124041423-124044989	CD195	chr9:124041423-124041423	12774	1
ENSMUSG00000032584	Mst1r	ENSMUST00000035203	chr9:107809220-107822714	CD136	chr9:107809220-107809220	19882	1
ENSMUSG00000021756	Il6st	ENSMUST00000070731	chr13:113265216-113297068	CD130	chr13:113265216-113265216	16195	1
ENSMUSG00000020717	Pecam1	ENSMUST00000124958	chr11:106557068-106576260	CD31	chr11:106576260-106576260	18613	-1
ENSMUSG00000042817	Flt3	ENSMUST00000049324	chr5:148142317-148212065	CD135	chr5:148212065-148212065	14255	-1
ENSMUSG00000021451	Sema4d	ENSMUST00000110040	chr13:51796615-51889042	CD100	chr13:51889042-51889042	20354	-1
ENSMUSG00000039062	Anpep	ENSMUST00000049004	chr7:86966690-86987238	CD13	chr7:86987238-86987238	16790	-1
ENSMUSG00000046718	Bst2	ENSMUST00000051672	chr8:74058163-74061336	CD317	chr8:74061336-74061336	69550	-1
ENSMUSG00000030156	Cd69	ENSMUST00000032259	chr6:129217342-129225387	CD69	chr6:129225387-129225387	12515	-1
ENSMUSG00000031639	Tlr3	ENSMUST00000167106	chr8:46481265-46495962	CD283	chr8:46495962-46495962	142980	-1
ENSMUSG00000040899	Ccr6	ENSMUST00000167956	chr17:8436679-8449952	CD196	chr17:8436679-8436679	12458	1
ENSMUSG00000005824	Tnfsf14	ENSMUST00000005976	chr17:57328915-57333612	CD258	chr17:57333612-57333612	50930	-1
ENSMUSG00000031304	Il2rg	ENSMUST00000127538	chrX:98462535-98463497	CD132	chrX:98463497-98463497	16186	-1
ENSMUSG00000015396	Cd83	ENSMUST00000015540	chr13:43880476-43898499	CD83	chr13:43880476-43880476	12522	1
ENSMUSG00000038179	Slamf7	ENSMUST00000111276	chr1:173565849-173579138	CD319	chr1:173579138-173579138	75345	-1
ENSMUSG00000026285	Pdcd1	ENSMUST00000027507	chr1:95934884-95949130	CD279	chr1:95949130-95949130	18566	-1
ENSMUSG00000057439	Kir3dl2	ENSMUST00000113108	chrX:132982646-133078595	CD158K	chrX:133078595-133078595	245615	-1
ENSMUSG00000021796	Bmpr1a	ENSMUST00000049005	chr14:35223920-35315873	CD292	chr14:35315873-35315873	12166	-1
ENSMUSG00000049551	Fzd9	ENSMUST00000062572	chr5:135724808-135727100	CD349	chr5:135727100-135727100	14371	-1
ENSMUSG00000024620	Pdgfrb	ENSMUST00000025522	chr18:61204804-61244715	CD140b	chr18:61204804-61204804	18596	1
ENSMUSG00000024621	Csf1r	ENSMUST00000025523	chr18:61265226-61290788	CD115	chr18:61265226-61265226	12978	1
ENSMUSG00000079037	Prnp	ENSMUST00000091288	chr2:131735664-131764165	CD230	chr2:131735664-131735664	19122	1
ENSMUSG00000074743	Thbd	ENSMUST00000099270	chr2:148230207-148233924	CD141	chr2:148233924-148233924	21824	-1
ENSMUSG00000029802	Abcg2	ENSMUST00000147213	chr6:58534517-58614524	CD338	chr6:58534517-58534517	26357	1
ENSMUSG00000049103	Ccr2	ENSMUST00000168841	chr9:124016897-124023879	CD192	chr9:124016897-124016897	12772	1
ENSMUSG00000049791	Fzd4	ENSMUST00000058755	chr7:96552876-96558620	CD344	chr7:96552876-96552876	14366	1
ENSMUSG00000071713	Csf2rb	ENSMUST00000096355	chr15:78156420-78181430	CD131	chr15:78156420-78156420	12983	1
ENSMUSG00000015316	Slamf1	ENSMUST00000166183	chr1:173697262-173722599	CD150	chr1:173697262-173697262	27218	1
ENSMUSG00000026700	Tnfsf4	ENSMUST00000028024	chr1:163325581-163348337	CD252	chr1:163325581-163325581	22164	1
ENSMUSG00000025810	Nrp1	ENSMUST00000026917	chr8:130882973-131029362	CD304	chr8:130882973-130882973	18186	1
ENSMUSG00000026814	Eng	ENSMUST00000113272	chr2:32502478-32537335	CD105	chr2:32502478-32502478	13805	1
ENSMUSG00000021624	Cd180	ENSMUST00000171267	chr13:103483645-103494342	CD180	chr13:103483645-103483645	17079	1
ENSMUSG00000031132	Cd40lg	ENSMUST00000033466	chrX:54465320-54477219	CD154	chrX:54465320-54465320	21947	1
ENSMUSG00000005087	Cd44	ENSMUST00000005218	chr2:102651298-102741782	CD44	chr2:102741782-102741782	12505	-1
ENSMUSG00000052013	Btla	ENSMUST00000102802	chr16:45224428-45253005	CD272	chr16:45224428-45224428	208154	1
ENSMUSG00000025804	Ccr1	ENSMUST00000026911	chr9:123876959-123883525	CD191	chr9:123883525-123883525	12768	-1
ENSMUSG00000045382	Cxcr4	ENSMUST00000142893	chr1:130485676-130488870	CD184	chr1:130488870-130488870	12767	-1
ENSMUSG00000025809	Itgb1	ENSMUST00000090006	chr8:131209554-131257100	CD29	chr8:131209554-131209554	16412	1
ENSMUSG00000051839	Gypa	ENSMUST00000063359	chr8:83017944-83034684	CD235a	chr8:83017944-83017944	14934	1
ENSMUSG00000026582	Sele	ENSMUST00000027874	chr1:165978365-165987808	CD62E	chr1:165978365-165978365	20339	1
ENSMUSG00000048031	Fcrl5	ENSMUST00000049926	chr3:87239807-87261758	CD307	chr3:87239807-87239807	329693	1
ENSMUSG00000026580	Selp	ENSMUST00000086043	chr1:166053833-166079873	CD62P	chr1:166053833-166053833	20344	1
ENSMUSG00000029086	Prom1	ENSMUST00000087442	chr5:44392682-44486007	CD133	chr5:44486007-44486007	19126	-1
ENSMUSG00000029084	Cd38	ENSMUST00000030964	chr5:44260048-44303614	CD38	chr5:44260048-44260048	12494	1
ENSMUSG00000047898	Ccr4	ENSMUST00000167003	chr9:114400863-114405156	CD194	chr9:114405156-114405156	12773	-1
ENSMUSG00000029082	Bst1	ENSMUST00000101237	chr5:44210132-44234486	CD157	chr5:44210132-44210132	12182	1
ENSMUSG00000040592	Cd79b	ENSMUST00000167143	chr11:106172658-106175843	CD79b	chr11:106175843-106175843	15985	-1
ENSMUSG00000068105	Tnfrsf13c	ENSMUST00000109535	chr15:82052175-82054769	CD268	chr15:82054769-82054769	72049	-1
ENSMUSG00000004709	Cd244	ENSMUST00000004829	chr1:173489324-173515449	CD244	chr1:173489324-173489324	18106	1
ENSMUSG00000025491	Ifitm1	ENSMUST00000106042	chr7:148153120-148155724	CD225	chr7:148153120-148153120	68713	1
ENSMUSG00000025314	Ptprj	ENSMUST00000169760	chr2:90273046-90420804	CD148	chr2:90420804-90420804	19271	-1
ENSMUSG00000030830	Itgal	ENSMUST00000170971	chr7:134439924-134477242	CD11a	chr7:134439924-134439924	16408	1
ENSMUSG00000000682	Cd52	ENSMUST00000000696	chr4:133649451-133650997	CD52	chr4:133650997-133650997	23833	-1
ENSMUSG00000051439	Cd14	ENSMUST00000061829	chr18:36884728-36886390	CD14	chr18:36886390-36886390	12475	-1
ENSMUSG00000020758	Itgb4	ENSMUST00000021107	chr11:115836023-115869726	CD104	chr11:115836023-115836023	192897	1
ENSMUSG00000040522	Tlr8	ENSMUST00000133722	chrX:163683475-163702261	CD288	chrX:163702261-163702261	170744	-1
ENSMUSG00000031424	Kir3dl1	ENSMUST00000033799	chrX:133052538-133068847	CD158E1	chrX:133052538-133052538	245616	1
ENSMUSG00000035000	Dpp4	ENSMUST00000156871	chr2:62172530-62183203	CD26	chr2:62183203-62183203	13482	-1
ENSMUSG00000062312	Erbb2	ENSMUST00000138066	chr11:98288394-98288886	CD340	chr11:98288394-98288394	13866	1
ENSMUSG00000027611	Procr	ENSMUST00000155095	chr2:155576886-155579531	CD201	chr2:155576886-155576886	19124	1
ENSMUSG00000028965	Tnfrsf9	ENSMUST00000135169	chr4:150288671-150308520	CD137	chr4:150288671-150288671	21942	1
ENSMUSG00000039304	Tnfsf10	ENSMUST00000046383	chr3:27215950-27238587	CD253	chr3:27215950-27215950	22035	1
ENSMUSG00000003882	Il7r	ENSMUST00000003981	chr15:9435916-9459631	CD127	chr15:9459631-9459631	16197	-1
ENSMUSG00000022969	Il10rb	ENSMUST00000156133	chr16:91406409-91426067	CDw210b	chr16:91406409-91406409	16155	1
ENSMUSG00000039542	Ncam1	ENSMUST00000114481	chr9:49323244-49378030	CD56	chr9:49378030-49378030	17967	-1
ENSMUSG00000020330	Hmmr	ENSMUST00000127705	chr11:40536339-40546918	CD168	chr11:40546918-40546918	15366	-1
ENSMUSG00000003534	Ddr1	ENSMUST00000097333	chr17:35818515-35840986	CD167a	chr17:35840986-35840986	12305	-1
ENSMUSG00000075370	Igll1	ENSMUST00000100136	chr16:16860908-16864078	CD179b	chr16:16864078-16864078	16136	-1
ENSMUSG00000058818	Lilrb3	ENSMUST00000136238	chr7:3664134-3671993	CD85A	chr7:3671993-3671993	18733	-1
ENSMUSG00000048120	Entpd1	ENSMUST00000163023	chr19:40686856-40688635	CD39	chr19:40686856-40686856	12495	1
ENSMUSG00000006345	Ggt1	ENSMUST00000156487	chr10:75047850-75048936	CD224	chr10:75047850-75047850	14598	1
ENSMUSG00000028362	Tnfsf8	ENSMUST00000030047	chr4:63492342-63522381	CD153	chr4:63522381-63522381	21949	-1
ENSMUSG00000034783	Cd207	ENSMUST00000037882	chr6:83621201-83627851	CD207	chr6:83627851-83627851	246278	-1
ENSMUSG00000022661	Cd200	ENSMUST00000172091	chr16:45407307-45409131	CD200	chr16:45409131-45409131	17470	-1
ENSMUSG00000035498	Cdcp1	ENSMUST00000140915	chr9:123089881-123125117	CD318	chr9:123125117-123125117	109332	-1
ENSMUSG00000068758	Il3ra	ENSMUST00000090591	chr14:15179009-15188004	CD123	chr14:15179009-15179009	16188	1
ENSMUSG00000005534	Insr	ENSMUST00000091291	chr8:3150922-3279617	CD220	chr8:3279617-3279617	16337	-1
ENSMUSG00000031447	Lamp1	ENSMUST00000033824	chr8:13159135-13175338	CD107a	chr8:13159135-13159135	16783	1
ENSMUSG00000005533	Igf1r	ENSMUST00000005671	chr7:75097713-75371326	CD221	chr7:75097713-75097713	16001	1
ENSMUSG00000029075	Tnfrsf4	ENSMUST00000030952	chr4:155387952-155390721	CD134	chr4:155387952-155387952	22163	1
ENSMUSG00000048521	Cxcr6	ENSMUST00000049810	chr9:123715595-123720872	CD186	chr9:123715595-123715595	80901	1
ENSMUSG00000008845	Cd163	ENSMUST00000032234	chr6:124254669-124280545	CD163	chr6:124254669-124254669	93671	1
ENSMUSG00000042262	Ccr8	ENSMUST00000048777	chr9:120001251-120004024	CDw198	chr9:120001251-120001251	12776	1
ENSMUSG00000042784	Muc1	ENSMUST00000041142	chr3:89032979-89037303	CD227	chr3:89032979-89032979	17829	1
ENSMUSG00000029866	Kel	ENSMUST00000031899	chr6:41636329-41654338	CD238	chr6:41654338-41654338	23925	-1
ENSMUSG00000037872	Darc	ENSMUST00000038227	chr1:175262017-175263634	CD234	chr1:175263634-175263634	13349	-1
ENSMUSG00000000120	Ngfr	ENSMUST00000000122	chr11:95430132-95449049	CD271	chr11:95449049-95449049	18053	-1
ENSMUSG00000040747	Cd53	ENSMUST00000038845	chr3:106561779-106593067	CD53	chr3:106593067-106593067	12508	-1
ENSMUSG00000019818	Cd164	ENSMUST00000165564	chr10:41239699-41250847	CD164	chr10:41239699-41239699	53599	1
ENSMUSG00000008789	Ceacam5	ENSMUST00000072381	chr7:18298601-18346475	CD66e	chr7:18298601-18298601	73250	1
ENSMUSG00000040511	Pvr	ENSMUST00000043517	chr7:20488927-20506509	CD155	chr7:20506509-20506509	52118	-1
ENSMUSG00000026068	Il18rap	ENSMUST00000160468	chr1:40598537-40604748	CD218b	chr1:40598537-40598537	16174	1
ENSMUSG00000062300	Pvrl2	ENSMUST00000075447	chr7:20301993-20334922	CD112	chr7:20334922-20334922	19294	-1
ENSMUSG00000050232	Cxcr3	ENSMUST00000056614	chrX:98926874-98929608	CD183	chrX:98929608-98929608	12766	-1
ENSMUSG00000005320	Fgfr4	ENSMUST00000067171	chr13:55254001-55270094	CD334	chr13:55254001-55254001	14186	1
ENSMUSG00000002033	Cd3g	ENSMUST00000002101	chr9:44777655-44788514	CD3g	chr9:44788514-44788514	12502	-1
ENSMUSG00000075122	Cd80	ENSMUST00000114728	chr16:38459013-38487015	CD80	chr16:38459013-38459013	12519	1
ENSMUSG00000026770	Il2ra	ENSMUST00000028111	chr2:11564419-11614818	CD25	chr2:11564419-11564419	16184	1
ENSMUSG00000030124	Lag3	ENSMUST00000032217	chr6:124854379-124861723	CD223	chr6:124861723-124861723	16768	-1
ENSMUSG00000027111	Itga6	ENSMUST00000028522	chr2:71625035-71694815	CD49f	chr2:71625035-71625035	16403	1
ENSMUSG00000039005	Tlr4	ENSMUST00000048096	chr4:66488618-66503834	CD284	chr4:66488618-66488618	21898	1
ENSMUSG00000027962	Vcam1	ENSMUST00000029574	chr3:115812938-115832606	CD106	chr3:115832606-115832606	22329	-1
ENSMUSG00000038264	Sema7a	ENSMUST00000043059	chr9:57787920-57810671	CD108	chr9:57787920-57787920	20361	1
ENSMUSG00000000555	Itga5	ENSMUST00000023128	chr15:103174720-103197194	CD49e	chr15:103197194-103197194	16402	-1
ENSMUSG00000051498	Tlr6	ENSMUST00000062315	chr5:65344345-65351287	CD286	chr5:65351287-65351287	21899	-1
ENSMUSG00000030342	Cd9	ENSMUST00000032492	chr6:125410284-125444809	CD9	chr6:125444809-125444809	12527	-1
ENSMUSG00000079299	Klrb1	ENSMUST00000112110	chr6:128656526-128673064	CD161	chr6:128673064-128673064	100043861	-1
ENSMUSG00000030341	Tnfrsf1a	ENSMUST00000144524	chr6:125307783-125311796	CD120a	chr6:125307783-125307783	21937	1
ENSMUSG00000002944	Cd36	ENSMUST00000165232	chr5:17287508-17355610	CD36	chr5:17355610-17355610	12491	-1
ENSMUSG00000027820	Mme	ENSMUST00000029400	chr3:63099794-63186153	CD10	chr3:63099794-63099794	17380	1
ENSMUSG00000016496	Cd274	ENSMUST00000016640	chr19:29441945-29462585	CD274	chr19:29441945-29441945	60533	1
ENSMUSG00000047953	Gp5	ENSMUST00000061190	chr16:30307772-30310865	CD42d	chr16:30310865-30310865	14729	-1
ENSMUSG00000016494	Cd34	ENSMUST00000110815	chr1:196765015-196787486	CD34	chr1:196765015-196765015	12490	1
ENSMUSG00000020681	Ace	ENSMUST00000001964	chr11:105836522-105850567	CD143	chr11:105836522-105836522	11421	1
ENSMUSG00000016498	Pdcd1lg2	ENSMUST00000112576	chr19:29485409-29545647	CD273	chr19:29485409-29485409	58205	1
ENSMUSG00000015533	Itga2	ENSMUST00000056117	chr13:115626124-115722249	CD49b	chr13:115722249-115722249	16398	-1
ENSMUSG00000062960	Kdr	ENSMUST00000149573	chr5:76357269-76374483	CD309	chr5:76374483-76374483	16542	-1
ENSMUSG00000058728	Cd300c	ENSMUST00000106580	chr11:114817430-114830471	CD300C	chr11:114830471-114830471	387565	-1
ENSMUSG00000020689	Itgb3	ENSMUST00000127140	chr11:104498703-104531127	CD61	chr11:104498703-104498703	16416	1
ENSMUSG00000031289	Il13ra2	ENSMUST00000112827	chrX:143818021-143838375	CD213a2	chrX:143838375-143838375	16165	-1
ENSMUSG00000026980	Ly75	ENSMUST00000112533	chr2:60130160-60221360	CD205	chr2:60221360-60221360	17076	-1
ENSMUSG00000028602	Tnfrsf8	ENSMUST00000030339	chr4:144857040-144905050	CD30	chr4:144905050-144905050	21941	-1
ENSMUSG00000032412	Atp1b3	ENSMUST00000034983	chr9:96233099-96264718	CD298	chr9:96264718-96264718	11933	-1
ENSMUSG00000053044	Cd8b1	ENSMUST00000065248	chr6:71272830-71287471	CD8b	chr6:71272830-71272830	12526	1
ENSMUSG00000000290	Itgb2	ENSMUST00000153541	chr10:76993125-77028453	CD18	chr10:76993125-76993125	16414	1
ENSMUSG00000052430	Bmpr1b	ENSMUST00000098568	chr3:141503331-141832177	CDw293	chr3:141832177-141832177	12167	-1
ENSMUSG00000025473	Adam8	ENSMUST00000156647	chr7:147164831-147174333	CD156a	chr7:147174333-147174333	11501	-1
ENSMUSG00000027995	Tlr2	ENSMUST00000029623	chr3:83640195-83645689	CD282	chr3:83645689-83645689	24088	-1
ENSMUSG00000044827	Tlr1	ENSMUST00000059349	chr5:65316050-65324000	CD281	chr5:65324000-65324000	21897	-1
ENSMUSG00000054252	Fgfr3	ENSMUST00000171509	chr5:34065793-34073157	CD333	chr5:34065793-34065793	14184	1
ENSMUSG00000028459	Cd72	ENSMUST00000107926	chr4:43460596-43467435	CD72	chr4:43467435-43467435	12517	-1
ENSMUSG00000050675	Gp1ba	ENSMUST00000055184	chr11:70452624-70455538	CD42b	chr11:70452624-70452624	14723	1
ENSMUSG00000020009	Ifngr1	ENSMUST00000020188	chr10:19311755-19330035	CD119	chr10:19311755-19311755	15979	1
ENSMUSG00000027009	Itga4	ENSMUST00000155105	chr2:79095583-79098009	CD49d	chr2:79095583-79095583	16401	1
ENSMUSG00000024304	Cdh2	ENSMUST00000025166	chr18:16747386-16967755	CD325	chr18:16967755-16967755	12558	-1
ENSMUSG00000026674	Ddr2	ENSMUST00000170800	chr1:171902439-172019075	CD167b	chr1:172019075-172019075	18214	-1
ENSMUSG00000027215	Cd82	ENSMUST00000111256	chr2:93270284-93303297	CD82	chr2:93303297-93303297	12521	-1
ENSMUSG00000037944	Ccr7	ENSMUST00000103134	chr11:99005510-99016391	CD197	chr11:99016391-99016391	12775	-1
ENSMUSG00000039013	Siglec5	ENSMUST00000145867	chr7:50606711-50614838	CD170	chr7:50606711-50606711	233186	1
ENSMUSG00000026070	Il18r1	ENSMUST00000167723	chr1:40522397-40548423	CD218a	chr1:40522397-40522397	16182	1
ENSMUSG00000026073	Il1r2	ENSMUST00000171612	chr1:40141637-40182064	CD121b	chr1:40141637-40141637	16178	1
ENSMUSG00000026072	Il1r1	ENSMUST00000027241	chr1:40281925-40373022	CD121a	chr1:40281925-40281925	16177	1
ENSMUSG00000038304	Cd160	ENSMUST00000107074	chr3:96602686-96633274	CD160	chr3:96633274-96633274	54215	-1
ENSMUSG00000028599	Tnfrsf1b	ENSMUST00000030336	chr4:144803366-144836773	CD120b	chr4:144836773-144836773	21938	-1
