ensg	name
ENSMUSG00000074368	
ENSMUSG00000079808	
ENSMUSG00000074829	
ENSMUSG00000070709	1700049G17Rik
ENSMUSG00000078894	2210418O10Rik
ENSMUSG00000002345	2310045N01Rik
ENSMUSG00000060301	2610008E11Rik
ENSMUSG00000066000	2610305D13Rik
ENSMUSG00000053080	2700081O15Rik
ENSMUSG00000020491	2810021J22Rik
ENSMUSG00000089922	3110039M20Rik
ENSMUSG00000035868	3110052M02Rik
ENSMUSG00000051278	4930422G04Rik
ENSMUSG00000072762	4930522L14Rik
ENSMUSG00000058670	4932411N23Rik
ENSMUSG00000072763	5430403G16Rik
ENSMUSG00000004071	5730403B10Rik
ENSMUSG00000073197	5730507C01Rik
ENSMUSG00000030823	9130019O22Rik
ENSMUSG00000062944	9130023H24Rik
ENSMUSG00000090982	9430076C15Rik
ENSMUSG00000074158	9830147E19Rik
ENSMUSG00000056014	A430033K04Rik
ENSMUSG00000021510	A530054K11Rik
ENSMUSG00000058093	AA987161
ENSMUSG00000053950	ADNP2
ENSMUSG00000056383	AI987944
ENSMUSG00000007880	ARID1A
ENSMUSG00000069729	ARID1B
ENSMUSG00000019564	ARID3A
ENSMUSG00000004661	ARID3B
ENSMUSG00000066224	ARID3C
ENSMUSG00000048118	ARID4A
ENSMUSG00000039219	ARID4B
ENSMUSG00000037447	ARID5A
ENSMUSG00000019947	ARID5B
ENSMUSG00000085111	ASCL4
ENSMUSG00000099083	ATF7
ENSMUSG00000031229	ATRX
ENSMUSG00000078435	AU041133
ENSMUSG00000074166	AW146154
ENSMUSG00000005580	Adcy9
ENSMUSG00000051149	Adnp
ENSMUSG00000030232	Aebp2
ENSMUSG00000029313	Aff1
ENSMUSG00000031189	Aff2
ENSMUSG00000037138	Aff3
ENSMUSG00000049470	Aff4
ENSMUSG00000019256	Ahr
ENSMUSG00000021575	Ahrr
ENSMUSG00000000731	Aire
ENSMUSG00000036602	Alx1
ENSMUSG00000014603	Alx3
ENSMUSG00000040310	Alx4
ENSMUSG00000025269	Apex2
ENSMUSG00000046532	Ar
ENSMUSG00000033237	Arid2
ENSMUSG00000015522	Arnt
ENSMUSG00000015709	Arnt2
ENSMUSG00000055116	Arntl
ENSMUSG00000040187	Arntl2
ENSMUSG00000035277	Arx
ENSMUSG00000020052	Ascl1
ENSMUSG00000009248	Ascl2
ENSMUSG00000035951	Ascl3
ENSMUSG00000023027	Atf1
ENSMUSG00000027104	Atf2
ENSMUSG00000026628	Atf3
ENSMUSG00000042406	Atf4
ENSMUSG00000038539	Atf5
ENSMUSG00000026663	Atf6
ENSMUSG00000015461	Atf6b
ENSMUSG00000052414	Atf7
ENSMUSG00000073043	Atoh1
ENSMUSG00000036816	Atoh7
ENSMUSG00000037621	Atoh8
ENSMUSG00000022641	BBX
ENSMUSG00000074862	BC025920
ENSMUSG00000053175	BCL3
ENSMUSG00000025612	Bach1
ENSMUSG00000040270	Bach2
ENSMUSG00000026805	Barhl1
ENSMUSG00000034384	Barhl2
ENSMUSG00000021381	Barx1
ENSMUSG00000032033	Barx2
ENSMUSG00000034266	Batf
ENSMUSG00000039699	Batf2
ENSMUSG00000026630	Batf3
ENSMUSG00000035021	Baz1a
ENSMUSG00000040054	Baz2a
ENSMUSG00000026987	Baz2b
ENSMUSG00000000861	Bcl11a
ENSMUSG00000048251	Bcl11b
ENSMUSG00000022508	Bcl6
ENSMUSG00000000317	Bcl6b
ENSMUSG00000052271	Bhlha15
ENSMUSG00000044243	Bhlha9
ENSMUSG00000025128	Bhlhe22
ENSMUSG00000045493	Bhlhe23
ENSMUSG00000030103	Bhlhe40
ENSMUSG00000030256	Bhlhe41
ENSMUSG00000090247	Bloc1s1
ENSMUSG00000049086	Bmyc
ENSMUSG00000025105	Bnc1
ENSMUSG00000028487	Bnc2
ENSMUSG00000040481	Bptf
ENSMUSG00000054360	Bsx
ENSMUSG00000057093	C030039L03Rik
ENSMUSG00000042507	C130039O16Rik
ENSMUSG00000074529	C330013J21Rik
ENSMUSG00000028977	CASZ1
ENSMUSG00000005442	CIC
ENSMUSG00000038784	CNOT4
ENSMUSG00000038002	CRAMP1L
ENSMUSG00000035041	CREB3L3
ENSMUSG00000032515	CSRNP1
ENSMUSG00000044636	CSRNP2
ENSMUSG00000044647	CSRNP3
ENSMUSG00000024560	CXXC1
ENSMUSG00000014592	Camta1
ENSMUSG00000040712	Camta2
ENSMUSG00000008393	Carhsp1
ENSMUSG00000031885	Cbfb
ENSMUSG00000034035	Ccdc17
ENSMUSG00000052616	Ccdc79
ENSMUSG00000023932	Cdc5l
ENSMUSG00000024619	Cdx1
ENSMUSG00000029646	Cdx2
ENSMUSG00000031326	Cdx4
ENSMUSG00000034957	Cebpa
ENSMUSG00000056501	Cebpb
ENSMUSG00000052435	Cebpe
ENSMUSG00000056216	Cebpg
ENSMUSG00000090258	Churc1
ENSMUSG00000029238	Clock
ENSMUSG00000036550	Cnot1
ENSMUSG00000072678	Cphx
ENSMUSG00000025958	Creb1
ENSMUSG00000028466	Creb3
ENSMUSG00000027230	Creb3l1
ENSMUSG00000038648	Creb3l2
ENSMUSG00000027938	Creb3l4
ENSMUSG00000053007	Creb5
ENSMUSG00000022521	Crebbp
ENSMUSG00000032652	Crebl2
ENSMUSG00000051451	Crebzf
ENSMUSG00000063889	Crem
ENSMUSG00000041578	Crx
ENSMUSG00000074365	Crxos1
ENSMUSG00000030189	Csda
ENSMUSG00000042109	Csdc2
ENSMUSG00000068823	Csde1
ENSMUSG00000005698	Ctcf
ENSMUSG00000070495	Ctcfl
ENSMUSG00000029705	Cux1
ENSMUSG00000042589	Cux2
ENSMUSG00000079038	D130040H23Rik
ENSMUSG00000009640	DMAP1
ENSMUSG00000031323	DMRTC1B
ENSMUSG00000073027	DMRTC1B
ENSMUSG00000026740	DNAJC1
ENSMUSG00000004099	DNMT1
ENSMUSG00000020661	DNMT3A
ENSMUSG00000027478	DNMT3B
ENSMUSG00000000730	DNMT3L
ENSMUSG00000058537	DUX4L7
ENSMUSG00000059824	Dbp
ENSMUSG00000030507	Dbx1
ENSMUSG00000045608	Dbx2
ENSMUSG00000025408	Ddit3
ENSMUSG00000058886	Deaf1
ENSMUSG00000041911	Dlx1
ENSMUSG00000023391	Dlx2
ENSMUSG00000001510	Dlx3
ENSMUSG00000020871	Dlx4
ENSMUSG00000029755	Dlx5
ENSMUSG00000029754	Dlx6
ENSMUSG00000028707	Dmbx1
ENSMUSG00000024837	Dmrt1
ENSMUSG00000048138	Dmrt2
ENSMUSG00000042372	Dmrt3
ENSMUSG00000043753	Dmrta1
ENSMUSG00000047143	Dmrta2
ENSMUSG00000028610	Dmrtb1
ENSMUSG00000011349	Dmrtc2
ENSMUSG00000042508	Dmtf1
ENSMUSG00000029014	Dnajc2
ENSMUSG00000030584	Dpf1
ENSMUSG00000024826	Dpf2
ENSMUSG00000048502	Duxbl
ENSMUSG00000042156	Dzip1
ENSMUSG00000037784	Dzip1l
ENSMUSG00000027490	E2f1
ENSMUSG00000018983	E2f2
ENSMUSG00000016477	E2f3
ENSMUSG00000014859	E2f4
ENSMUSG00000027552	E2f5
ENSMUSG00000057469	E2f6
ENSMUSG00000020185	E2f7
ENSMUSG00000046179	E2f8
ENSMUSG00000078580	E430018J23Rik
ENSMUSG00000024137	E4f1
ENSMUSG00000057098	EBF1
ENSMUSG00000022053	EBF2
ENSMUSG00000010476	EBF3
ENSMUSG00000053552	EBF4
ENSMUSG00000022838	Eaf2
ENSMUSG00000021810	Ecd
ENSMUSG00000015092	Edf1
ENSMUSG00000038418	Egr1
ENSMUSG00000037868	Egr2
ENSMUSG00000033730	Egr3
ENSMUSG00000071341	Egr4
ENSMUSG00000012350	Ehf
ENSMUSG00000036461	Elf1
ENSMUSG00000037174	Elf2
ENSMUSG00000003051	Elf3
ENSMUSG00000031103	Elf4
ENSMUSG00000027186	Elf5
ENSMUSG00000009406	Elk1
ENSMUSG00000008398	Elk3
ENSMUSG00000026436	Elk4
ENSMUSG00000033726	Emx1
ENSMUSG00000043969	Emx2
ENSMUSG00000058665	En1
ENSMUSG00000039095	En2
ENSMUSG00000032446	Eomes
ENSMUSG00000055024	Ep300
ENSMUSG00000024140	Epas1
ENSMUSG00000040857	Erf
ENSMUSG00000040732	Erg
ENSMUSG00000030929	Eri2
ENSMUSG00000019768	Esr1
ENSMUSG00000021055	Esr2
ENSMUSG00000024955	Esrra
ENSMUSG00000021255	Esrrb
ENSMUSG00000026610	Esrrg
ENSMUSG00000023443	Esx1
ENSMUSG00000074519	Etohi1
ENSMUSG00000032035	Ets1
ENSMUSG00000022895	Ets2
ENSMUSG00000004151	Etv1
ENSMUSG00000006311	Etv2
ENSMUSG00000003382	Etv3
ENSMUSG00000017724	Etv4
ENSMUSG00000013089	Etv5
ENSMUSG00000030199	Etv6
ENSMUSG00000005503	Evx1
ENSMUSG00000001815	Evx2
	FOXD4
ENSMUSG00000097084	FOXL1
ENSMUSG00000003808	Farsa
ENSMUSG00000046518	Ferd3l
ENSMUSG00000055197	Fev
ENSMUSG00000029697	Fezf1
ENSMUSG00000021743	Fezf2
ENSMUSG00000030001	Figla
ENSMUSG00000061374	Fiz1
ENSMUSG00000016087	Fli1
ENSMUSG00000021250	Fos
ENSMUSG00000003545	Fosb
ENSMUSG00000024912	Fosl1
ENSMUSG00000029135	Fosl2
ENSMUSG00000035451	Foxa1
ENSMUSG00000037025	Foxa2
ENSMUSG00000040891	Foxa3
ENSMUSG00000059246	Foxb1
ENSMUSG00000056829	Foxb2
ENSMUSG00000050295	Foxc1
ENSMUSG00000046714	Foxc2
ENSMUSG00000078302	Foxd1
ENSMUSG00000055210	Foxd2
ENSMUSG00000067261	Foxd3
ENSMUSG00000051490	Foxd4
ENSMUSG00000070990	Foxe1
ENSMUSG00000044518	Foxe3
ENSMUSG00000042812	Foxf1a
ENSMUSG00000038402	Foxf2
ENSMUSG00000020950	Foxg1
ENSMUSG00000033837	Foxh1
ENSMUSG00000047861	Foxi1
ENSMUSG00000048377	Foxi2
ENSMUSG00000055874	Foxi3
ENSMUSG00000034227	Foxj1
ENSMUSG00000003154	Foxj2
ENSMUSG00000032998	Foxj3
ENSMUSG00000056493	Foxk1
ENSMUSG00000039275	Foxk2
ENSMUSG00000050397	Foxl2
ENSMUSG00000001517	Foxm1
ENSMUSG00000002057	Foxn1
ENSMUSG00000034998	Foxn2
ENSMUSG00000033713	Foxn3
ENSMUSG00000042002	Foxn4
ENSMUSG00000044167	Foxo1
ENSMUSG00000048756	Foxo3
ENSMUSG00000042903	Foxo4
ENSMUSG00000052135	Foxo6
ENSMUSG00000030067	Foxp1
ENSMUSG00000029563	Foxp2
ENSMUSG00000039521	Foxp3
ENSMUSG00000023991	Foxp4
ENSMUSG00000038415	Foxq1
ENSMUSG00000074397	Foxr1
ENSMUSG00000071665	Foxr2
ENSMUSG00000074676	Foxs1
ENSMUSG00000036180	GATAD2A
ENSMUSG00000029275	GFI1
ENSMUSG00000008976	Gabpa
ENSMUSG00000031162	Gata1
ENSMUSG00000015053	Gata2
ENSMUSG00000015619	Gata3
ENSMUSG00000021944	Gata4
ENSMUSG00000015627	Gata5
ENSMUSG00000005836	Gata6
ENSMUSG00000007415	Gatad1
ENSMUSG00000042390	Gatad2b
ENSMUSG00000067724	Gbx1
ENSMUSG00000034486	Gbx2
ENSMUSG00000023333	Gcm1
ENSMUSG00000021362	Gcm2
ENSMUSG00000026815	Gfi1b
ENSMUSG00000025407	Gli1
ENSMUSG00000048402	Gli2
ENSMUSG00000021318	Gli3
ENSMUSG00000034762	Glis1
ENSMUSG00000014303	Glis2
ENSMUSG00000052942	Glis3
ENSMUSG00000063905	Gm10139
ENSMUSG00000067929	Gm10226
ENSMUSG00000071295	Gm10323
ENSMUSG00000071302	Gm10324
ENSMUSG00000072672	Gm10391
ENSMUSG00000072675	Gm10394
ENSMUSG00000073448	Gm10509
ENSMUSG00000074735	Gm10749
ENSMUSG00000074837	Gm10770
ENSMUSG00000074860	Gm10778
ENSMUSG00000078767	Gm10988
ENSMUSG00000078801	Gm10991
ENSMUSG00000078890	Gm11007
ENSMUSG00000078895	Gm11009
ENSMUSG00000079390	Gm11105
ENSMUSG00000072915	Gm12258
ENSMUSG00000062632	Gm12588
ENSMUSG00000066009	Gm13051
ENSMUSG00000049410	Gm13060
ENSMUSG00000067916	Gm13139
ENSMUSG00000078497	Gm13145
ENSMUSG00000078496	Gm13152
ENSMUSG00000065999	Gm13154
ENSMUSG00000078495	Gm13157
ENSMUSG00000078502	Gm13212
ENSMUSG00000078503	Gm13225
ENSMUSG00000078500	Gm13235
ENSMUSG00000058186	Gm13242
ENSMUSG00000056300	Gm13247
ENSMUSG00000063245	Gm13248
ENSMUSG00000070605	Gm13251
ENSMUSG00000079008	Gm14124
ENSMUSG00000079009	Gm14139
ENSMUSG00000074527	Gm14296
ENSMUSG00000078878	Gm14305
ENSMUSG00000078879	Gm14306
ENSMUSG00000078880	Gm14308
ENSMUSG00000078864	Gm14322
ENSMUSG00000078863	Gm14325
ENSMUSG00000078862	Gm14326
ENSMUSG00000078903	Gm14391
ENSMUSG00000078905	Gm14393
ENSMUSG00000090093	Gm14399
ENSMUSG00000078872	Gm14401
ENSMUSG00000067480	Gm14403
ENSMUSG00000078865	Gm14406
ENSMUSG00000078876	Gm14408
ENSMUSG00000078869	Gm14409
ENSMUSG00000078868	Gm14412
ENSMUSG00000078875	Gm14419
ENSMUSG00000078866	Gm14420
ENSMUSG00000078883	Gm14430
ENSMUSG00000078882	Gm14431
ENSMUSG00000078885	Gm14432
ENSMUSG00000078884	Gm14436
ENSMUSG00000078902	Gm14443
ENSMUSG00000078906	Gm14444
ENSMUSG00000079626	Gm14543
ENSMUSG00000090015	Gm15446
ENSMUSG00000074838	Gm16512
ENSMUSG00000079392	Gm17170
ENSMUSG00000074840	Gm17449
ENSMUSG00000090756	Gm17635
ENSMUSG00000078893	Gm2004
ENSMUSG00000078888	Gm2007
ENSMUSG00000078886	Gm2026
ENSMUSG00000092544	Gm20422
ENSMUSG00000043903	Gm22
ENSMUSG00000034057	Gm239
ENSMUSG00000090221	Gm4245
ENSMUSG00000078899	Gm4631
ENSMUSG00000078898	Gm4723
ENSMUSG00000078897	Gm4724
ENSMUSG00000055942	Gm4745
ENSMUSG00000078436	Gm4767
ENSMUSG00000044690	Gm4798
ENSMUSG00000044538	Gm4830
ENSMUSG00000075045	Gm4981
ENSMUSG00000047643	Gm5454
ENSMUSG00000061969	Gm5581
ENSMUSG00000069727	Gm5595
ENSMUSG00000069475	Gm6020
ENSMUSG00000068284	Gm608
ENSMUSG00000078887	Gm6710
ENSMUSG00000067156	Gm7337
ENSMUSG00000091482	Gm8223
ENSMUSG00000089756	Gm8898
ENSMUSG00000078896	Gm8923
ENSMUSG00000078564	Gm9631
ENSMUSG00000040775	Gm9772
ENSMUSG00000036098	Gm98
ENSMUSG00000046088	Gm9805
ENSMUSG00000052909	Gm9894
ENSMUSG00000028901	Gmeb1
ENSMUSG00000038705	Gmeb2
ENSMUSG00000020656	Grhl1
ENSMUSG00000022286	Grhl2
ENSMUSG00000037188	Grhl3
ENSMUSG00000021095	Gsc
ENSMUSG00000022738	Gsc2
ENSMUSG00000053129	Gsx1
ENSMUSG00000035946	Gsx2
ENSMUSG00000060261	Gtf2i
ENSMUSG00000023079	Gtf2ird1
ENSMUSG00000015942	Gtf2ird2
ENSMUSG00000016503	Gtf3a
ENSMUSG00000027439	Gzf1
ENSMUSG00000002996	HBP1
ENSMUSG00000032329	HMG20A
ENSMUSG00000020232	HMG20B
ENSMUSG00000078249	HMGA1
ENSMUSG00000046711	HMGA1
ENSMUSG00000056758	HMGA2
ENSMUSG00000024622	HMGXB3
ENSMUSG00000034518	HMGXB4
ENSMUSG00000042499	HOXD11
ENSMUSG00000037335	Hand1
ENSMUSG00000038193	Hand2
ENSMUSG00000034551	Hdx
ENSMUSG00000047171	Helt
ENSMUSG00000022528	Hes1
ENSMUSG00000028940	Hes2
ENSMUSG00000028946	Hes3
ENSMUSG00000048001	Hes5
ENSMUSG00000067071	Hes6
ENSMUSG00000023781	Hes7
ENSMUSG00000040726	Hesx1
ENSMUSG00000040289	Hey1
ENSMUSG00000019789	Hey2
ENSMUSG00000032744	Heyl
ENSMUSG00000024986	Hhex
ENSMUSG00000043099	Hic1
ENSMUSG00000050240	Hic2
ENSMUSG00000021109	Hif1a
ENSMUSG00000004328	Hif3a
ENSMUSG00000032119	Hinfp
ENSMUSG00000021366	Hivep1
ENSMUSG00000015501	Hivep2
ENSMUSG00000028634	Hivep3
ENSMUSG00000003949	Hlf
ENSMUSG00000039377	Hlx
ENSMUSG00000021972	Hmbox1
ENSMUSG00000066530	Hmg1l1
ENSMUSG00000066551	Hmgb1
ENSMUSG00000062477	Hmgb1l
ENSMUSG00000054717	Hmgb2
ENSMUSG00000015217	Hmgb3
ENSMUSG00000048686	Hmgb4
ENSMUSG00000067438	Hmx1
ENSMUSG00000050100	Hmx2
ENSMUSG00000040148	Hmx3
ENSMUSG00000029556	Hnf1a
ENSMUSG00000020679	Hnf1b
ENSMUSG00000017950	Hnf4a
ENSMUSG00000017688	Hnf4g
ENSMUSG00000057156	Homez
ENSMUSG00000059325	Hopx
ENSMUSG00000029844	Hoxa1
ENSMUSG00000000938	Hoxa10
ENSMUSG00000038210	Hoxa11
ENSMUSG00000038203	Hoxa13
ENSMUSG00000014704	Hoxa2
ENSMUSG00000079560	Hoxa3
ENSMUSG00000000942	Hoxa4
ENSMUSG00000038253	Hoxa5
ENSMUSG00000043219	Hoxa6
ENSMUSG00000038236	Hoxa7
ENSMUSG00000038227	Hoxa9
ENSMUSG00000018973	Hoxb1
ENSMUSG00000049604	Hoxb13
ENSMUSG00000075588	Hoxb2
ENSMUSG00000048763	Hoxb3
ENSMUSG00000038692	Hoxb4
ENSMUSG00000038700	Hoxb5
ENSMUSG00000000690	Hoxb6
ENSMUSG00000038721	Hoxb7
ENSMUSG00000056648	Hoxb8
ENSMUSG00000020875	Hoxb9
ENSMUSG00000022484	Hoxc10
ENSMUSG00000001656	Hoxc11
ENSMUSG00000050328	Hoxc12
ENSMUSG00000001655	Hoxc13
ENSMUSG00000075394	Hoxc4
ENSMUSG00000022485	Hoxc5
ENSMUSG00000001661	Hoxc6
ENSMUSG00000001657	Hoxc8
ENSMUSG00000036139	Hoxc9
ENSMUSG00000042448	Hoxd1
ENSMUSG00000050368	Hoxd10
ENSMUSG00000001823	Hoxd12
ENSMUSG00000001819	Hoxd13
ENSMUSG00000079277	Hoxd3
ENSMUSG00000042464	Hoxd4
ENSMUSG00000027102	Hoxd8
ENSMUSG00000043342	Hoxd9
ENSMUSG00000022556	Hsf1
ENSMUSG00000019878	Hsf2
ENSMUSG00000045802	Hsf3
ENSMUSG00000033249	Hsf4
ENSMUSG00000070345	Hsf5
ENSMUSG00000045336	Hsfy2
ENSMUSG00000002325	IRF9
ENSMUSG00000042745	Id1
ENSMUSG00000020644	Id2
ENSMUSG00000007872	Id3
ENSMUSG00000021379	Id4
ENSMUSG00000018654	Ikzf1
ENSMUSG00000025997	Ikzf2
ENSMUSG00000018168	Ikzf3
ENSMUSG00000002578	Ikzf4
ENSMUSG00000040167	Ikzf5
ENSMUSG00000068154	Insm1
ENSMUSG00000045440	Insm2
ENSMUSG00000018899	Irf1
ENSMUSG00000031627	Irf2
ENSMUSG00000003184	Irf3
ENSMUSG00000021356	Irf4
ENSMUSG00000029771	Irf5
ENSMUSG00000026638	Irf6
ENSMUSG00000025498	Irf7
ENSMUSG00000041515	Irf8
ENSMUSG00000060969	Irx1
ENSMUSG00000001504	Irx2
ENSMUSG00000031734	Irx3
ENSMUSG00000021604	Irx4
ENSMUSG00000031737	Irx5
ENSMUSG00000031738	Irx6
ENSMUSG00000042258	Isl1
ENSMUSG00000032318	Isl2
ENSMUSG00000031621	Isx
ENSMUSG00000038518	Jarid2
ENSMUSG00000034271	Jdp2
ENSMUSG00000052684	Jun
ENSMUSG00000052837	Junb
ENSMUSG00000071076	Jund
ENSMUSG00000024926	KAT5
ENSMUSG00000031540	KAT6A
ENSMUSG00000021767	KAT6B
ENSMUSG00000030801	KAT8
ENSMUSG00000054611	KDM2A
ENSMUSG00000002028	KMT2A
ENSMUSG00000048154	KMT2D
ENSMUSG00000055239	Kcmf1
ENSMUSG00000030180	Kdm5a
ENSMUSG00000042207	Kdm5b
ENSMUSG00000025332	Kdm5c
ENSMUSG00000056673	Kdm5d
ENSMUSG00000054191	Klf1
ENSMUSG00000037465	Klf10
ENSMUSG00000020653	Klf11
ENSMUSG00000072294	Klf12
ENSMUSG00000052040	Klf13
ENSMUSG00000073209	Klf14
ENSMUSG00000030087	Klf15
ENSMUSG00000035397	Klf16
ENSMUSG00000048626	Klf17
ENSMUSG00000055148	Klf2
ENSMUSG00000029178	Klf3
ENSMUSG00000003032	Klf4
ENSMUSG00000005148	Klf5
ENSMUSG00000000078	Klf6
ENSMUSG00000025959	Klf7
ENSMUSG00000041649	Klf8
ENSMUSG00000033863	Klf9
ENSMUSG00000035576	L3mbtl1
ENSMUSG00000039089	L3mbtl3
ENSMUSG00000041565	L3mbtl4
ENSMUSG00000027985	LEF1
ENSMUSG00000096225	LHX8
ENSMUSG00000026305	LRRFIP1
ENSMUSG00000032497	LRRFIP2
ENSMUSG00000067367	LYAR
ENSMUSG00000015714	Lass2
ENSMUSG00000030510	Lass3
ENSMUSG00000008206	Lass4
ENSMUSG00000023021	Lass5
ENSMUSG00000027035	Lass6
ENSMUSG00000025216	Lbx1
ENSMUSG00000034968	Lbx2
ENSMUSG00000025019	Lcor
ENSMUSG00000015882	Lcorl
ENSMUSG00000018698	Lhx1
ENSMUSG00000000247	Lhx2
ENSMUSG00000026934	Lhx3
ENSMUSG00000026468	Lhx4
ENSMUSG00000029595	Lhx5
ENSMUSG00000026890	Lhx6
ENSMUSG00000028201	Lhx8
ENSMUSG00000019230	Lhx9
ENSMUSG00000050966	Lin28a
ENSMUSG00000063804	Lin28b
ENSMUSG00000022500	Litaf
ENSMUSG00000026686	Lmx1a
ENSMUSG00000038765	Lmx1b
ENSMUSG00000034041	Lyl1
ENSMUSG00000036306	Lzts1
ENSMUSG00000035342	Lzts2
ENSMUSG00000028522	MIER1
ENSMUSG00000042570	MIER2
ENSMUSG00000032727	MIER3
ENSMUSG00000025912	MYBL1
ENSMUSG00000055435	Maf
ENSMUSG00000047591	Mafa
ENSMUSG00000074622	Mafb
ENSMUSG00000042622	Maff
ENSMUSG00000051510	Mafg
ENSMUSG00000018143	Mafk
ENSMUSG00000059436	Max
ENSMUSG00000030678	Maz
ENSMUSG00000024561	Mbd1
ENSMUSG00000024513	Mbd2
ENSMUSG00000035478	Mbd3
ENSMUSG00000030322	Mbd4
ENSMUSG00000036792	Mbd5
ENSMUSG00000025409	Mbd6
ENSMUSG00000046873	Mbtps2
ENSMUSG00000027684	Mecom
ENSMUSG00000031393	Mecp2
ENSMUSG00000030557	Mef2a
ENSMUSG00000079033	Mef2b
ENSMUSG00000005583	Mef2c
ENSMUSG00000001419	Mef2d
ENSMUSG00000020160	Meis1
ENSMUSG00000027210	Meis2
ENSMUSG00000041420	Meis3
ENSMUSG00000001493	Meox1
ENSMUSG00000036144	Meox2
ENSMUSG00000030544	Mesp1
ENSMUSG00000030543	Mesp2
ENSMUSG00000033943	Mga
ENSMUSG00000035158	Mitf
ENSMUSG00000026497	Mixl1
ENSMUSG00000061013	Mkx
ENSMUSG00000017801	Mlx
ENSMUSG00000038342	Mlxip
ENSMUSG00000005373	Mlxipl
ENSMUSG00000000282	Mnt
ENSMUSG00000001566	Mnx1
ENSMUSG00000024181	Mrpl28
ENSMUSG00000025930	Msc
ENSMUSG00000047002	Msgn1
ENSMUSG00000048450	Msx1
ENSMUSG00000021469	Msx2
ENSMUSG00000025469	Msx3
ENSMUSG00000021144	Mta1
ENSMUSG00000071646	Mta2
ENSMUSG00000055817	Mta3
ENSMUSG00000028890	Mtf1
ENSMUSG00000001156	Mxd1
ENSMUSG00000021485	Mxd3
ENSMUSG00000037235	Mxd4
ENSMUSG00000025025	Mxi1
ENSMUSG00000019982	Myb
ENSMUSG00000017861	Mybl2
ENSMUSG00000022346	Myc
ENSMUSG00000028654	Mycl1
ENSMUSG00000037169	Mycn
ENSMUSG00000044597	Mycs
ENSMUSG00000000435	Myf5
ENSMUSG00000035923	Myf6
ENSMUSG00000037730	Mynn
ENSMUSG00000009471	Myod1
ENSMUSG00000026459	Myog
ENSMUSG00000062627	Mysm1
ENSMUSG00000038909	Myst2
ENSMUSG00000010505	Myt1
ENSMUSG00000061911	Myt1l
ENSMUSG00000030380	Mzf1
ENSMUSG00000001053	N4bp3
ENSMUSG00000028565	NFIA
ENSMUSG00000008575	NFIB
ENSMUSG00000055053	NFIC
ENSMUSG00000001911	NFIX
ENSMUSG00000021025	NFKBIA
ENSMUSG00000030595	NFKBIB
ENSMUSG00000036931	NFKBID
ENSMUSG00000023947	NFKBIE
ENSMUSG00000042419	NFKBIL1
ENSMUSG00000035356	NFKBIZ
ENSMUSG00000020248	NFYB
ENSMUSG00000032897	NFYC
ENSMUSG00000031311	NONO
ENSMUSG00000045903	NPAS4
ENSMUSG00000025056	NR0B1
ENSMUSG00000037583	NR0B2
ENSMUSG00000058440	NRF1
ENSMUSG00000012396	Nanog
ENSMUSG00000020647	Ncoa1
ENSMUSG00000005886	Ncoa2
ENSMUSG00000027678	Ncoa3
ENSMUSG00000018501	Ncor1
ENSMUSG00000029478	Ncor2
ENSMUSG00000039396	Neil3
ENSMUSG00000034701	Neurod1
ENSMUSG00000038255	Neurod2
ENSMUSG00000048015	Neurod4
ENSMUSG00000037984	Neurod6
ENSMUSG00000048904	Neurog1
ENSMUSG00000027967	Neurog2
ENSMUSG00000044312	Neurog3
ENSMUSG00000003847	Nfat5
ENSMUSG00000033016	Nfatc1
ENSMUSG00000027544	Nfatc2
ENSMUSG00000031902	Nfatc3
ENSMUSG00000023411	Nfatc4
ENSMUSG00000058794	Nfe2
ENSMUSG00000038615	Nfe2l1
ENSMUSG00000015839	Nfe2l2
ENSMUSG00000029832	Nfe2l3
ENSMUSG00000056749	Nfil3
ENSMUSG00000028163	Nfkb1
ENSMUSG00000025225	Nfkb2
ENSMUSG00000028423	Nfx1
ENSMUSG00000072889	Nfxl1
ENSMUSG00000023994	Nfya
ENSMUSG00000051251	Nhlh1
ENSMUSG00000048540	Nhlh2
ENSMUSG00000029112	Nkx1-1
ENSMUSG00000048528	Nkx1-2
ENSMUSG00000001496	Nkx2-1
ENSMUSG00000027434	Nkx2-2
ENSMUSG00000044220	Nkx2-3
ENSMUSG00000054160	Nkx2-4
ENSMUSG00000015579	Nkx2-5
ENSMUSG00000044186	Nkx2-6
ENSMUSG00000058669	Nkx2-9
ENSMUSG00000022061	Nkx3-1
ENSMUSG00000049691	Nkx3-2
ENSMUSG00000035187	Nkx6-1
ENSMUSG00000041309	Nkx6-2
ENSMUSG00000063672	Nkx6-3
ENSMUSG00000029736	Nobox
ENSMUSG00000068302	Noto
ENSMUSG00000001988	Npas1
ENSMUSG00000026077	Npas2
ENSMUSG00000021010	Npas3
ENSMUSG00000020889	Nr1d1
ENSMUSG00000021775	Nr1d2
ENSMUSG00000060601	Nr1h2
ENSMUSG00000002108	Nr1h3
ENSMUSG00000047638	Nr1h4
ENSMUSG00000048938	Nr1h5
ENSMUSG00000022809	Nr1i2
ENSMUSG00000005677	Nr1i3
ENSMUSG00000005897	Nr2c1
ENSMUSG00000005893	Nr2c2
ENSMUSG00000019803	Nr2e1
ENSMUSG00000032292	Nr2e3
ENSMUSG00000069171	Nr2f1
ENSMUSG00000030551	Nr2f2
ENSMUSG00000002393	Nr2f6
ENSMUSG00000024431	Nr3c1
ENSMUSG00000031618	Nr3c2
ENSMUSG00000023034	Nr4a1
ENSMUSG00000026826	Nr4a2
ENSMUSG00000028341	Nr4a3
ENSMUSG00000026751	Nr5a1
ENSMUSG00000026398	Nr5a2
ENSMUSG00000063972	Nr6a1
ENSMUSG00000040632	Nrl
ENSMUSG00000022009	Nufip1
ENSMUSG00000021848	OTX2
ENSMUSG00000054310	Obox1
ENSMUSG00000074369	Obox2
ENSMUSG00000066772	Obox3
ENSMUSG00000074366	Obox5
ENSMUSG00000041583	Obox6
ENSMUSG00000046160	Olig1
ENSMUSG00000039830	Olig2
ENSMUSG00000045591	Olig3
ENSMUSG00000043013	Onecut1
ENSMUSG00000045991	Onecut2
ENSMUSG00000045518	Onecut3
ENSMUSG00000048387	Osr1
ENSMUSG00000022330	Osr2
ENSMUSG00000021685	Otp
ENSMUSG00000005917	Otx1
ENSMUSG00000024922	Ovol1
ENSMUSG00000037279	Ovol2
ENSMUSG00000056028	Ovol3
ENSMUSG00000042323	PBRM1
ENSMUSG00000061360	PHF5A
ENSMUSG00000058388	PHTF1
ENSMUSG00000039987	PHTF2
ENSMUSG00000038902	POGZ
ENSMUSG00000090125	POU3F1
ENSMUSG00000095139	POU3F2
ENSMUSG00000098598	POU6F1
ENSMUSG00000009734	POU6F2
ENSMUSG00000040734	PPP1R13L
ENSMUSG00000051977	PRDM9
ENSMUSG00000030753	PRKRIR
ENSMUSG00000021938	PSPC1
ENSMUSG00000043991	PURA
ENSMUSG00000094483	PURB
ENSMUSG00000049184	PURG
ENSMUSG00000020453	Patz1
ENSMUSG00000037034	Pax1
ENSMUSG00000004231	Pax2
ENSMUSG00000004872	Pax3
ENSMUSG00000029706	Pax4
ENSMUSG00000014030	Pax5
ENSMUSG00000027168	Pax6
ENSMUSG00000028736	Pax7
ENSMUSG00000026976	Pax8
ENSMUSG00000001497	Pax9
ENSMUSG00000052534	Pbx1
ENSMUSG00000034673	Pbx2
ENSMUSG00000038718	Pbx3
ENSMUSG00000031860	Pbx4
ENSMUSG00000029644	Pdx1
ENSMUSG00000002265	Peg3
ENSMUSG00000031870	Pgr
ENSMUSG00000038116	Phf20
ENSMUSG00000007946	Phox2a
ENSMUSG00000012520	Phox2b
ENSMUSG00000032405	Pias1
ENSMUSG00000025423	Pias2
ENSMUSG00000028101	Pias3
ENSMUSG00000004934	Pias4
ENSMUSG00000021506	Pitx1
ENSMUSG00000028023	Pitx2
ENSMUSG00000025229	Pitx3
ENSMUSG00000006705	Pknox1
ENSMUSG00000035934	Pknox2
ENSMUSG00000003282	Plag1
ENSMUSG00000019817	Plagl1
ENSMUSG00000051413	Plagl2
ENSMUSG00000026098	Pms1
ENSMUSG00000004842	Pou1f1
ENSMUSG00000026565	Pou2f1
ENSMUSG00000008496	Pou2f2
ENSMUSG00000032015	Pou2f3
ENSMUSG00000078236	Pou3f1
ENSMUSG00000052621	Pou3f2
ENSMUSG00000045515	Pou3f3
ENSMUSG00000056854	Pou3f4
ENSMUSG00000048349	Pou4f1
ENSMUSG00000031688	Pou4f2
ENSMUSG00000024497	Pou4f3
ENSMUSG00000024406	Pou5f1
ENSMUSG00000009739	Pou6f1
ENSMUSG00000022383	Ppara
ENSMUSG00000002250	Ppard
ENSMUSG00000000440	Pparg
ENSMUSG00000038151	Prdm1
ENSMUSG00000042496	Prdm10
ENSMUSG00000079466	Prdm12
ENSMUSG00000040478	Prdm13
ENSMUSG00000042414	Prdm14
ENSMUSG00000014039	Prdm15
ENSMUSG00000039410	Prdm16
ENSMUSG00000057637	Prdm2
ENSMUSG00000035529	Prdm4
ENSMUSG00000029913	Prdm5
ENSMUSG00000069378	Prdm6
ENSMUSG00000035456	Prdm8
ENSMUSG00000045302	Preb
ENSMUSG00000044542	Prop1
ENSMUSG00000037703	Prosapip1
ENSMUSG00000010175	Prox1
ENSMUSG00000042320	Prox2
ENSMUSG00000026586	Prrx1
ENSMUSG00000039476	Prrx2
ENSMUSG00000041730	Prrxl1
ENSMUSG00000026735	Ptf1a
ENSMUSG00000075376	RC3H2
ENSMUSG00000057173	RFX8
ENSMUSG00000036120	RFXANK
ENSMUSG00000036615	RFXAP
ENSMUSG00000050197	RHOXF1
ENSMUSG00000025340	Rabgef1
ENSMUSG00000037992	Rara
ENSMUSG00000017491	Rarb
ENSMUSG00000001288	Rarg
ENSMUSG00000024518	Rax
ENSMUSG00000061898	Rbak
ENSMUSG00000039191	Rbpj
ENSMUSG00000017007	Rbpjl
ENSMUSG00000079575	Rbpsuh-rs3
ENSMUSG00000037896	Rcor1
ENSMUSG00000024968	Rcor2
ENSMUSG00000037395	Rcor3
ENSMUSG00000020275	Rel
ENSMUSG00000024927	Rela
ENSMUSG00000002983	Relb
ENSMUSG00000052751	Repin1
ENSMUSG00000039852	Rere
ENSMUSG00000029249	Rest
ENSMUSG00000067919	Rex2
ENSMUSG00000078499	Rex2
ENSMUSG00000031706	Rfx1
ENSMUSG00000024206	Rfx2
ENSMUSG00000040929	Rfx3
ENSMUSG00000020037	Rfx4
ENSMUSG00000005774	Rfx5
ENSMUSG00000019900	Rfx6
ENSMUSG00000037674	Rfx7
ENSMUSG00000071773	Rhox1
ENSMUSG00000053909	Rhox10
ENSMUSG00000051038	Rhox11
ENSMUSG00000071766	Rhox12
ENSMUSG00000051827	Rhox2a
ENSMUSG00000079638	Rhox2b
ENSMUSG00000079637	Rhox2c
ENSMUSG00000079634	Rhox2d
ENSMUSG00000063709	Rhox2e
ENSMUSG00000079632	Rhox2f
ENSMUSG00000079629	Rhox2g
ENSMUSG00000079627	Rhox2h
ENSMUSG00000059626	Rhox3a
ENSMUSG00000079636	Rhox3c
ENSMUSG00000071772	Rhox3e
ENSMUSG00000079631	Rhox3f
ENSMUSG00000071769	Rhox3h
ENSMUSG00000079639	Rhox4a
ENSMUSG00000071771	Rhox4b
ENSMUSG00000079635	Rhox4c
ENSMUSG00000079633	Rhox4d
ENSMUSG00000071770	Rhox4e
ENSMUSG00000079630	Rhox4f
ENSMUSG00000079628	Rhox4g
ENSMUSG00000006200	Rhox6
ENSMUSG00000071767	Rhox7
ENSMUSG00000064137	Rhox8
ENSMUSG00000068048	Rhox9
ENSMUSG00000049878	Rlf
ENSMUSG00000024317	Rnf138
ENSMUSG00000032238	Rora
ENSMUSG00000036192	Rorb
ENSMUSG00000028150	Rorc
ENSMUSG00000022601	Rpl24
ENSMUSG00000039087	Rreb1
ENSMUSG00000058900	Rsl1
ENSMUSG00000022952	Runx1
ENSMUSG00000039153	Runx2
ENSMUSG00000070691	Runx3
ENSMUSG00000015846	Rxra
ENSMUSG00000039656	Rxrb
ENSMUSG00000015843	Rxrg
ENSMUSG00000017344	SEBOX
ENSMUSG00000028820	SFPQ
ENSMUSG00000031099	SMARCA1
ENSMUSG00000031715	SMARCA5
ENSMUSG00000037935	SMARCE1
ENSMUSG00000096014	SOX1
ENSMUSG00000033006	SOX10
ENSMUSG00000063632	SOX11
ENSMUSG00000051817	SOX12
ENSMUSG00000070643	SOX13
ENSMUSG00000053747	SOX14
ENSMUSG00000041287	SOX15
ENSMUSG00000025902	SOX17
ENSMUSG00000046470	SOX18
ENSMUSG00000074637	SOX2
ENSMUSG00000061517	SOX21
ENSMUSG00000045179	SOX3
ENSMUSG00000040489	SOX30
ENSMUSG00000076431	SOX4
ENSMUSG00000041540	SOX5
ENSMUSG00000051910	SOX6
ENSMUSG00000063060	SOX7
ENSMUSG00000024176	SOX8
ENSMUSG00000000567	SOX9
ENSMUSG00000094915	SP100
ENSMUSG00000094799	SP110
ENSMUSG00000095250	SP110
ENSMUSG00000095092	SP110
ENSMUSG00000094874	SP110
ENSMUSG00000095672	SP110
ENSMUSG00000089844	SP140
ENSMUSG00000052477	SP140
ENSMUSG00000079190	SP140
ENSMUSG00000079192	SP140
ENSMUSG00000079794	SP140
ENSMUSG00000095500	SP140
ENSMUSG00000094514	SP140L
ENSMUSG00000027067	SSRP1
ENSMUSG00000031665	Sall1
ENSMUSG00000049532	Sall2
ENSMUSG00000024565	Sall3
ENSMUSG00000027547	Sall4
ENSMUSG00000039148	Sart1
ENSMUSG00000023927	Satb1
ENSMUSG00000038331	Satb2
ENSMUSG00000048385	Scrt1
ENSMUSG00000060257	Scrt2
ENSMUSG00000034161	Scx
ENSMUSG00000001103	Sebox
ENSMUSG00000015697	Setdb1
ENSMUSG00000071350	Setdb2
ENSMUSG00000002111	Sfpi1
ENSMUSG00000027833	Shox2
ENSMUSG00000019913	Sim1
ENSMUSG00000062713	Sim2
ENSMUSG00000051367	Six1
ENSMUSG00000024134	Six2
ENSMUSG00000038805	Six3
ENSMUSG00000034460	Six4
ENSMUSG00000040841	Six5
ENSMUSG00000021099	Six6
ENSMUSG00000031681	Smad1
ENSMUSG00000024563	Smad2
ENSMUSG00000032402	Smad3
ENSMUSG00000024515	Smad4
ENSMUSG00000021540	Smad5
ENSMUSG00000036867	Smad6
ENSMUSG00000025880	Smad7
ENSMUSG00000027796	Smad9
ENSMUSG00000032481	Smarcc1
ENSMUSG00000025369	Smarcc2
ENSMUSG00000042821	Snai1
ENSMUSG00000022676	Snai2
ENSMUSG00000006587	Snai3
ENSMUSG00000036281	Snapc4
ENSMUSG00000059625	Sohlh1
ENSMUSG00000027794	Sohlh2
ENSMUSG00000001280	Sp1
ENSMUSG00000026222	Sp100
ENSMUSG00000070034	Sp110
ENSMUSG00000070031	Sp140
ENSMUSG00000018678	Sp2
ENSMUSG00000027109	Sp3
ENSMUSG00000025323	Sp4
ENSMUSG00000075304	Sp5
ENSMUSG00000038560	Sp6
ENSMUSG00000060284	Sp7
ENSMUSG00000048562	Sp8
ENSMUSG00000068859	Sp9
ENSMUSG00000024215	Spdef
ENSMUSG00000008193	Spib
ENSMUSG00000004359	Spic
ENSMUSG00000046957	Spz1
ENSMUSG00000020538	Srebf1
ENSMUSG00000022463	Srebf2
ENSMUSG00000015605	Srf
ENSMUSG00000069036	Sry
ENSMUSG00000033740	St18
ENSMUSG00000026104	Stat1
ENSMUSG00000040033	Stat2
ENSMUSG00000004040	Stat3
ENSMUSG00000062939	Stat4
ENSMUSG00000004043	Stat5a
ENSMUSG00000020919	Stat5b
ENSMUSG00000002147	Stat6
ENSMUSG00000022205	Sub1
ENSMUSG00000062327	T
ENSMUSG00000029196	TADA2B
ENSMUSG00000031314	TAF1
ENSMUSG00000014767	TBP
ENSMUSG00000071359	TBPL1
ENSMUSG00000061809	TBPL2
ENSMUSG00000001472	TCF25
ENSMUSG00000000782	TCF7
ENSMUSG00000055799	TCF7L1
ENSMUSG00000024985	TCF7L2
ENSMUSG00000047146	TET1
ENSMUSG00000003923	TFAM
ENSMUSG00000045842	TGIF2
ENSMUSG00000037214	THAP1
ENSMUSG00000036442	THAP11
ENSMUSG00000020137	THAP2
ENSMUSG00000039759	THAP3
ENSMUSG00000026279	THAP4
ENSMUSG00000022760	THAP7
ENSMUSG00000059323	TONSL
ENSMUSG00000041272	TOX
ENSMUSG00000074607	TOX2
ENSMUSG00000043668	TOX3
ENSMUSG00000016831	TOX4
ENSMUSG00000091020	TOX4
ENSMUSG00000022010	TSC22D1
ENSMUSG00000027806	TSC22D2
ENSMUSG00000031431	TSC22D3
ENSMUSG00000029723	TSC22D4
ENSMUSG00000018651	Tada2a
ENSMUSG00000028717	Tal1
ENSMUSG00000028417	Tal2
ENSMUSG00000035033	Tbr1
ENSMUSG00000009097	Tbx1
ENSMUSG00000037477	Tbx10
ENSMUSG00000027868	Tbx15
ENSMUSG00000032419	Tbx18
ENSMUSG00000026572	Tbx19
ENSMUSG00000000093	Tbx2
ENSMUSG00000031965	Tbx20
ENSMUSG00000001444	Tbx21
ENSMUSG00000031241	Tbx22
ENSMUSG00000018604	Tbx3
ENSMUSG00000000094	Tbx4
ENSMUSG00000018263	Tbx5
ENSMUSG00000030699	Tbx6
ENSMUSG00000032228	Tcf12
ENSMUSG00000068079	Tcf15
ENSMUSG00000045680	Tcf21
ENSMUSG00000006642	Tcf23
ENSMUSG00000020167	Tcf3
ENSMUSG00000053477	Tcf4
ENSMUSG00000038932	Tcfl5
ENSMUSG00000055320	Tead1
ENSMUSG00000030796	Tead2
ENSMUSG00000002249	Tead3
ENSMUSG00000030353	Tead4
ENSMUSG00000022389	Tef
ENSMUSG00000025925	Terf1
ENSMUSG00000031921	Terf2
ENSMUSG00000021359	Tfap2a
ENSMUSG00000025927	Tfap2b
ENSMUSG00000028640	Tfap2c
ENSMUSG00000042596	Tfap2d
ENSMUSG00000042477	Tfap2e
ENSMUSG00000005718	Tfap4
ENSMUSG00000009733	Tfcp2
ENSMUSG00000026380	Tfcp2l1
ENSMUSG00000038482	Tfdp1
ENSMUSG00000032411	Tfdp2
ENSMUSG00000000134	Tfe3
ENSMUSG00000023990	Tfeb
ENSMUSG00000029553	Tfec
ENSMUSG00000047407	Tgif1
ENSMUSG00000062175	Tgif2
ENSMUSG00000061283	Tgif2lx1
ENSMUSG00000063242	Tgif2lx2
ENSMUSG00000060466	Thap6
ENSMUSG00000058756	Thra
ENSMUSG00000021779	Thrb
ENSMUSG00000025215	Tlx1
ENSMUSG00000068327	Tlx2
ENSMUSG00000040610	Tlx3
ENSMUSG00000019850	Tnfaip3
ENSMUSG00000002814	Top3a
ENSMUSG00000064043	Trerf1
ENSMUSG00000059552	Trp53
ENSMUSG00000022510	Trp63
ENSMUSG00000029026	Trp73
ENSMUSG00000038679	Trps1
ENSMUSG00000046982	Tshz1
ENSMUSG00000047907	Tshz2
ENSMUSG00000021217	Tshz3
ENSMUSG00000026803	Ttf1
ENSMUSG00000033222	Ttf2
ENSMUSG00000031028	Tub
ENSMUSG00000037446	Tulp1
ENSMUSG00000023467	Tulp2
ENSMUSG00000001521	Tulp3
ENSMUSG00000034377	Tulp4
ENSMUSG00000035799	Twist1
ENSMUSG00000007805	Twist2
ENSMUSG00000020923	UBTF
ENSMUSG00000058239	USF2
ENSMUSG00000047751	UTF1
ENSMUSG00000009741	Ubp1
ENSMUSG00000074502	Ubtfl1
ENSMUSG00000029546	Uncx
ENSMUSG00000026641	Usf1
ENSMUSG00000006270	Vax1
ENSMUSG00000034777	Vax2
ENSMUSG00000022479	Vdr
ENSMUSG00000018377	Vezf1
ENSMUSG00000008958	Vps72
ENSMUSG00000033080	Vsx1
ENSMUSG00000021239	Vsx2
ENSMUSG00000057406	WHSC1
ENSMUSG00000037572	Wdhd1
ENSMUSG00000024050	Wiz
ENSMUSG00000016458	Wt1
ENSMUSG00000020484	Xbp1
ENSMUSG00000028639	Ybx1
ENSMUSG00000018554	Ybx2
ENSMUSG00000021264	Yy1
ENSMUSG00000091736	Yy2
ENSMUSG00000041995	ZBED3
ENSMUSG00000094410	ZBED6
ENSMUSG00000096192	ZBTB7B
ENSMUSG00000059273	ZC3H4
ENSMUSG00000042851	ZC3H6
ENSMUSG00000027387	ZC3H8
ENSMUSG00000022335	ZFAT
ENSMUSG00000098022	ZFP82
ENSMUSG00000027582	ZGPAT
ENSMUSG00000094870	ZNF131
ENSMUSG00000078498	ZNF16
ENSMUSG00000072623	ZNF25
ENSMUSG00000091474	ZNF267
ENSMUSG00000049764	ZNF280B
ENSMUSG00000036916	ZNF280C
ENSMUSG00000038535	ZNF280D
ENSMUSG00000048410	ZNF407
ENSMUSG00000073423	ZNF414
ENSMUSG00000048280	ZNF43
ENSMUSG00000095432	ZNF43
ENSMUSG00000094942	ZNF468
ENSMUSG00000090641	ZNF470
ENSMUSG00000032425	ZNF487
ENSMUSG00000025470	ZNF511
ENSMUSG00000095325	ZNF556
ENSMUSG00000094441	ZNF556
ENSMUSG00000095253	ZNF556
ENSMUSG00000091388	ZNF556
ENSMUSG00000078867	ZNF557
ENSMUSG00000074500	ZNF558
ENSMUSG00000096910	ZNF57
ENSMUSG00000097565	ZNF595
ENSMUSG00000091347	ZNF627
ENSMUSG00000092260	ZNF669
ENSMUSG00000091764	ZNF669
ENSMUSG00000090659	ZNF675
ENSMUSG00000051037	ZNF676
ENSMUSG00000033883	ZNF681
ENSMUSG00000037243	ZNF692
ENSMUSG00000086147	ZNF701
ENSMUSG00000099122	ZNF716
ENSMUSG00000098905	ZNF730
ENSMUSG00000096916	ZNF780A
ENSMUSG00000096718	ZNF781
ENSMUSG00000094076	ZNF788
ENSMUSG00000096696	ZNF788
ENSMUSG00000090744	ZNF788
ENSMUSG00000095315	ZNF788
ENSMUSG00000095545	ZNF788
ENSMUSG00000074832	ZNF788
ENSMUSG00000091594	ZNF788
ENSMUSG00000096795	ZNF788
ENSMUSG00000092335	ZNF788
ENSMUSG00000095362	ZNF788
ENSMUSG00000092225	ZNF788
ENSMUSG00000078901	ZNF788
ENSMUSG00000095990	ZNF788
ENSMUSG00000089951	ZNF788
ENSMUSG00000095199	ZNF788
ENSMUSG00000080717	ZNF788
ENSMUSG00000073158	ZNF788
ENSMUSG00000096856	ZNF788
ENSMUSG00000063364	ZNF788
ENSMUSG00000095193	ZNF788
ENSMUSG00000074887	ZNF788
ENSMUSG00000094932	ZNF788
ENSMUSG00000078881	ZNF788
ENSMUSG00000078889	ZNF788
ENSMUSG00000074521	ZNF788
ENSMUSG00000072761	ZNF788
ENSMUSG00000073184	ZNF788
ENSMUSG00000094475	ZNF788
ENSMUSG00000078877	ZNF788
ENSMUSG00000060397	ZNF8
ENSMUSG00000096433	ZNF860
ENSMUSG00000094786	ZNF891
ENSMUSG00000078870	ZNF891
ENSMUSG00000039501	ZNFX1
ENSMUSG00000095339	ZSCAN4
ENSMUSG00000090714	ZSCAN4
ENSMUSG00000095936	ZSCAN4
ENSMUSG00000034333	Zbed4
ENSMUSG00000033454	Zbtb1
ENSMUSG00000069114	Zbtb10
ENSMUSG00000049823	Zbtb12
ENSMUSG00000066687	Zbtb16
ENSMUSG00000006215	Zbtb17
ENSMUSG00000075327	Zbtb2
ENSMUSG00000022708	Zbtb20
ENSMUSG00000051390	Zbtb22
ENSMUSG00000019826	Zbtb24
ENSMUSG00000056459	Zbtb25
ENSMUSG00000050714	Zbtb26
ENSMUSG00000071661	Zbtb3
ENSMUSG00000006310	Zbtb32
ENSMUSG00000048047	Zbtb33
ENSMUSG00000068966	Zbtb34
ENSMUSG00000043467	Zbtb37
ENSMUSG00000040433	Zbtb38
ENSMUSG00000044617	Zbtb39
ENSMUSG00000018750	Zbtb4
ENSMUSG00000060862	Zbtb40
ENSMUSG00000033964	Zbtb41
ENSMUSG00000037638	Zbtb42
ENSMUSG00000026788	Zbtb43
ENSMUSG00000047412	Zbtb44
ENSMUSG00000049600	Zbtb45
ENSMUSG00000027583	Zbtb46
ENSMUSG00000028952	Zbtb48
ENSMUSG00000029127	Zbtb49
ENSMUSG00000049657	Zbtb5
ENSMUSG00000066798	Zbtb6
ENSMUSG00000035011	Zbtb7a
ENSMUSG00000028042	Zbtb7b
ENSMUSG00000044646	Zbtb7c
ENSMUSG00000028807	Zbtb8a
ENSMUSG00000048485	Zbtb8b
ENSMUSG00000029179	Zcchc4
ENSMUSG00000024238	Zeb1
ENSMUSG00000026872	Zeb2
ENSMUSG00000049576	Zfa
ENSMUSG00000024750	Zfand5
ENSMUSG00000030629	Zfand6
ENSMUSG00000040721	Zfhx2
ENSMUSG00000038872	Zfhx3
ENSMUSG00000025255	Zfhx4
ENSMUSG00000055835	Zfp1
ENSMUSG00000055240	Zfp101
ENSMUSG00000057895	Zfp105
ENSMUSG00000030486	Zfp108
ENSMUSG00000074283	Zfp109
ENSMUSG00000051034	Zfp11
ENSMUSG00000058638	Zfp110
ENSMUSG00000087598	Zfp111
ENSMUSG00000052675	Zfp112
ENSMUSG00000037007	Zfp113
ENSMUSG00000068962	Zfp114
ENSMUSG00000057835	Zfp119a
ENSMUSG00000062101	Zfp119b
ENSMUSG00000029587	Zfp12
ENSMUSG00000068134	Zfp120
ENSMUSG00000069755	Zfp125
ENSMUSG00000062012	Zfp13
ENSMUSG00000079303	Zfp131
ENSMUSG00000079840	Zfp131
ENSMUSG00000053985	Zfp14
ENSMUSG00000026135	Zfp142
ENSMUSG00000061079	Zfp143
ENSMUSG00000037029	Zfp146
ENSMUSG00000022811	Zfp148
ENSMUSG00000036898	Zfp157
ENSMUSG00000067942	Zfp160
ENSMUSG00000049672	Zfp161
ENSMUSG00000063488	Zfp167
ENSMUSG00000050954	Zfp169
ENSMUSG00000054939	Zfp174
ENSMUSG00000057101	Zfp180
ENSMUSG00000054737	Zfp182
ENSMUSG00000006720	Zfp184
ENSMUSG00000022228	Zfp187
ENSMUSG00000039634	Zfp189
ENSMUSG00000051469	Zfp191
ENSMUSG00000063894	Zfp192
ENSMUSG00000049321	Zfp2
ENSMUSG00000025602	Zfp202
ENSMUSG00000017421	Zfp207
ENSMUSG00000052763	Zfp212
ENSMUSG00000071256	Zfp213
ENSMUSG00000052056	Zfp217
ENSMUSG00000049295	Zfp219
ENSMUSG00000061544	Zfp229
ENSMUSG00000047603	Zfp235
ENSMUSG00000041258	Zfp236
ENSMUSG00000063659	Zfp238
ENSMUSG00000042097	Zfp239
ENSMUSG00000030145	Zfp248
ENSMUSG00000022526	Zfp251
ENSMUSG00000063108	Zfp26
ENSMUSG00000049421	Zfp260
ENSMUSG00000022529	Zfp263
ENSMUSG00000060510	Zfp266
ENSMUSG00000062040	Zfp27
ENSMUSG00000030446	Zfp273
ENSMUSG00000031365	Zfp275
ENSMUSG00000001065	Zfp276
ENSMUSG00000055917	Zfp277
ENSMUSG00000062861	Zfp28
ENSMUSG00000041483	Zfp281
ENSMUSG00000025821	Zfp282
ENSMUSG00000047342	Zfp286
ENSMUSG00000005267	Zfp287
ENSMUSG00000039967	Zfp292
ENSMUSG00000046962	Zfp295
ENSMUSG00000011267	Zfp296
ENSMUSG00000043602	Zfp3
ENSMUSG00000047473	Zfp30
ENSMUSG00000031079	Zfp300
ENSMUSG00000046658	Zfp316
ENSMUSG00000057551	Zfp317
ENSMUSG00000046556	Zfp319
ENSMUSG00000046351	Zfp322a
ENSMUSG00000004500	Zfp324
ENSMUSG00000057894	Zfp329
ENSMUSG00000017667	Zfp334
ENSMUSG00000039834	Zfp335
ENSMUSG00000059842	Zfp341
ENSMUSG00000074731	Zfp345
ENSMUSG00000063281	Zfp35
ENSMUSG00000070902	Zfp352
ENSMUSG00000058906	Zfp353
ENSMUSG00000020364	Zfp354a
ENSMUSG00000020335	Zfp354b
ENSMUSG00000044807	Zfp354c
ENSMUSG00000047264	Zfp358
ENSMUSG00000028799	Zfp362
ENSMUSG00000037855	Zfp365
ENSMUSG00000050919	Zfp366
ENSMUSG00000044934	Zfp367
ENSMUSG00000021514	Zfp369
ENSMUSG00000028389	Zfp37
ENSMUSG00000074220	Zfp382
ENSMUSG00000058402	Zfp383
ENSMUSG00000038346	Zfp384
ENSMUSG00000042063	Zfp386
ENSMUSG00000037001	Zfp39
ENSMUSG00000024276	Zfp397
ENSMUSG00000062519	Zfp398
ENSMUSG00000002617	Zfp40
ENSMUSG00000075040	Zfp408
ENSMUSG00000047003	Zfp41
ENSMUSG00000042472	Zfp410
ENSMUSG00000034538	Zfp418
ENSMUSG00000051176	Zfp42
ENSMUSG00000059878	Zfp422
ENSMUSG00000045333	Zfp423
ENSMUSG00000059475	Zfp426
ENSMUSG00000078994	Zfp429
ENSMUSG00000050945	Zfp438
ENSMUSG00000068130	Zfp442
ENSMUSG00000044876	Zfp444
ENSMUSG00000047036	Zfp445
ENSMUSG00000033961	Zfp446
ENSMUSG00000073176	Zfp449
ENSMUSG00000042197	Zfp451
ENSMUSG00000048728	Zfp454
ENSMUSG00000078995	Zfp456
ENSMUSG00000055341	Zfp457
ENSMUSG00000055480	Zfp458
ENSMUSG00000055560	Zfp459
ENSMUSG00000051351	Zfp46
ENSMUSG00000060206	Zfp462
ENSMUSG00000068551	Zfp467
ENSMUSG00000053600	Zfp472
ENSMUSG00000048012	Zfp473
ENSMUSG00000044519	Zfp488
ENSMUSG00000070420	Zfp498
ENSMUSG00000044452	Zfp507
ENSMUSG00000023892	Zfp51
ENSMUSG00000062761	Zfp512
ENSMUSG00000043059	Zfp513
ENSMUSG00000058881	Zfp516
ENSMUSG00000049164	Zfp518a
ENSMUSG00000046572	Zfp518b
ENSMUSG00000051341	Zfp52
ENSMUSG00000024420	Zfp521
ENSMUSG00000024220	Zfp523
ENSMUSG00000051184	Zfp524
ENSMUSG00000046541	Zfp526
ENSMUSG00000057409	Zfp53
ENSMUSG00000042439	Zfp532
ENSMUSG00000062518	Zfp534
ENSMUSG00000043456	Zfp536
ENSMUSG00000023882	Zfp54
ENSMUSG00000078796	Zfp541
ENSMUSG00000034071	Zfp551
ENSMUSG00000045598	Zfp553
ENSMUSG00000045519	Zfp560
ENSMUSG00000067424	Zfp563
ENSMUSG00000078768	Zfp566
ENSMUSG00000074221	Zfp568
ENSMUSG00000036036	Zfp57
ENSMUSG00000045252	Zfp574
ENSMUSG00000066721	Zfp575
ENSMUSG00000051550	Zfp579
ENSMUSG00000071291	Zfp58
ENSMUSG00000055633	Zfp580
ENSMUSG00000030443	Zfp583
ENSMUSG00000078779	Zfp59
ENSMUSG00000005621	Zfp592
ENSMUSG00000057842	Zfp595
ENSMUSG00000039789	Zfp597
ENSMUSG00000062794	Zfp599
ENSMUSG00000037640	Zfp60
ENSMUSG00000066007	Zfp600
ENSMUSG00000023284	Zfp605
ENSMUSG00000030386	Zfp606
ENSMUSG00000020420	Zfp607
ENSMUSG00000050605	Zfp61
ENSMUSG00000044676	Zfp612
ENSMUSG00000069476	Zfp616
ENSMUSG00000066880	Zfp617
ENSMUSG00000028358	Zfp618
ENSMUSG00000068959	Zfp619
ENSMUSG00000046311	Zfp62
ENSMUSG00000050846	Zfp623
ENSMUSG00000030604	Zfp626
ENSMUSG00000074406	Zfp628
ENSMUSG00000045639	Zfp629
ENSMUSG00000059689	Zfp637
ENSMUSG00000027667	Zfp639
ENSMUSG00000027551	Zfp64
ENSMUSG00000074830	Zfp640
ENSMUSG00000022987	Zfp641
ENSMUSG00000049606	Zfp644
ENSMUSG00000049739	Zfp646
ENSMUSG00000054967	Zfp647
ENSMUSG00000066797	Zfp648
ENSMUSG00000013419	Zfp651
ENSMUSG00000075595	Zfp652
ENSMUSG00000038895	Zfp653
ENSMUSG00000047141	Zfp654
ENSMUSG00000007812	Zfp655
ENSMUSG00000056592	Zfp658
ENSMUSG00000034800	Zfp661
ENSMUSG00000056824	Zfp663
ENSMUSG00000079215	Zfp664
ENSMUSG00000054893	Zfp667
ENSMUSG00000049728	Zfp668
ENSMUSG00000049755	Zfp672
ENSMUSG00000062743	Zfp677
ENSMUSG00000058291	Zfp68
ENSMUSG00000019338	Zfp687
ENSMUSG00000045251	Zfp688
ENSMUSG00000048921	Zfp689
ENSMUSG00000064141	Zfp69
ENSMUSG00000045268	Zfp691
ENSMUSG00000050064	Zfp697
ENSMUSG00000033669	Zfp7
ENSMUSG00000040209	Zfp704
ENSMUSG00000034429	Zfp707
ENSMUSG00000074824	Zfp708
ENSMUSG00000058883	Zfp708
ENSMUSG00000056019	Zfp709
ENSMUSG00000071281	Zfp71-rs1
ENSMUSG00000048897	Zfp710
ENSMUSG00000025529	Zfp711
ENSMUSG00000012640	Zfp715
ENSMUSG00000030469	Zfp719
ENSMUSG00000069184	Zfp72
ENSMUSG00000060630	Zfp735
ENSMUSG00000071284	Zfp738
ENSMUSG00000059975	Zfp74
ENSMUSG00000046897	Zfp740
ENSMUSG00000057691	Zfp746
ENSMUSG00000054381	Zfp747
ENSMUSG00000069204	Zfp748
ENSMUSG00000044501	Zfp758
ENSMUSG00000057396	Zfp759
ENSMUSG00000067928	Zfp760
ENSMUSG00000067430	Zfp763
ENSMUSG00000045757	Zfp764
ENSMUSG00000047371	Zfp768
ENSMUSG00000040321	Zfp770
ENSMUSG00000054716	Zfp771
ENSMUSG00000066838	Zfp772
ENSMUSG00000063535	Zfp773
ENSMUSG00000007216	Zfp775
ENSMUSG00000071477	Zfp777
ENSMUSG00000055150	Zfp78
ENSMUSG00000063047	Zfp780b
ENSMUSG00000043290	Zfp784
ENSMUSG00000051499	Zfp786
ENSMUSG00000046792	Zfp787
ENSMUSG00000074165	Zfp788
ENSMUSG00000011427	Zfp790
ENSMUSG00000074194	Zfp791
ENSMUSG00000059000	Zfp799
ENSMUSG00000039841	Zfp800
ENSMUSG00000074867	Zfp808
ENSMUSG00000057982	Zfp809
ENSMUSG00000003929	Zfp81
ENSMUSG00000066829	Zfp810
ENSMUSG00000055202	Zfp811
ENSMUSG00000055102	Zfp819
ENSMUSG00000058447	Zfp82
ENSMUSG00000069743	Zfp820
ENSMUSG00000031728	Zfp821
ENSMUSG00000069208	Zfp825
ENSMUSG00000071064	Zfp827
ENSMUSG00000047710	Zfp828
ENSMUSG00000050600	Zfp831
ENSMUSG00000021271	Zfp839
ENSMUSG00000046185	Zfp84
ENSMUSG00000058192	Zfp846
ENSMUSG00000058331	Zfp85-rs1
ENSMUSG00000074405	Zfp865
ENSMUSG00000043090	Zfp866
ENSMUSG00000054519	Zfp867
ENSMUSG00000060427	Zfp868
ENSMUSG00000054648	Zfp869
ENSMUSG00000071285	Zfp87
ENSMUSG00000057254	Zfp870
ENSMUSG00000024298	Zfp871
ENSMUSG00000074472	Zfp872
ENSMUSG00000061371	Zfp873
ENSMUSG00000069206	Zfp874a
ENSMUSG00000059839	Zfp874b
ENSMUSG00000044296	Zfp879
ENSMUSG00000089857	Zfp882
ENSMUSG00000031907	Zfp90
ENSMUSG00000024695	Zfp91
ENSMUSG00000031374	Zfp92
ENSMUSG00000055305	Zfp93
ENSMUSG00000059897	Zfp930
ENSMUSG00000078861	Zfp931
ENSMUSG00000066613	Zfp932
ENSMUSG00000059423	Zfp933
ENSMUSG00000074865	Zfp934
ENSMUSG00000055228	Zfp935
ENSMUSG00000064194	Zfp936
ENSMUSG00000060336	Zfp937
ENSMUSG00000062931	Zfp938
ENSMUSG00000030424	Zfp939
ENSMUSG00000074282	Zfp94
ENSMUSG00000050855	Zfp940
ENSMUSG00000060314	Zfp941
ENSMUSG00000071267	Zfp942
ENSMUSG00000053347	Zfp943
ENSMUSG00000033972	Zfp944
ENSMUSG00000059142	Zfp945
ENSMUSG00000071266	Zfp946
ENSMUSG00000063383	Zfp947
ENSMUSG00000067931	Zfp948
ENSMUSG00000072774	Zfp951
ENSMUSG00000053390	Zfp952
ENSMUSG00000056552	Zfp953
ENSMUSG00000062116	Zfp954
ENSMUSG00000008686	Zfp955a
ENSMUSG00000061532	Zfp955b
ENSMUSG00000045466	Zfp956
ENSMUSG00000058748	Zfp958
ENSMUSG00000003198	Zfp959
ENSMUSG00000067034	Zfp960
ENSMUSG00000052446	Zfp961
ENSMUSG00000073452	Zfp97
ENSMUSG00000049577	Zfpm1
ENSMUSG00000022306	Zfpm2
ENSMUSG00000079509	Zfx
ENSMUSG00000053211	Zfy1
ENSMUSG00000000103	Zfy2
ENSMUSG00000079681	Zglp1
ENSMUSG00000022361	Zhx1
ENSMUSG00000071757	Zhx2
ENSMUSG00000035877	Zhx3
ENSMUSG00000032368	Zic1
ENSMUSG00000061524	Zic2
ENSMUSG00000067860	Zic3
ENSMUSG00000036972	Zic4
ENSMUSG00000041703	Zic5
ENSMUSG00000030393	Zik1
ENSMUSG00000002266	Zim1
ENSMUSG00000029729	Zkscan1
ENSMUSG00000029627	Zkscan14
ENSMUSG00000038630	Zkscan16
ENSMUSG00000020472	Zkscan17
ENSMUSG00000030757	Zkscan2
ENSMUSG00000021327	Zkscan3
ENSMUSG00000054931	Zkscan4
ENSMUSG00000055991	Zkscan5
ENSMUSG00000018347	Zkscan6
ENSMUSG00000052676	Zmat1
ENSMUSG00000007817	Zmiz1
ENSMUSG00000041164	Zmiz2
ENSMUSG00000000823	Znf512b
ENSMUSG00000023902	Zscan10
ENSMUSG00000036721	Zscan12
ENSMUSG00000070822	Zscan18
ENSMUSG00000038797	Zscan2
ENSMUSG00000061894	Zscan20
ENSMUSG00000037017	Zscan21
ENSMUSG00000054715	Zscan22
ENSMUSG00000050619	Zscan29
ENSMUSG00000024274	Zscan30
ENSMUSG00000070826	Zscan4-ps2
ENSMUSG00000054272	Zscan4c
ENSMUSG00000070828	Zscan4f
ENSMUSG00000058028	Zscan5b
ENSMUSG00000073062	Zxdb
ENSMUSG00000034430	Zxdc
ENSMUSG00000039068	Zzz3
