enst	ensg	ensp	name
ENSMUST00000065545	ENSMUSG00000053211	ENSMUSP00000069364	Zfy1
ENSMUST00000165375	ENSMUSG00000075394	ENSMUSP00000133561	Hoxc4
ENSMUST00000030025	ENSMUSG00000028341	ENSMUSP00000030025	Nr4a3
ENSMUST00000043922	ENSMUSG00000038895	ENSMUSP00000045895	Zfp653
ENSMUST00000018521	ENSMUSG00000018377	ENSMUSP00000018521	Vezf1
ENSMUST00000042985	ENSMUSG00000034957	ENSMUSP00000096129	Cebpa
ENSMUST00000167517	ENSMUSG00000023882	ENSMUSP00000127775	Zfp54
ENSMUST00000098804	ENSMUSG00000074368	ENSMUSP00000096402	
ENSMUST00000095606	ENSMUSG00000071256	ENSMUSP00000093266	Zfp213
ENSMUST00000036884	ENSMUSG00000033863	ENSMUSP00000045639	Klf9
ENSMUST00000125993	ENSMUSG00000074365		Crxos1
ENSMUST00000173455	ENSMUSG00000074366	ENSMUSP00000134468	Obox5
ENSMUST00000174623	ENSMUSG00000028023		Pitx2
ENSMUST00000117422	ENSMUSG00000035041	ENSMUSP00000112836	Creb3l3
ENSMUST00000177182	ENSMUSG00000044538		Gm4830
ENSMUST00000172502	ENSMUSG00000036036		Zfp57
ENSMUST00000020071	ENSMUSG00000019913	ENSMUSP00000020071	Sim1
ENSMUST00000109924	ENSMUSG00000060336	ENSMUSP00000105550	Zfp937
ENSMUST00000098509	ENSMUSG00000074166	ENSMUSP00000096109	AW146154
ENSMUST00000108147	ENSMUSG00000006311	ENSMUSP00000103782	Etv2
ENSMUST00000154942	ENSMUSG00000074165	ENSMUSP00000119819	Zfp788
ENSMUST00000020628	ENSMUSG00000020364	ENSMUSP00000020628	Zfp354a
ENSMUST00000108963	ENSMUSG00000078869	ENSMUSP00000104591	Gm14409
ENSMUST00000108959	ENSMUSG00000078868	ENSMUSP00000104587	Gm14412
ENSMUST00000015605	ENSMUSG00000015461	ENSMUSP00000015605	Atf6b
ENSMUST00000108940	ENSMUSG00000078863	ENSMUSP00000104568	Gm14325
ENSMUST00000108930	ENSMUSG00000078862	ENSMUSP00000104558	Gm14326
ENSMUST00000108923	ENSMUSG00000078861	ENSMUSP00000104551	Zfp931
ENSMUST00000149689	ENSMUSG00000078867		Gm14418
ENSMUST00000109049	ENSMUSG00000078866	ENSMUSP00000104677	Gm14420
ENSMUST00000108945	ENSMUSG00000078865	ENSMUSP00000104573	Gm14406
ENSMUST00000108942	ENSMUSG00000078864	ENSMUSP00000104570	Gm14322
ENSMUST00000080771	ENSMUSG00000019826	ENSMUSP00000079592	Zbtb24
ENSMUST00000041183	ENSMUSG00000036144	ENSMUSP00000043587	Meox2
ENSMUST00000110973	ENSMUSG00000048280	ENSMUSP00000106600	Zfp738
ENSMUST00000001700	ENSMUSG00000001655	ENSMUSP00000001700	Hoxc13
ENSMUST00000001701	ENSMUSG00000001656	ENSMUSP00000001701	Hoxc11
ENSMUST00000001703	ENSMUSG00000001657	ENSMUSP00000001703	Hoxc8
ENSMUST00000115924	ENSMUSG00000079808	ENSMUSP00000111587	
ENSMUST00000072425	ENSMUSG00000000782	ENSMUSP00000072254	Tcf7
ENSMUST00000005507	ENSMUSG00000005373	ENSMUSP00000005507	Mlxipl
ENSMUST00000034034	ENSMUSG00000031621	ENSMUSP00000034034	Isx
ENSMUST00000081618	ENSMUSG00000063047	ENSMUSP00000080324	Zfp780b
ENSMUST00000162438	ENSMUSG00000063108	ENSMUSP00000123960	Zfp26
ENSMUST00000080407	ENSMUSG00000060630	ENSMUSP00000079269	Zfp735
ENSMUST00000168850	ENSMUSG00000030796	ENSMUSP00000126394	Tead2
ENSMUST00000014848	ENSMUSG00000014704	ENSMUSP00000014848	Hoxa2
ENSMUST00000174740	ENSMUSG00000039656		Rxrb
ENSMUST00000177288	ENSMUSG00000010175	ENSMUSP00000135066	Prox1
ENSMUST00000139784	ENSMUSG00000065999	ENSMUSP00000123296	Gm13154
ENSMUST00000068654	ENSMUSG00000055210	ENSMUSP00000066868	Foxd2
ENSMUST00000113326	ENSMUSG00000030067	ENSMUSP00000108952	Foxp1
ENSMUST00000160244	ENSMUSG00000004151	ENSMUSP00000125733	Etv1
ENSMUST00000000445	ENSMUSG00000000435	ENSMUSP00000000445	Myf5
ENSMUST00000111404	ENSMUSG00000040632	ENSMUSP00000107035	Nrl
ENSMUST00000015749	ENSMUSG00000015605	ENSMUSP00000015749	Srf
ENSMUST00000032174	ENSMUSG00000030087	ENSMUSP00000032174	Klf15
ENSMUST00000069009	ENSMUSG00000055435	ENSMUSP00000067704	Maf
ENSMUST00000071065	ENSMUSG00000056749	ENSMUSP00000065363	Nfil3
ENSMUST00000036807	ENSMUSG00000037214	ENSMUSP00000042464	Thap1
ENSMUST00000175990	ENSMUSG00000039789		Zfp597
ENSMUST00000063605	ENSMUSG00000046962	ENSMUSP00000068283	Zfp295
ENSMUST00000172478	ENSMUSG00000074369	ENSMUSP00000133450	Obox2
ENSMUST00000161170	ENSMUSG00000072623	ENSMUSP00000123810	Zfp9
ENSMUST00000079237	ENSMUSG00000069755	ENSMUSP00000078229	Zfp125
ENSMUST00000050595	ENSMUSG00000048728	ENSMUSP00000061824	Zfp454
ENSMUST00000060148	ENSMUSG00000021366	ENSMUSP00000056147	Hivep1
ENSMUST00000110888	ENSMUSG00000022010	ENSMUSP00000106513	Tsc22d1
ENSMUST00000021791	ENSMUSG00000021362	ENSMUSP00000021791	Gcm2
ENSMUST00000027859	ENSMUSG00000026572	ENSMUSP00000027859	Tbx19
ENSMUST00000034115	ENSMUSG00000031688	ENSMUSP00000034115	Pou4f2
ENSMUST00000022637	ENSMUSG00000022053	ENSMUSP00000022637	Ebf2
ENSMUST00000066081	ENSMUSG00000031681	ENSMUSP00000064015	Smad1
ENSMUST00000138437	ENSMUSG00000042903	ENSMUSP00000116165	Foxo4
ENSMUST00000044059	ENSMUSG00000036816	ENSMUSP00000039801	Atoh7
ENSMUST00000028355	ENSMUSG00000026976	ENSMUSP00000028355	Pax8
ENSMUST00000174443	ENSMUSG00000066772	ENSMUSP00000134531	Obox3
ENSMUST00000023356	ENSMUSG00000022676	ENSMUSP00000023356	Snai2
ENSMUST00000014447	ENSMUSG00000014303	ENSMUSP00000014447	Glis2
ENSMUST00000143745	ENSMUSG00000029179		Zcchc4
ENSMUST00000031074	ENSMUSG00000029178	ENSMUSP00000031074	Klf3
ENSMUST00000031976	ENSMUSG00000029913	ENSMUSP00000031976	Prdm5
ENSMUST00000027035	ENSMUSG00000025902	ENSMUSP00000027035	Sox17
ENSMUST00000149505	ENSMUSG00000042596		Tfap2d
ENSMUST00000122866	ENSMUSG00000026803		Ttf1
ENSMUST00000170662	ENSMUSG00000061517	ENSMUSP00000127396	Sox21
ENSMUST00000172617	ENSMUSG00000026805	ENSMUSP00000134396	Barhl1
ENSMUST00000052609	ENSMUSG00000029755	ENSMUSP00000052559	Dlx5
ENSMUST00000160937	ENSMUSG00000029754	ENSMUSP00000124204	Dlx6
ENSMUST00000172044	ENSMUSG00000043467	ENSMUSP00000131576	Zbtb37
ENSMUST00000031591	ENSMUSG00000029595	ENSMUSP00000031591	Lhx5
ENSMUST00000172465	ENSMUSG00000048502		Duxbl
ENSMUST00000026703	ENSMUSG00000025612	ENSMUSP00000026703	Bach1
ENSMUST00000126568	ENSMUSG00000022479	ENSMUSP00000116842	Vdr
ENSMUST00000097471	ENSMUSG00000052534	ENSMUSP00000095079	Pbx1
ENSMUST00000110461	ENSMUSG00000021109	ENSMUSP00000106088	Hif1a
ENSMUST00000174593	ENSMUSG00000020185		E2f7
ENSMUST00000018842	ENSMUSG00000018698	ENSMUSP00000018842	Lhx1
ENSMUST00000071465	ENSMUSG00000018347	ENSMUSP00000071406	Zkscan6
ENSMUST00000026120	ENSMUSG00000025128	ENSMUSP00000026120	Bhlhe22
ENSMUST00000113539	ENSMUSG00000034430	ENSMUSP00000109167	Zxdc
ENSMUST00000160104	ENSMUSG00000035946	ENSMUSP00000123712	Gsx2
ENSMUST00000026036	ENSMUSG00000025056	ENSMUSP00000026036	Nr0b1
ENSMUST00000064587	ENSMUSG00000052621	ENSMUSP00000063809	Pou3f2
ENSMUST00000112932	ENSMUSG00000066798	ENSMUSP00000108554	Zbtb6
ENSMUST00000085546	ENSMUSG00000066551	ENSMUSP00000082682	Hmgb1
ENSMUST00000056558	ENSMUSG00000050919	ENSMUSP00000060040	Zfp366
ENSMUST00000111937	ENSMUSG00000032652	ENSMUSP00000107568	Crebl2
ENSMUST00000123058	ENSMUSG00000021575		Ahrr
ENSMUST00000114462	ENSMUSG00000024050	ENSMUSP00000110106	Wiz
ENSMUST00000113449	ENSMUSG00000029249	ENSMUSP00000109076	Rest
ENSMUST00000061586	ENSMUSG00000044452	ENSMUSP00000058609	Zfp507
ENSMUST00000177041	ENSMUSG00000032015	ENSMUSP00000135015	Pou2f3
ENSMUST00000132848	ENSMUSG00000052446	ENSMUSP00000114730	Zfp961
ENSMUST00000008090	ENSMUSG00000007946	ENSMUSP00000008090	Phox2a
ENSMUST00000022303	ENSMUSG00000021779	ENSMUSP00000022303	Thrb
ENSMUST00000020054	ENSMUSG00000019900	ENSMUSP00000020054	Rfx6
ENSMUST00000131862	ENSMUSG00000017724		Etv4
ENSMUST00000129549	ENSMUSG00000004934		Pias4
ENSMUST00000090543	ENSMUSG00000021775	ENSMUSP00000088031	Nr1d2
ENSMUST00000107222	ENSMUSG00000027439	ENSMUSP00000102840	Gzf1
ENSMUST00000109969	ENSMUSG00000027434		Nkx2-2
ENSMUST00000166504	ENSMUSG00000044676	ENSMUSP00000131636	Zfp612
ENSMUST00000129267	ENSMUSG00000015714	ENSMUSP00000121110	Lass2
ENSMUST00000084149	ENSMUSG00000067916	ENSMUSP00000081167	Gm13139
ENSMUST00000047450	ENSMUSG00000053007	ENSMUSP00000038532	Creb5
ENSMUST00000075775	ENSMUSG00000067919	ENSMUSP00000075179	Rex2
ENSMUST00000004964	ENSMUSG00000004842	ENSMUSP00000004964	Pou1f1
ENSMUST00000022544	ENSMUSG00000021972	ENSMUSP00000022544	Hmbox1
ENSMUST00000077751	ENSMUSG00000078499	ENSMUSP00000081159	Rex2
ENSMUST00000064061	ENSMUSG00000060257	ENSMUSP00000066280	Scrt2
ENSMUST00000105721	ENSMUSG00000078496	ENSMUSP00000101346	Gm13152
ENSMUST00000133078	ENSMUSG00000078497	ENSMUSP00000115135	Gm13145
ENSMUST00000122309	ENSMUSG00000078495	ENSMUSP00000114023	Gm13157
ENSMUST00000062292	ENSMUSG00000050295	ENSMUSP00000052196	Foxc1
ENSMUST00000062437	ENSMUSG00000044186	ENSMUSP00000049898	Nkx2-6
ENSMUST00000098837	ENSMUSG00000074397	ENSMUSP00000096436	Foxr1
ENSMUST00000071588	ENSMUSG00000063672	ENSMUSP00000071517	Nkx6-3
ENSMUST00000025944	ENSMUSG00000024986	ENSMUSP00000025944	Hhex
ENSMUST00000110141	ENSMUSG00000079033	ENSMUSP00000105768	Mef2b
ENSMUST00000051997	ENSMUSG00000050100	ENSMUSP00000058205	Hmx2
ENSMUST00000091144	ENSMUSG00000037174	ENSMUSP00000088678	Elf2
ENSMUST00000160910	ENSMUSG00000024238	ENSMUSP00000124815	Zeb1
ENSMUST00000067230	ENSMUSG00000076431	ENSMUSP00000100013	Sox4
ENSMUST00000027878	ENSMUSG00000026586	ENSMUSP00000027878	Prrx1
ENSMUST00000042779	ENSMUSG00000033454	ENSMUSP00000041955	Zbtb1
ENSMUST00000132163	ENSMUSG00000038797	ENSMUSP00000118774	Zscan2
ENSMUST00000105718	ENSMUSG00000059423	ENSMUSP00000101343	Zfp933
ENSMUST00000156295	ENSMUSG00000015882		Lcorl
ENSMUST00000092528	ENSMUSG00000055228	ENSMUSP00000090190	Zfp935
ENSMUST00000110661	ENSMUSG00000050619	ENSMUSP00000106289	Zscan29
ENSMUST00000093438	ENSMUSG00000066880	ENSMUSP00000091145	Zfp617
ENSMUST00000094287	ENSMUSG00000070495	ENSMUSP00000091845	Ctcfl
ENSMUST00000115677	ENSMUSG00000000134	ENSMUSP00000111341	Tfe3
ENSMUST00000045969	ENSMUSG00000055480	ENSMUSP00000047222	Zfp458
ENSMUST00000164468	ENSMUSG00000041730	ENSMUSP00000128103	Prrxl1
ENSMUST00000102976	ENSMUSG00000015619	ENSMUSP00000100041	Gata3
ENSMUST00000053016	ENSMUSG00000048349	ENSMUSP00000060798	Pou4f1
ENSMUST00000168723	ENSMUSG00000026740	ENSMUSP00000126716	Dnajc1
ENSMUST00000024104	ENSMUSG00000023333	ENSMUSP00000024104	Gcm1
ENSMUST00000041778	ENSMUSG00000054939	ENSMUSP00000045805	Zfp174
ENSMUST00000110484	ENSMUSG00000054931	ENSMUSP00000106110	Zkscan4
ENSMUST00000159699	ENSMUSG00000056758	ENSMUSP00000123998	Hmga2
ENSMUST00000086323	ENSMUSG00000055150	ENSMUSP00000083503	Zfp78
ENSMUST00000032717	ENSMUSG00000030507	ENSMUSP00000032717	Dbx1
ENSMUST00000126400	ENSMUSG00000041911	ENSMUSP00000133592	Dlx1
ENSMUST00000142616	ENSMUSG00000031921	ENSMUSP00000118589	Terf2
ENSMUST00000066849	ENSMUSG00000027985	ENSMUSP00000067808	Lef1
ENSMUST00000055738	ENSMUSG00000031431	ENSMUSP00000062589	Tsc22d3
ENSMUST00000041093	ENSMUSG00000038648	ENSMUSP00000040208	Creb3l2
ENSMUST00000087717	ENSMUSG00000026104	ENSMUSP00000085009	Stat1
ENSMUST00000056974	ENSMUSG00000048756	ENSMUSP00000050683	Foxo3
ENSMUST00000029587	ENSMUSG00000027967	ENSMUSP00000029587	Neurog2
ENSMUST00000059794	ENSMUSG00000051251	ENSMUSP00000057489	Nhlh1
ENSMUST00000111427	ENSMUSG00000026565	ENSMUSP00000107056	Pou2f1
ENSMUST00000033689	ENSMUSG00000031326	ENSMUSP00000033689	Cdx4
ENSMUST00000056924	ENSMUSG00000051413	ENSMUSP00000055709	Plagl2
ENSMUST00000145505	ENSMUSG00000060862		Zbtb40
ENSMUST00000022646	ENSMUSG00000022061	ENSMUSP00000022646	Nkx3-1
ENSMUST00000075018	ENSMUSG00000040775	ENSMUSP00000074538	Gm9772
ENSMUST00000084698	ENSMUSG00000066224	ENSMUSP00000081748	Arid3c
ENSMUST00000058636	ENSMUSG00000047171	ENSMUSP00000054823	Helt
ENSMUST00000094971	ENSMUSG00000058906	ENSMUSP00000092579	Zfp353
ENSMUST00000021997	ENSMUSG00000058900	ENSMUSP00000021997	Rsl1
ENSMUST00000114958	ENSMUSG00000031103	ENSMUSP00000110608	Elf4
ENSMUST00000112785	ENSMUSG00000079392		Gm17170
ENSMUST00000048794	ENSMUSG00000038253	ENSMUSP00000039012	Hoxa5
ENSMUST00000041685	ENSMUSG00000038255	ENSMUSP00000041373	Neurod2
ENSMUST00000114489	ENSMUSG00000022641	ENSMUSP00000110133	Bbx
ENSMUST00000050101	ENSMUSG00000046351	ENSMUSP00000061524	Zfp322a
ENSMUST00000055353	ENSMUSG00000025469	ENSMUSP00000057312	Msx3
ENSMUST00000011493	ENSMUSG00000011349	ENSMUSP00000011493	Dmrtc2
ENSMUST00000064786	ENSMUSG00000049755	ENSMUSP00000070567	Zfp672
ENSMUST00000113422	ENSMUSG00000034551	ENSMUSP00000109049	Hdx
ENSMUST00000160022	ENSMUSG00000025912		Mybl1
ENSMUST00000167826	ENSMUSG00000057396	ENSMUSP00000132702	Zfp759
ENSMUST00000110962	ENSMUSG00000029729	ENSMUSP00000106587	Zkscan1
ENSMUST00000053722	ENSMUSG00000020420	ENSMUSP00000051496	Zfp607
ENSMUST00000084885	ENSMUSG00000009741	ENSMUSP00000081946	Ubp1
ENSMUST00000111752	ENSMUSG00000042589	ENSMUSP00000107381	Cux2
ENSMUST00000138698	ENSMUSG00000029723		Tsc22d4
ENSMUST00000081162	ENSMUSG00000057156	ENSMUSP00000079929	Homez
ENSMUST00000109018	ENSMUSG00000089756	ENSMUSP00000104646	Gm8898
ENSMUST00000062829	ENSMUSG00000043219	ENSMUSP00000058755	Hoxa6
ENSMUST00000091178	ENSMUSG00000069036	ENSMUSP00000088717	Sry
ENSMUST00000001699	ENSMUSG00000022484	ENSMUSP00000001699	Hoxc10
ENSMUST00000026693	ENSMUSG00000025602	ENSMUSP00000026693	Zfp202
ENSMUST00000041297	ENSMUSG00000034333	ENSMUSP00000035437	Zbed4
ENSMUST00000174611	ENSMUSG00000036972		Zic4
ENSMUST00000063710	ENSMUSG00000052056	ENSMUSP00000067334	Zfp217
ENSMUST00000113460	ENSMUSG00000005893	ENSMUSP00000109087	Nr2c2
ENSMUST00000147985	ENSMUSG00000037992		Rara
ENSMUST00000111966	ENSMUSG00000032481	ENSMUSP00000107597	Smarcc1
ENSMUST00000156218	ENSMUSG00000062931	ENSMUSP00000121613	Zfp938
ENSMUST00000027277	ENSMUSG00000062939	ENSMUSP00000027277	Stat4
ENSMUST00000030124	ENSMUSG00000028417	ENSMUSP00000030124	Tal2
ENSMUST00000162552	ENSMUSG00000048402	ENSMUSP00000125059	Gli2
ENSMUST00000089641	ENSMUSG00000068327	ENSMUSP00000087069	Tlx2
ENSMUST00000049038	ENSMUSG00000040489	ENSMUSP00000037519	Sox30
ENSMUST00000030247	ENSMUSG00000028522	ENSMUSP00000030247	Mier1
ENSMUST00000176129	ENSMUSG00000043456	ENSMUSP00000135234	Zfp536
ENSMUST00000161520	ENSMUSG00000052616	ENSMUSP00000125431	Ccdc79
ENSMUST00000176684	ENSMUSG00000021604	ENSMUSP00000134738	Irx4
ENSMUST00000034869	ENSMUSG00000032318	ENSMUSP00000034869	Isl2
ENSMUST00000108640	ENSMUSG00000018750	ENSMUSP00000104280	Zbtb4
ENSMUST00000080651	ENSMUSG00000060314	ENSMUSP00000079482	Zfp941
ENSMUST00000001455	ENSMUSG00000001419	ENSMUSP00000001455	Mef2d
ENSMUST00000177289	ENSMUSG00000042320	ENSMUSP00000135881	Prox2
ENSMUST00000112095	ENSMUSG00000042323	ENSMUSP00000107724	Pbrm1
ENSMUST00000089112	ENSMUSG00000068079	ENSMUSP00000086511	Tcf15
ENSMUST00000050940	ENSMUSG00000044518	ENSMUSP00000050445	Foxe3
ENSMUST00000060747	ENSMUSG00000052271	ENSMUSP00000055493	Bhlha15
ENSMUST00000066636	ENSMUSG00000053909	ENSMUSP00000064181	Rhox10
ENSMUST00000053225	ENSMUSG00000045591	ENSMUSP00000057106	Olig3
ENSMUST00000020974	ENSMUSG00000020644	ENSMUSP00000020974	Id2
ENSMUST00000066717	ENSMUSG00000053477	ENSMUSP00000067318	Tcf4
ENSMUST00000113265	ENSMUSG00000023991	ENSMUSP00000108890	Foxp4
ENSMUST00000106312	ENSMUSG00000045598	ENSMUSP00000101919	Zfp553
ENSMUST00000022262	ENSMUSG00000021743	ENSMUSP00000022262	Fezf2
ENSMUST00000084303	ENSMUSG00000064141	ENSMUSP00000081327	Zfp69
ENSMUST00000108547	ENSMUSG00000078801	ENSMUSP00000104187	Gm10991
ENSMUST00000128438	ENSMUSG00000019338	ENSMUSP00000119354	Zfp687
ENSMUST00000105046	ENSMUSG00000078249	ENSMUSP00000100667	Hmga1-rs1
ENSMUST00000176757	ENSMUSG00000061013		Mkx
ENSMUST00000168126	ENSMUSG00000026398	ENSMUSP00000129071	Nr5a2
ENSMUST00000019938	ENSMUSG00000019803	ENSMUSP00000019938	Nr2e1
ENSMUST00000115156	ENSMUSG00000079626	ENSMUSP00000110809	Gm14543
ENSMUST00000115162	ENSMUSG00000079627	ENSMUSP00000110816	Rhox2h
ENSMUST00000111260	ENSMUSG00000060261	ENSMUSP00000106891	Gtf2i
ENSMUST00000025288	ENSMUSG00000024420	ENSMUSP00000025288	Zfp521
ENSMUST00000006362	ENSMUSG00000006200	ENSMUSP00000006362	Rhox6
ENSMUST00000157005	ENSMUSG00000001521		Tulp3
ENSMUST00000115166	ENSMUSG00000079628	ENSMUSP00000110820	Rhox4g
ENSMUST00000115169	ENSMUSG00000079629	ENSMUSP00000110823	Rhox2g
ENSMUST00000148839	ENSMUSG00000020232		Hmg20b
ENSMUST00000073201	ENSMUSG00000058748	ENSMUSP00000072937	Zfp958
ENSMUST00000079652	ENSMUSG00000063060	ENSMUSP00000078597	Sox7
ENSMUST00000129832	ENSMUSG00000058291	ENSMUSP00000117037	Zfp68
ENSMUST00000042118	ENSMUSG00000038415	ENSMUSP00000036952	Foxq1
ENSMUST00000064795	ENSMUSG00000038418	ENSMUSP00000069616	Egr1
ENSMUST00000058997	ENSMUSG00000044646	ENSMUSP00000057856	Zbtb7c
ENSMUST00000043396	ENSMUSG00000037169	ENSMUSP00000045993	Mycn
ENSMUST00000023504	ENSMUSG00000022809	ENSMUSP00000023504	Nr1i2
ENSMUST00000115311	ENSMUSG00000062794	ENSMUSP00000110966	Zfp599
ENSMUST00000108890	ENSMUSG00000015627	ENSMUSP00000104518	Gata5
ENSMUST00000080530	ENSMUSG00000040187	ENSMUSP00000079373	Arntl2
ENSMUST00000025906	ENSMUSG00000024955	ENSMUSP00000025906	Esrra
ENSMUST00000105855	ENSMUSG00000037188	ENSMUSP00000101481	Grhl3
ENSMUST00000110395	ENSMUSG00000059436	ENSMUSP00000106025	Max
ENSMUST00000145313	ENSMUSG00000024220		Zfp523
ENSMUST00000108513	ENSMUSG00000041583	ENSMUSP00000104153	Obox6
ENSMUST00000059452	ENSMUSG00000050600	ENSMUSP00000060255	Zfp831
ENSMUST00000173432	ENSMUSG00000000690	ENSMUSP00000133281	Hoxb6
ENSMUST00000077780	ENSMUSG00000050605	ENSMUSP00000076954	Zfp61
ENSMUST00000060356	ENSMUSG00000048377	ENSMUSP00000053641	Foxi2
ENSMUST00000145922	ENSMUSG00000070643		Sox13
ENSMUST00000037746	ENSMUSG00000040610	ENSMUSP00000047457	Tlx3
ENSMUST00000035908	ENSMUSG00000033730	ENSMUSP00000037042	Egr3
ENSMUST00000004614	ENSMUSG00000058638	ENSMUSP00000004614	Zfp110
ENSMUST00000107353	ENSMUSG00000005621	ENSMUSP00000102976	Zfp592
ENSMUST00000067912	ENSMUSG00000055148	ENSMUSP00000064823	Klf2
ENSMUST00000066475	ENSMUSG00000030510	ENSMUSP00000069238	Lass3
ENSMUST00000042701	ENSMUSG00000037235	ENSMUSP00000039071	Mxd4
ENSMUST00000061201	ENSMUSG00000030424	ENSMUSP00000049726	Zfp939
ENSMUST00000107357	ENSMUSG00000004043	ENSMUSP00000102980	Stat5a
ENSMUST00000146971	ENSMUSG00000004040		Stat3
ENSMUST00000107554	ENSMUSG00000038630	ENSMUSP00000103178	Zkscan16
ENSMUST00000170089	ENSMUSG00000015053	ENSMUSP00000128198	Gata2
ENSMUST00000101388	ENSMUSG00000073062	ENSMUSP00000100524	Zxdb
ENSMUST00000143004	ENSMUSG00000030353	ENSMUSP00000118606	Tead4
ENSMUST00000164010	ENSMUSG00000004661	ENSMUSP00000126889	Arid3b
ENSMUST00000066497	ENSMUSG00000051469	ENSMUSP00000064637	Zfp191
ENSMUST00000074114	ENSMUSG00000023079	ENSMUSP00000073752	Gtf2ird1
ENSMUST00000139798	ENSMUSG00000047342		Zfp286
ENSMUST00000134150	ENSMUSG00000039699		Batf2
ENSMUST00000165723	ENSMUSG00000049691	ENSMUSP00000133049	Nkx3-2
ENSMUST00000166544	ENSMUSG00000057406	ENSMUSP00000126440	Whsc1
ENSMUST00000052631	ENSMUSG00000042821	ENSMUSP00000050581	Snai1
ENSMUST00000109027	ENSMUSG00000090221	ENSMUSP00000104655	Gm4245
ENSMUST00000110481	ENSMUSG00000063894	ENSMUSP00000106107	Zfp192
ENSMUST00000071804	ENSMUSG00000056383	ENSMUSP00000071708	AI987944
ENSMUST00000030994	ENSMUSG00000029112	ENSMUSP00000030994	Nkx1-1
ENSMUST00000176034	ENSMUSG00000043668	ENSMUSP00000134931	Tox3
ENSMUST00000093770	ENSMUSG00000025925	ENSMUSP00000091284	Terf1
ENSMUST00000064976	ENSMUSG00000025927	ENSMUSP00000064488	Tfap2b
ENSMUST00000176759	ENSMUSG00000038331	ENSMUSP00000135163	Satb2
ENSMUST00000031749	ENSMUSG00000029736	ENSMUSP00000031749	Nobox
ENSMUST00000099414	ENSMUSG00000061532	ENSMUSP00000097011	Zfp955b
ENSMUST00000102672	ENSMUSG00000015839	ENSMUSP00000099733	Nfe2l2
ENSMUST00000105778	ENSMUSG00000057637	ENSMUSP00000101404	Prdm2
ENSMUST00000112148	ENSMUSG00000001517	ENSMUSP00000107776	Foxm1
ENSMUST00000122982	ENSMUSG00000028640		Tfap2c
ENSMUST00000062709	ENSMUSG00000049604	ENSMUSP00000056315	Hoxb13
ENSMUST00000030508	ENSMUSG00000028736	ENSMUSP00000030508	Pax7
ENSMUST00000063918	ENSMUSG00000048562	ENSMUSP00000065746	Sp8
ENSMUST00000063694	ENSMUSG00000052040	ENSMUSP00000067680	Klf13
ENSMUST00000096350	ENSMUSG00000042622	ENSMUSP00000094076	Maff
ENSMUST00000044767	ENSMUSG00000037984	ENSMUSP00000047016	Neurod6
ENSMUST00000107250	ENSMUSG00000008575	ENSMUSP00000102871	Nfib
ENSMUST00000138623	ENSMUSG00000028466		Creb3
ENSMUST00000172092	ENSMUSG00000008976	ENSMUSP00000128093	Gabpa
ENSMUST00000125450	ENSMUSG00000048410		Zfp407
ENSMUST00000044210	ENSMUSG00000035923	ENSMUSP00000047529	Myf6
ENSMUST00000044380	ENSMUSG00000035451	ENSMUSP00000041118	Foxa1
ENSMUST00000167316	ENSMUSG00000007812	ENSMUSP00000128969	Zfp655
ENSMUST00000161766	ENSMUSG00000007817		Zmiz1
ENSMUST00000161448	ENSMUSG00000046658	ENSMUSP00000125416	Zfp316
ENSMUST00000039271	ENSMUSG00000060301	ENSMUSP00000044020	2610008E11Rik
ENSMUST00000071628	ENSMUSG00000071284	ENSMUSP00000071556	Zfp738
ENSMUST00000004225	ENSMUSG00000071285	ENSMUSP00000004225	Zfp87
ENSMUST00000128776	ENSMUSG00000026826		Nr4a2
ENSMUST00000165506	ENSMUSG00000013089		Etv5
ENSMUST00000144050	ENSMUSG00000042002	ENSMUSP00000126361	Foxn4
ENSMUST00000157017	ENSMUSG00000053390	ENSMUSP00000123066	Zfp952
ENSMUST00000020982	ENSMUSG00000020653	ENSMUSP00000020982	Klf11
ENSMUST00000085553	ENSMUSG00000020656	ENSMUSP00000082689	Grhl1
ENSMUST00000134933	ENSMUSG00000044876	ENSMUSP00000120003	Zfp444
ENSMUST00000036177	ENSMUSG00000039095	ENSMUSP00000036761	En2
ENSMUST00000149690	ENSMUSG00000026751		Nr5a1
ENSMUST00000105033	ENSMUSG00000078236	ENSMUSP00000100650	Pou3f1
ENSMUST00000172314	ENSMUSG00000002996	ENSMUSP00000131158	Hbp1
ENSMUST00000115179	ENSMUSG00000079634	ENSMUSP00000110833	Rhox2d
ENSMUST00000161459	ENSMUSG00000071350	ENSMUSP00000124696	Setdb2
ENSMUST00000151387	ENSMUSG00000079636	ENSMUSP00000133542	Rhox3c
ENSMUST00000115172	ENSMUSG00000079631	ENSMUSP00000110826	Rhox3f
ENSMUST00000115170	ENSMUSG00000079630	ENSMUSP00000110824	Rhox4f
ENSMUST00000115175	ENSMUSG00000079633	ENSMUSP00000110829	Rhox4d
ENSMUST00000115173	ENSMUSG00000079632	ENSMUSP00000110827	Rhox2f
ENSMUST00000138888	ENSMUSG00000032292		Nr2e3
ENSMUST00000133365	ENSMUSG00000008398		Elk3
ENSMUST00000006377	ENSMUSG00000006215	ENSMUSP00000006377	Zbtb17
ENSMUST00000173802	ENSMUSG00000079638	ENSMUSP00000134730	Rhox2b
ENSMUST00000115334	ENSMUSG00000054737	ENSMUSP00000110990	Zfp182
ENSMUST00000125986	ENSMUSG00000045302		Preb
ENSMUST00000099726	ENSMUSG00000075045	ENSMUSP00000097314	Gm4981
ENSMUST00000152769	ENSMUSG00000075040		Zfp408
ENSMUST00000145561	ENSMUSG00000020248		Nfyb
ENSMUST00000116436	ENSMUSG00000019256	ENSMUSP00000112137	Ahr
ENSMUST00000109066	ENSMUSG00000078905	ENSMUSP00000104694	Gm14393
ENSMUST00000109069	ENSMUSG00000078906	ENSMUSP00000104697	Gm14444
ENSMUST00000171806	ENSMUSG00000058756	ENSMUSP00000129809	Thra
ENSMUST00000109054	ENSMUSG00000078902	ENSMUSP00000104682	Gm14443
ENSMUST00000042054	ENSMUSG00000038402	ENSMUSP00000046789	Foxf2
ENSMUST00000022766	ENSMUSG00000016831	ENSMUSP00000022766	Tox4
ENSMUST00000089675	ENSMUSG00000022811	ENSMUSP00000087104	Zfp148
ENSMUST00000077225	ENSMUSG00000063659	ENSMUSP00000076463	Zfp238
ENSMUST00000047356	ENSMUSG00000038539	ENSMUSP00000047771	Atf5
ENSMUST00000019924	ENSMUSG00000019789	ENSMUSP00000019924	Hey2
ENSMUST00000111087	ENSMUSG00000027168	ENSMUSP00000106716	Pax6
ENSMUST00000127737	ENSMUSG00000028639	ENSMUSP00000117225	Ybx1
ENSMUST00000139220	ENSMUSG00000020889		Nr1d1
ENSMUST00000094611	ENSMUSG00000060466	ENSMUSP00000092194	Thap6
ENSMUST00000036215	ENSMUSG00000034227	ENSMUSP00000038351	Foxj1
ENSMUST00000027778	ENSMUSG00000026497	ENSMUSP00000027778	Mixl1
ENSMUST00000036680	ENSMUSG00000039759	ENSMUSP00000035240	Thap3
ENSMUST00000173919	ENSMUSG00000033726		Emx1
ENSMUST00000071281	ENSMUSG00000059246	ENSMUSP00000096197	Foxb1
ENSMUST00000003640	ENSMUSG00000003545	ENSMUSP00000003640	Fosb
ENSMUST00000032309	ENSMUSG00000030189	ENSMUSP00000032309	Csda
ENSMUST00000144089	ENSMUSG00000023284		Zfp605
ENSMUST00000100996	ENSMUSG00000030180	ENSMUSP00000098558	Kdm5a
ENSMUST00000093190	ENSMUSG00000031902	ENSMUSP00000090881	Nfatc3
ENSMUST00000034382	ENSMUSG00000031907	ENSMUSP00000034382	Zfp90
ENSMUST00000155283	ENSMUSG00000023443	ENSMUSP00000133711	Esx1
ENSMUST00000136922	ENSMUSG00000062327	ENSMUSP00000119581	T
ENSMUST00000038368	ENSMUSG00000042745	ENSMUSP00000092019	Id1
ENSMUST00000173423	ENSMUSG00000072672		Gm10391
ENSMUST00000174012	ENSMUSG00000072675		Gm10394
ENSMUST00000110192	ENSMUSG00000021359	ENSMUSP00000105821	Tfap2a
ENSMUST00000061593	ENSMUSG00000072678	ENSMUSP00000062918	Cphx
ENSMUST00000021784	ENSMUSG00000021356	ENSMUSP00000021784	Irf4
ENSMUST00000147053	ENSMUSG00000022838		Eaf2
ENSMUST00000079042	ENSMUSG00000057551	ENSMUSP00000078051	Zfp317
ENSMUST00000170147	ENSMUSG00000047473	ENSMUSP00000128930	Zfp30
ENSMUST00000027629	ENSMUSG00000026380	ENSMUSP00000027629	Tfcp2l1
ENSMUST00000022586	ENSMUSG00000022009	ENSMUSP00000022586	Nufip1
ENSMUST00000027062	ENSMUSG00000025930	ENSMUSP00000027062	Msc
ENSMUST00000174257	ENSMUSG00000039377	ENSMUSP00000134728	Hlx
ENSMUST00000125418	ENSMUSG00000031162	ENSMUSP00000118052	Gata1
ENSMUST00000154925	ENSMUSG00000020538		Srebf1
ENSMUST00000073545	ENSMUSG00000063889	ENSMUSP00000073235	Crem
ENSMUST00000170543	ENSMUSG00000056552		Zfp953
ENSMUST00000054052	ENSMUSG00000049577	ENSMUSP00000058037	Zfpm1
ENSMUST00000055516	ENSMUSG00000049576	ENSMUSP00000061525	Zfa
ENSMUST00000075525	ENSMUSG00000029127	ENSMUSP00000074967	Zbtb49
ENSMUST00000051435	ENSMUSG00000034538	ENSMUSP00000057159	Zfp418
ENSMUST00000137325	ENSMUSG00000038346		Zfp384
ENSMUST00000063463	ENSMUSG00000074735	ENSMUSP00000075719	Gm10749
ENSMUST00000167276	ENSMUSG00000038342	ENSMUSP00000133046	Mlxip
ENSMUST00000110533	ENSMUSG00000039219	ENSMUSP00000106162	Arid4b
ENSMUST00000111111	ENSMUSG00000029705	ENSMUSP00000106740	Cux1
ENSMUST00000174036	ENSMUSG00000029706		Pax4
ENSMUST00000147259	ENSMUSG00000028654		Mycl1
ENSMUST00000003135	ENSMUSG00000003051	ENSMUSP00000003135	Elf3
ENSMUST00000147452	ENSMUSG00000028890		Mtf1
ENSMUST00000160119	ENSMUSG00000070031		Sp140
ENSMUST00000130727	ENSMUSG00000070034		Sp110
ENSMUST00000098915	ENSMUSG00000042496	ENSMUSP00000096515	Prdm10
ENSMUST00000078275	ENSMUSG00000059897	ENSMUSP00000077394	Zfp930
ENSMUST00000048086	ENSMUSG00000042499		Hoxd11
ENSMUST00000039726	ENSMUSG00000035868	ENSMUSP00000039392	3110052M02Rik
ENSMUST00000049930	ENSMUSG00000045680	ENSMUSP00000053178	Tcf21
ENSMUST00000094870	ENSMUSG00000046792	ENSMUSP00000092468	Zfp787
ENSMUST00000092094	ENSMUSG00000069475	ENSMUSP00000089726	Gm6020
ENSMUST00000173093	ENSMUSG00000049823	ENSMUSP00000133903	Zbtb12
ENSMUST00000089578	ENSMUSG00000068302	ENSMUSP00000087006	Noto
ENSMUST00000120006	ENSMUSG00000052675	ENSMUSP00000113031	Zfp112
ENSMUST00000007949	ENSMUSG00000007805	ENSMUSP00000007949	Twist2
ENSMUST00000155640	ENSMUSG00000034998	ENSMUSP00000116123	Foxn2
ENSMUST00000135318	ENSMUSG00000072889	ENSMUSP00000114355	Nfxl1
ENSMUST00000119200	ENSMUSG00000014039	ENSMUSP00000113002	Prdm15
ENSMUST00000167914	ENSMUSG00000071291		Zfp58
ENSMUST00000079229	ENSMUSG00000071295	ENSMUSP00000078222	Gm10323
ENSMUST00000101445	ENSMUSG00000045466	ENSMUSP00000098989	Zfp956
ENSMUST00000093772	ENSMUSG00000013419	ENSMUSP00000091286	Zfp651
ENSMUST00000129511	ENSMUSG00000028389		Zfp37
ENSMUST00000175774	ENSMUSG00000008496	ENSMUSP00000135075	Pou2f2
ENSMUST00000106355	ENSMUSG00000045268	ENSMUSP00000101962	Zfp691
ENSMUST00000050103	ENSMUSG00000044312	ENSMUSP00000054054	Neurog3
ENSMUST00000019117	ENSMUSG00000018973	ENSMUSP00000019117	Hoxb1
ENSMUST00000098163	ENSMUSG00000039967	ENSMUSP00000095766	Zfp292
ENSMUST00000034629	ENSMUSG00000032119	ENSMUSP00000034629	Hinfp
ENSMUST00000084727	ENSMUSG00000061079	ENSMUSP00000081778	Zfp143
ENSMUST00000057540	ENSMUSG00000059878	ENSMUSP00000084926	Zfp422
ENSMUST00000088811	ENSMUSG00000067942	ENSMUSP00000086191	Zfp160
ENSMUST00000111763	ENSMUSG00000032446	ENSMUSP00000107393	Eomes
ENSMUST00000095759	ENSMUSG00000071341	ENSMUSP00000093433	Egr4
ENSMUST00000094762	ENSMUSG00000002983	ENSMUSP00000092355	Relb
ENSMUST00000091507	ENSMUSG00000001504	ENSMUSP00000089088	Irx2
ENSMUST00000004994	ENSMUSG00000004872	ENSMUSP00000004994	Pax3
ENSMUST00000174782	ENSMUSG00000024406	ENSMUSP00000134493	Pou5f1
ENSMUST00000109785	ENSMUSG00000041164	ENSMUSP00000105408	Zmiz2
ENSMUST00000170485	ENSMUSG00000044220	ENSMUSP00000126983	Nkx2-3
ENSMUST00000110490	ENSMUSG00000036721	ENSMUSP00000106116	Zscan12
ENSMUST00000067425	ENSMUSG00000054381	ENSMUSP00000070685	Zfp747
ENSMUST00000099420	ENSMUSG00000074838	ENSMUSP00000097017	Gm16512
ENSMUST00000099418	ENSMUSG00000074837	ENSMUSP00000097015	Gm10770
ENSMUST00000071320	ENSMUSG00000074830	ENSMUSP00000071284	Zfp640
ENSMUST00000068296	ENSMUSG00000060510	ENSMUSP00000066012	Zfp266
ENSMUST00000069740	ENSMUSG00000055942	ENSMUSP00000069239	Gm4745
ENSMUST00000160990	ENSMUSG00000071757		Zhx2
ENSMUST00000051312	ENSMUSG00000050397	ENSMUSP00000053297	Foxl2
ENSMUST00000033009	ENSMUSG00000030753	ENSMUSP00000033009	Prkrir
ENSMUST00000034163	ENSMUSG00000031728	ENSMUSP00000034163	Zfp821
ENSMUST00000042470	ENSMUSG00000030757	ENSMUSP00000041821	Zkscan2
ENSMUST00000108562	ENSMUSG00000054893	ENSMUSP00000104202	Zfp667
ENSMUST00000002053	ENSMUSG00000001988	ENSMUSP00000002053	Npas1
ENSMUST00000049877	ENSMUSG00000047002	ENSMUSP00000055001	Msgn1
ENSMUST00000046095	ENSMUSG00000033080	ENSMUSP00000039088	Vsx1
ENSMUST00000093007	ENSMUSG00000041565	ENSMUSP00000094892	L3mbtl4
ENSMUST00000115891	ENSMUSG00000000103	ENSMUSP00000111557	Zfy2
ENSMUST00000176492	ENSMUSG00000009739		Pou6f1
ENSMUST00000063332	ENSMUSG00000051817	ENSMUSP00000064250	Sox12
ENSMUST00000107658	ENSMUSG00000038615	ENSMUSP00000103285	Nfe2l1
ENSMUST00000176928	ENSMUSG00000033713	ENSMUSP00000135749	Foxn3
ENSMUST00000130891	ENSMUSG00000071281	ENSMUSP00000123380	Zfp71-rs1
ENSMUST00000146838	ENSMUSG00000020871		Dlx4
ENSMUST00000000010	ENSMUSG00000020875	ENSMUSP00000000010	Hoxb9
ENSMUST00000048854	ENSMUSG00000054967	ENSMUSP00000041575	Zfp647
ENSMUST00000090190	ENSMUSG00000050240	ENSMUSP00000087656	Hic2
ENSMUST00000067043	ENSMUSG00000050714	ENSMUSP00000070071	Zbtb26
ENSMUST00000164642	ENSMUSG00000000567	ENSMUSP00000125844	Sox9
ENSMUST00000097974	ENSMUSG00000041309	ENSMUSP00000095588	Nkx6-2
ENSMUST00000027941	ENSMUSG00000026628	ENSMUSP00000027941	Atf3
ENSMUST00000136453	ENSMUSG00000022383		Ppara
ENSMUST00000052561	ENSMUSG00000022389	ENSMUSP00000053496	Tef
ENSMUST00000101351	ENSMUSG00000073043	ENSMUSP00000098903	Atoh1
ENSMUST00000034259	ENSMUSG00000056019	ENSMUSP00000034259	Zfp709
ENSMUST00000069862	ENSMUSG00000056014	ENSMUSP00000067316	A430033K04Rik
ENSMUST00000097384	ENSMUSG00000073448	ENSMUSP00000094996	Gm10509
ENSMUST00000046093	ENSMUSG00000040148	ENSMUSP00000039018	Hmx3
ENSMUST00000015003	ENSMUSG00000014859	ENSMUSP00000015003	E2f4
ENSMUST00000033740	ENSMUSG00000031374	ENSMUSP00000033740	Zfp92
ENSMUST00000041730	ENSMUSG00000038765	ENSMUSP00000043616	Lmx1b
ENSMUST00000100501	ENSMUSG00000056493	ENSMUSP00000098070	Foxk1
ENSMUST00000100750	ENSMUSG00000031393	ENSMUSP00000098314	Mecp2
ENSMUST00000137439	ENSMUSG00000003282	ENSMUSP00000117532	Plag1
ENSMUST00000034041	ENSMUSG00000031627	ENSMUSP00000034041	Irf2
ENSMUST00000149881	ENSMUSG00000019817		Plagl1
ENSMUST00000123047	ENSMUSG00000022708	ENSMUSP00000124798	Zbtb20
ENSMUST00000031017	ENSMUSG00000029135	ENSMUSP00000031017	Fosl2
ENSMUST00000056467	ENSMUSG00000047036	ENSMUSP00000055738	Zfp445
ENSMUST00000131658	ENSMUSG00000017950		Hnf4a
ENSMUST00000079642	ENSMUSG00000057835	ENSMUSP00000078587	Zfp119a
ENSMUST00000048229	ENSMUSG00000034057	ENSMUSP00000037477	Gm239
ENSMUST00000046565	ENSMUSG00000035277	ENSMUSP00000049039	Arx
ENSMUST00000033341	ENSMUSG00000031028	ENSMUSP00000033341	Tub
ENSMUST00000093852	ENSMUSG00000066687	ENSMUSP00000091374	Zbtb16
ENSMUST00000088764	ENSMUSG00000044501	ENSMUSP00000086142	Zfp758
ENSMUST00000080406	ENSMUSG00000022526	ENSMUSP00000079268	Zfp251
ENSMUST00000023176	ENSMUSG00000022529	ENSMUSP00000023176	Zfp263
ENSMUST00000160592	ENSMUSG00000022528		Hes1
ENSMUST00000108453	ENSMUSG00000011267	ENSMUSP00000104093	Zfp296
ENSMUST00000031632	ENSMUSG00000029627	ENSMUSP00000031632	Zkscan14
ENSMUST00000162489	ENSMUSG00000028717	ENSMUSP00000124983	Tal1
ENSMUST00000040104	ENSMUSG00000038193	ENSMUSP00000044983	Hand2
ENSMUST00000021813	ENSMUSG00000021381	ENSMUSP00000021813	Barx1
ENSMUST00000066187	ENSMUSG00000048540	ENSMUSP00000064355	Nhlh2
ENSMUST00000105235	ENSMUSG00000025369	ENSMUSP00000100868	Smarcc2
ENSMUST00000171754	ENSMUSG00000034271	ENSMUSP00000129985	Jdp2
ENSMUST00000000095	ENSMUSG00000000093	ENSMUSP00000000095	Tbx2
ENSMUST00000108151	ENSMUSG00000006310	ENSMUSP00000103786	Zbtb32
ENSMUST00000112781	ENSMUSG00000079390		Gm11105
ENSMUST00000006818	ENSMUSG00000006642	ENSMUSP00000006818	Tcf23
ENSMUST00000142997	ENSMUSG00000035478	ENSMUSP00000120675	Mbd3
ENSMUST00000054491	ENSMUSG00000046470	ENSMUSP00000062759	Sox18
ENSMUST00000107433	ENSMUSG00000028042	ENSMUSP00000103056	Zbtb7b
ENSMUST00000048935	ENSMUSG00000042372	ENSMUSP00000046812	Dmrt3
ENSMUST00000109460	ENSMUSG00000035877	ENSMUSP00000105086	Zhx3
ENSMUST00000018795	ENSMUSG00000018651	ENSMUSP00000018795	Tada2a
ENSMUST00000146895	ENSMUSG00000035011	ENSMUSP00000120987	Zbtb7a
ENSMUST00000081221	ENSMUSG00000018654	ENSMUSP00000079981	Ikzf1
ENSMUST00000135975	ENSMUSG00000020679	ENSMUSP00000117036	Hnf1b
ENSMUST00000061508	ENSMUSG00000047264	ENSMUSP00000060344	Zfp358
ENSMUST00000109272	ENSMUSG00000032727	ENSMUSP00000104895	Mier3
ENSMUST00000092768	ENSMUSG00000001510	ENSMUSP00000090443	Dlx3
ENSMUST00000035427	ENSMUSG00000036281	ENSMUSP00000041767	Snapc4
ENSMUST00000151893	ENSMUSG00000054716		Zfp771
ENSMUST00000055528	ENSMUSG00000054715	ENSMUSP00000057651	Zscan22
ENSMUST00000051352	ENSMUSG00000045251	ENSMUSP00000060114	Zfp688
ENSMUST00000053410	ENSMUSG00000045252	ENSMUSP00000057817	Zfp574
ENSMUST00000112198	ENSMUSG00000042207	ENSMUSP00000107817	Kdm5b
ENSMUST00000072829	ENSMUSG00000064194	ENSMUSP00000072608	Zfp936
ENSMUST00000163407	ENSMUSG00000078580	ENSMUSP00000128309	E430018J23Rik
ENSMUST00000126421	ENSMUSG00000059842	ENSMUSP00000117383	Zfp341
ENSMUST00000025393	ENSMUSG00000024515	ENSMUSP00000025393	Smad4
ENSMUST00000148442	ENSMUSG00000074221	ENSMUSP00000118387	Zfp568
ENSMUST00000098596	ENSMUSG00000074220	ENSMUSP00000096196	Zfp382
ENSMUST00000079833	ENSMUSG00000019878	ENSMUSP00000078761	Hsf2
ENSMUST00000018698	ENSMUSG00000018554	ENSMUSP00000018698	Ybx2
ENSMUST00000137451	ENSMUSG00000027544	ENSMUSP00000118329	Nfatc2
ENSMUST00000137536	ENSMUSG00000027547	ENSMUSP00000115646	Sall4
ENSMUST00000130204	ENSMUSG00000001288		Rarg
ENSMUST00000170042	ENSMUSG00000001280		Sp1
ENSMUST00000049680	ENSMUSG00000048897	ENSMUSP00000050577	Zfp710
ENSMUST00000096250	ENSMUSG00000033237	ENSMUSP00000093969	Arid2
ENSMUST00000164226	ENSMUSG00000036602		Alx1
ENSMUST00000166877	ENSMUSG00000051910	ENSMUSP00000129512	Sox6
ENSMUST00000047495	ENSMUSG00000037730	ENSMUSP00000040695	Mynn
ENSMUST00000091526	ENSMUSG00000074824	ENSMUSP00000089111	Zfp708
ENSMUST00000071300	ENSMUSG00000074829	ENSMUSP00000071269	
ENSMUST00000079063	ENSMUSG00000063632	ENSMUSP00000078070	Sox11
ENSMUST00000146335	ENSMUSG00000014030		Pax5
ENSMUST00000093956	ENSMUSG00000070345	ENSMUSP00000091488	Hsf5
ENSMUST00000111254	ENSMUSG00000040310	ENSMUSP00000106885	Alx4
ENSMUST00000140442	ENSMUSG00000024968	ENSMUSP00000114858	Rcor2
ENSMUST00000027943	ENSMUSG00000026630	ENSMUSP00000027943	Batf3
ENSMUST00000172581	ENSMUSG00000038518		Jarid2
ENSMUST00000044434	ENSMUSG00000041578	ENSMUSP00000043436	Crx
ENSMUST00000108336	ENSMUSG00000037640	ENSMUSP00000103973	Zfp60
ENSMUST00000109704	ENSMUSG00000027490	ENSMUSP00000105326	E2f1
ENSMUST00000170643	ENSMUSG00000068048	ENSMUSP00000126022	Rhox9
ENSMUST00000057950	ENSMUSG00000024565	ENSMUSP00000056967	Sall3
ENSMUST00000168423	ENSMUSG00000024563	ENSMUSP00000130115	Smad2
ENSMUST00000025446	ENSMUSG00000024561	ENSMUSP00000025446	Mbd1
ENSMUST00000140642	ENSMUSG00000070691		Runx3
ENSMUST00000130825	ENSMUSG00000063245	ENSMUSP00000121301	Gm13248
ENSMUST00000072518	ENSMUSG00000063242	ENSMUSP00000072333	Tgif2lx2
ENSMUST00000084703	ENSMUSG00000055116	ENSMUSP00000081753	Arntl
ENSMUST00000111328	ENSMUSG00000005677	ENSMUSP00000106960	Nr1i3
ENSMUST00000024159	ENSMUSG00000023391	ENSMUSP00000024159	Dlx2
ENSMUST00000115183	ENSMUSG00000079635	ENSMUSP00000110837	Rhox4c
ENSMUST00000008537	ENSMUSG00000008393	ENSMUSP00000008537	Carhsp1
ENSMUST00000073279	ENSMUSG00000037395	ENSMUSP00000073004	Rcor3
ENSMUST00000074043	ENSMUSG00000037465	ENSMUSP00000073690	Klf10
ENSMUST00000115190	ENSMUSG00000079637	ENSMUSP00000110844	Rhox2c
ENSMUST00000052946	ENSMUSG00000031965	ENSMUSP00000052591	Tbx20
ENSMUST00000138826	ENSMUSG00000026638		Irf6
ENSMUST00000147225	ENSMUSG00000004071	ENSMUSP00000120143	5730403B10Rik
ENSMUST00000148766	ENSMUSG00000010505		Myt1
ENSMUST00000107763	ENSMUSG00000023467	ENSMUSP00000103392	Tulp2
ENSMUST00000115567	ENSMUSG00000024431	ENSMUSP00000111229	Nr3c1
ENSMUST00000162275	ENSMUSG00000030145		Zfp248
ENSMUST00000170826	ENSMUSG00000090015	ENSMUSP00000127438	Gm15446
ENSMUST00000069289	ENSMUSG00000030380	ENSMUSP00000069122	Mzf1
ENSMUST00000005600	ENSMUSG00000031706	ENSMUSP00000005600	Rfx1
ENSMUST00000098822	ENSMUSG00000030386	ENSMUSP00000096421	Zfp606
ENSMUST00000141498	ENSMUSG00000027035		Lass6
ENSMUST00000107394	ENSMUSG00000030543	ENSMUSP00000103017	Mesp2
ENSMUST00000032760	ENSMUSG00000030544	ENSMUSP00000032760	Mesp1
ENSMUST00000173298	ENSMUSG00000079639		Rhox4a
ENSMUST00000114499	ENSMUSG00000031365	ENSMUSP00000110143	Zfp275
ENSMUST00000147630	ENSMUSG00000073452	ENSMUSP00000114301	Zfp97
ENSMUST00000054072	ENSMUSG00000003929	ENSMUSP00000050728	Zfp81
ENSMUST00000107205	ENSMUSG00000051451	ENSMUSP00000102823	Crebzf
ENSMUST00000092430	ENSMUSG00000003923	ENSMUSP00000090086	Tfam
ENSMUST00000153998	ENSMUSG00000000823	ENSMUSP00000123096	Znf512b
ENSMUST00000114086	ENSMUSG00000025959	ENSMUSP00000109720	Klf7
ENSMUST00000168611	ENSMUSG00000042812	ENSMUSP00000131700	Foxf1a
ENSMUST00000080541	ENSMUSG00000070902	ENSMUSP00000079383	Zfp352
ENSMUST00000072915	ENSMUSG00000056829	ENSMUSP00000072687	Foxb2
ENSMUST00000012279	ENSMUSG00000022738	ENSMUSP00000012279	Gsc2
ENSMUST00000027730	ENSMUSG00000026459	ENSMUSP00000027730	Myog
ENSMUST00000103085	ENSMUSG00000056824	ENSMUSP00000099374	Zfp663
ENSMUST00000012944	ENSMUSG00000057842	ENSMUSP00000012944	Zfp595
ENSMUST00000114777	ENSMUSG00000025423	ENSMUSP00000110425	Pias2
ENSMUST00000041759	ENSMUSG00000034518	ENSMUSP00000045126	Hmgxb4
ENSMUST00000037165	ENSMUSG00000034041	ENSMUSP00000046010	Lyl1
ENSMUST00000056246	ENSMUSG00000062116	ENSMUSP00000072585	Zfp954
ENSMUST00000114421	ENSMUSG00000067430	ENSMUSP00000110064	Zfp763
ENSMUST00000147133	ENSMUSG00000068859		Sp9
ENSMUST00000111377	ENSMUSG00000026686	ENSMUSP00000107008	Lmx1a
ENSMUST00000115308	ENSMUSG00000022510	ENSMUSP00000110963	Trp63
ENSMUST00000064806	ENSMUSG00000028707	ENSMUSP00000134457	Dmbx1
ENSMUST00000133150	ENSMUSG00000046311	ENSMUSP00000115576	Zfp62
ENSMUST00000172718	ENSMUSG00000025880		Smad7
ENSMUST00000152258	ENSMUSG00000006720	ENSMUSP00000135102	Zfp184
ENSMUST00000138890	ENSMUSG00000029478	ENSMUSP00000117813	Ncor2
ENSMUST00000165892	ENSMUSG00000078903	ENSMUSP00000127636	Gm14391
ENSMUST00000040536	ENSMUSG00000034266	ENSMUSP00000040706	Batf
ENSMUST00000038558	ENSMUSG00000035397	ENSMUSP00000048825	Klf16
ENSMUST00000043208	ENSMUSG00000034460	ENSMUSP00000036150	Six4
ENSMUST00000131763	ENSMUSG00000028901		Gmeb1
ENSMUST00000001608	ENSMUSG00000001566	ENSMUSP00000001608	Mnx1
ENSMUST00000032622	ENSMUSG00000063535	ENSMUSP00000032622	Zfp773
ENSMUST00000171257	ENSMUSG00000052909	ENSMUSP00000125787	Gm9894
ENSMUST00000064922	ENSMUSG00000052837	ENSMUSP00000064680	Junb
ENSMUST00000161458	ENSMUSG00000032425	ENSMUSP00000125017	Zfp949
ENSMUST00000173121	ENSMUSG00000032368	ENSMUSP00000134006	Zic1
ENSMUST00000134136	ENSMUSG00000044934		Zfp367
ENSMUST00000174560	ENSMUSG00000024176	ENSMUSP00000133742	Sox8
ENSMUST00000058899	ENSMUSG00000048938	ENSMUSP00000052557	Nr1h5
ENSMUST00000109655	ENSMUSG00000045333	ENSMUSP00000105282	Zfp423
ENSMUST00000102864	ENSMUSG00000020275	ENSMUSP00000099928	Rel
ENSMUST00000062085	ENSMUSG00000045336	ENSMUSP00000049715	Hsfy2
ENSMUST00000045842	ENSMUSG00000027551	ENSMUSP00000041745	Zfp64
ENSMUST00000049932	ENSMUSG00000025958	ENSMUSP00000059973	Creb1
ENSMUST00000109732	ENSMUSG00000078994	ENSMUSP00000105354	Zfp429
ENSMUST00000035608	ENSMUSG00000039830	ENSMUSP00000036797	Olig2
ENSMUST00000086195	ENSMUSG00000066797	ENSMUSP00000083370	Zfp648
ENSMUST00000018407	ENSMUSG00000018263	ENSMUSP00000018407	Tbx5
ENSMUST00000167949	ENSMUSG00000053747	ENSMUSP00000129906	Sox14
ENSMUST00000084968	ENSMUSG00000037896	ENSMUSP00000082034	Rcor1
ENSMUST00000114639	ENSMUSG00000079575	ENSMUSP00000110286	Rbpsuh-rs3
ENSMUST00000067020	ENSMUSG00000054160	ENSMUSP00000066690	Nkx2-4
ENSMUST00000089075	ENSMUSG00000071770	ENSMUSP00000086475	Rhox4e
ENSMUST00000096458	ENSMUSG00000071771	ENSMUSP00000094197	Rhox4b
ENSMUST00000096459	ENSMUSG00000071772	ENSMUSP00000094198	Rhox3e
ENSMUST00000115210	ENSMUSG00000071773	ENSMUSP00000110865	Rhox1
ENSMUST00000028068	ENSMUSG00000026735	ENSMUSP00000028068	Ptf1a
ENSMUST00000047997	ENSMUSG00000038560	ENSMUSP00000039307	Sp6
ENSMUST00000025850	ENSMUSG00000024912	ENSMUSP00000025850	Fosl1
ENSMUST00000069967	ENSMUSG00000030604	ENSMUSP00000070228	Zfp626
ENSMUST00000139478	ENSMUSG00000041540		Sox5
ENSMUST00000169266	ENSMUSG00000005442	ENSMUSP00000132351	Cic
ENSMUST00000147588	ENSMUSG00000003847	ENSMUSP00000122871	Nfat5
ENSMUST00000081074	ENSMUSG00000058670	ENSMUSP00000079860	4932411N23Rik
ENSMUST00000136983	ENSMUSG00000024826	ENSMUSP00000120125	Dpf2
ENSMUST00000120935	ENSMUSG00000055102	ENSMUSP00000113867	Zfp819
ENSMUST00000167457	ENSMUSG00000059475	ENSMUSP00000130945	Zfp426
ENSMUST00000041871	ENSMUSG00000037477	ENSMUSP00000037401	Tbx10
ENSMUST00000056470	ENSMUSG00000055560	ENSMUSP00000063027	Zfp459
ENSMUST00000092074	ENSMUSG00000002147	ENSMUSP00000089708	Stat6
ENSMUST00000174353	ENSMUSG00000043969		Emx2
ENSMUST00000029547	ENSMUSG00000027938	ENSMUSP00000029547	Creb3l4
ENSMUST00000101395	ENSMUSG00000000942	ENSMUSP00000098943	Hoxa4
ENSMUST00000005862	ENSMUSG00000005718	ENSMUSP00000005862	Tfap4
ENSMUST00000032551	ENSMUSG00000030393	ENSMUSP00000032551	Zik1
ENSMUST00000156690	ENSMUSG00000030557	ENSMUSP00000117496	Mef2a
ENSMUST00000032768	ENSMUSG00000030551	ENSMUSP00000032768	Nr2f2
ENSMUST00000103171	ENSMUSG00000037279	ENSMUSP00000099460	Ovol2
ENSMUST00000124186	ENSMUSG00000040433		Zbtb38
ENSMUST00000023779	ENSMUSG00000023034	ENSMUSP00000023779	Nr4a1
ENSMUST00000172923	ENSMUSG00000067438	ENSMUSP00000134535	Hmx1
ENSMUST00000105884	ENSMUSG00000049410	ENSMUSP00000101508	Gm13060
ENSMUST00000049032	ENSMUSG00000038705	ENSMUSP00000037075	Gmeb2
ENSMUST00000049272	ENSMUSG00000038700	ENSMUSP00000035423	Hoxb5
ENSMUST00000056147	ENSMUSG00000062101	ENSMUSP00000058300	Zfp119b
ENSMUST00000065857	ENSMUSG00000046873		Mbtps2
ENSMUST00000140829	ENSMUSG00000067424	ENSMUSP00000121678	Zfp563
ENSMUST00000069324	ENSMUSG00000055633	ENSMUSP00000065861	Zfp580
ENSMUST00000021674	ENSMUSG00000021250	ENSMUSP00000021674	Fos
ENSMUST00000136464	ENSMUSG00000021255		Esrrb
ENSMUST00000021519	ENSMUSG00000021099	ENSMUSP00000021519	Six6
ENSMUST00000034773	ENSMUSG00000057982	ENSMUSP00000076889	Zfp809
ENSMUST00000176102	ENSMUSG00000056459	ENSMUSP00000135853	Zbtb25
ENSMUST00000067925	ENSMUSG00000054717	ENSMUSP00000065940	Hmgb2
ENSMUST00000159221	ENSMUSG00000022286	ENSMUSP00000123871	Grhl2
ENSMUST00000093312	ENSMUSG00000031734	ENSMUSP00000091002	Irx3
ENSMUST00000045621	ENSMUSG00000040054	ENSMUSP00000044359	Baz2a
ENSMUST00000145237	ENSMUSG00000070828	ENSMUSP00000120149	Zscan4f
ENSMUST00000167261	ENSMUSG00000031738	ENSMUSP00000127446	Irx6
ENSMUST00000094850	ENSMUSG00000070826	ENSMUSP00000092446	Zscan4-ps2
ENSMUST00000078229	ENSMUSG00000056854	ENSMUSP00000077354	Pou3f4
ENSMUST00000027740	ENSMUSG00000026468	ENSMUSP00000027740	Lhx4
ENSMUST00000077787	ENSMUSG00000053985	ENSMUSP00000076960	Zfp14
ENSMUST00000080348	ENSMUSG00000034071	ENSMUSP00000079222	Zfp551
ENSMUST00000101432	ENSMUSG00000021010	ENSMUSP00000098975	Npas3
ENSMUST00000130491	ENSMUSG00000056216	ENSMUSP00000118588	Cebpg
ENSMUST00000135352	ENSMUSG00000022508		Bcl6
ENSMUST00000139707	ENSMUSG00000020472		Zkscan17
ENSMUST00000003238	ENSMUSG00000003154	ENSMUSP00000003238	Foxj2
ENSMUST00000023143	ENSMUSG00000022500	ENSMUSP00000023143	Litaf
ENSMUST00000085591	ENSMUSG00000029644	ENSMUSP00000082729	Pdx1
ENSMUST00000031650	ENSMUSG00000029646	ENSMUSP00000031650	Cdx2
ENSMUST00000167731	ENSMUSG00000022346	ENSMUSP00000130285	Myc
ENSMUST00000080553	ENSMUSG00000058886	ENSMUSP00000079395	Deaf1
ENSMUST00000078817	ENSMUSG00000058883	ENSMUSP00000077868	Zfp708
ENSMUST00000174532	ENSMUSG00000034673	ENSMUSP00000133744	Pbx2
ENSMUST00000171238	ENSMUSG00000058881	ENSMUSP00000126629	Zfp516
ENSMUST00000016086	ENSMUSG00000015942	ENSMUSP00000016086	Gtf2ird2
ENSMUST00000113571	ENSMUSG00000039153	ENSMUSP00000109201	Runx2
ENSMUST00000122842	ENSMUSG00000039087	ENSMUSP00000117048	Rreb1
ENSMUST00000012796	ENSMUSG00000012640	ENSMUSP00000012796	Zfp715
ENSMUST00000063116	ENSMUSG00000048450	ENSMUSP00000058354	Msx1
ENSMUST00000099200	ENSMUSG00000074676	ENSMUSP00000096806	Foxs1
ENSMUST00000063846	ENSMUSG00000052135	ENSMUSP00000065797	Foxo6
ENSMUST00000123300	ENSMUSG00000047907	ENSMUSP00000118550	Tshz2
ENSMUST00000124732	ENSMUSG00000002393	ENSMUSP00000116498	Nr2f6
ENSMUST00000156051	ENSMUSG00000023927	ENSMUSP00000122937	Satb1
ENSMUST00000107626	ENSMUSG00000018678	ENSMUSP00000103252	Sp2
ENSMUST00000102737	ENSMUSG00000035033	ENSMUSP00000099798	Tbr1
ENSMUST00000039132	ENSMUSG00000053600	ENSMUSP00000036514	Zfp472
ENSMUST00000107921	ENSMUSG00000008193	ENSMUSP00000103554	Spib
ENSMUST00000170568	ENSMUSG00000047371	ENSMUSP00000129258	Zfp768
ENSMUST00000089257	ENSMUSG00000068154	ENSMUSP00000092048	Insm1
ENSMUST00000020158	ENSMUSG00000019982	ENSMUSP00000020158	Myb
ENSMUST00000073857	ENSMUSG00000061283	ENSMUSP00000073522	Tgif2lx1
ENSMUST00000123587	ENSMUSG00000059824		Dbp
ENSMUST00000130783	ENSMUSG00000078564	ENSMUSP00000118097	Gm9631
ENSMUST00000088785	ENSMUSG00000078768	ENSMUSP00000086164	Zfp566
ENSMUST00000165681	ENSMUSG00000032411	ENSMUSP00000127967	Tfdp2
ENSMUST00000100043	ENSMUSG00000075304	ENSMUSP00000097620	Sp5
ENSMUST00000173306	ENSMUSG00000036139	ENSMUSP00000134197	Hoxc9
ENSMUST00000034991	ENSMUSG00000032419	ENSMUSP00000034991	Tbx18
ENSMUST00000046717	ENSMUSG00000033943	ENSMUSP00000043795	Mga
ENSMUST00000085771	ENSMUSG00000078767		Gm10988
ENSMUST00000162659	ENSMUSG00000062743	ENSMUSP00000125295	Zfp677
ENSMUST00000053392	ENSMUSG00000048921	ENSMUSP00000056610	Zfp689
ENSMUST00000057501	ENSMUSG00000024298	ENSMUSP00000050501	Zfp871
ENSMUST00000136236	ENSMUSG00000032897	ENSMUSP00000117646	Nfyc
ENSMUST00000155494	ENSMUSG00000039841	ENSMUSP00000120392	Zfp800
ENSMUST00000105098	ENSMUSG00000078302	ENSMUSP00000100725	Foxd1
ENSMUST00000048289	ENSMUSG00000037868	ENSMUSP00000041053	Egr2
ENSMUST00000062640	ENSMUSG00000044690		Gm4798
ENSMUST00000114434	ENSMUSG00000079560	ENSMUSP00000110077	Hoxa3
ENSMUST00000139442	ENSMUSG00000002578	ENSMUSP00000115050	Ikzf4
ENSMUST00000140522	ENSMUSG00000060427		Zfp868
ENSMUST00000096457	ENSMUSG00000071769	ENSMUSP00000094196	Rhox3h
ENSMUST00000096454	ENSMUSG00000071767	ENSMUSP00000094193	Rhox7
ENSMUST00000115146	ENSMUSG00000071766	ENSMUSP00000110799	Rhox12
ENSMUST00000067060	ENSMUSG00000054191	ENSMUSP00000064366	Klf1
ENSMUST00000148489	ENSMUSG00000058402		Zfp383
ENSMUST00000031787	ENSMUSG00000005503	ENSMUSP00000031787	Evx1
ENSMUST00000025521	ENSMUSG00000024619	ENSMUSP00000025521	Cdx1
ENSMUST00000057799	ENSMUSG00000054519	ENSMUSP00000050746	Zfp867
ENSMUST00000110939	ENSMUSG00000026610	ENSMUSP00000106564	Esrrg
ENSMUST00000079721	ENSMUSG00000058665	ENSMUSP00000078659	En1
ENSMUST00000025755	ENSMUSG00000024837	ENSMUSP00000025755	Dmrt1
ENSMUST00000072631	ENSMUSG00000058669	ENSMUSP00000072425	Nkx2-9
ENSMUST00000162667	ENSMUSG00000027833	ENSMUSP00000125198	Shox2
ENSMUST00000126266	ENSMUSG00000020919		Stat5b
ENSMUST00000146446	ENSMUSG00000027583		Zbtb46
ENSMUST00000028663	ENSMUSG00000027230	ENSMUSP00000028663	Creb3l1
ENSMUST00000130877	ENSMUSG00000037446		Tulp1
ENSMUST00000115030	ENSMUSG00000037447	ENSMUSP00000110682	Arid5a
ENSMUST00000049784	ENSMUSG00000061911	ENSMUSP00000058264	Myt1l
ENSMUST00000168023	ENSMUSG00000048138	ENSMUSP00000131807	Dmrt2
ENSMUST00000004051	ENSMUSG00000003949	ENSMUSP00000004051	Hlf
ENSMUST00000054147	ENSMUSG00000051038	ENSMUSP00000052929	Rhox11
ENSMUST00000115203	ENSMUSG00000059626	ENSMUSP00000110857	Rhox3a
ENSMUST00000049778	ENSMUSG00000051034	ENSMUSP00000051861	Zfp11
ENSMUST00000117110	ENSMUSG00000051037	ENSMUSP00000113356	Zfp455
ENSMUST00000049454	ENSMUSG00000040841	ENSMUSP00000045973	Six5
ENSMUST00000171644	ENSMUSG00000000440	ENSMUSP00000131962	Pparg
ENSMUST00000055562	ENSMUSG00000050328	ENSMUSP00000051003	Hoxc12
ENSMUST00000176342	ENSMUSG00000041420	ENSMUSP00000135302	Meis3
ENSMUST00000163855	ENSMUSG00000023027	ENSMUSP00000126491	Atf1
ENSMUST00000165317	ENSMUSG00000036098	ENSMUSP00000128404	Gm98
ENSMUST00000155423	ENSMUSG00000038718		Pbx3
ENSMUST00000176248	ENSMUSG00000023021	ENSMUSP00000135074	Lass5
ENSMUST00000171301	ENSMUSG00000044296	ENSMUSP00000127032	Zfp879
ENSMUST00000052030	ENSMUSG00000047643	ENSMUSP00000055525	Gm5454
ENSMUST00000073352	ENSMUSG00000062175	ENSMUSP00000073074	Tgif2
ENSMUST00000053830	ENSMUSG00000048686	ENSMUSP00000059625	Hmgb4
ENSMUST00000109913	ENSMUSG00000031618	ENSMUSP00000105539	Nr3c2
ENSMUST00000020908	ENSMUSG00000057469	ENSMUSP00000020908	E2f6
ENSMUST00000074941	ENSMUSG00000063281	ENSMUSP00000074475	Zfp35
ENSMUST00000047308	ENSMUSG00000056028	ENSMUSP00000045372	Ovol3
ENSMUST00000135523	ENSMUSG00000049532	ENSMUSP00000122976	Sall2
ENSMUST00000054555	ENSMUSG00000047003	ENSMUSP00000056510	Zfp41
ENSMUST00000107972	ENSMUSG00000056592	ENSMUSP00000103606	Zfp658
ENSMUST00000026475	ENSMUSG00000025408	ENSMUSP00000026475	Ddit3
ENSMUST00000026474	ENSMUSG00000025407	ENSMUSP00000026474	Gli1
ENSMUST00000119109	ENSMUSG00000003382	ENSMUSP00000112915	Etv3
ENSMUST00000056006	ENSMUSG00000043013	ENSMUSP00000058020	Onecut1
ENSMUST00000115142	ENSMUSG00000048047	ENSMUSP00000110795	Zbtb33
ENSMUST00000176701	ENSMUSG00000006705	ENSMUSP00000135804	Pknox1
ENSMUST00000156301	ENSMUSG00000063972		Nr6a1
ENSMUST00000176438	ENSMUSG00000026872	ENSMUSP00000134849	Zeb2
ENSMUST00000112553	ENSMUSG00000026987	ENSMUSP00000108172	Baz2b
ENSMUST00000115799	ENSMUSG00000069729	ENSMUSP00000111465	Arid1b
ENSMUST00000012664	ENSMUSG00000012520	ENSMUSP00000012664	Phox2b
ENSMUST00000107992	ENSMUSG00000069727	ENSMUSP00000103626	Gm5595
ENSMUST00000016231	ENSMUSG00000016087	ENSMUSP00000016231	Fli1
ENSMUST00000031709	ENSMUSG00000029697	ENSMUSP00000031709	Fezf1
ENSMUST00000060271	ENSMUSG00000047861	ENSMUSP00000058651	Foxi1
ENSMUST00000061035	ENSMUSG00000046518	ENSMUSP00000058994	Ferd3l
ENSMUST00000107076	ENSMUSG00000028101	ENSMUSP00000102691	Pias3
ENSMUST00000110366	ENSMUSG00000034800	ENSMUSP00000105995	Zfp661
ENSMUST00000131508	ENSMUSG00000028610		Dmrtb1
ENSMUST00000027146	ENSMUSG00000025997	ENSMUSP00000027146	Ikzf2
ENSMUST00000059272	ENSMUSG00000043342	ENSMUSP00000058490	Hoxd9
ENSMUST00000036954	ENSMUSG00000034486	ENSMUSP00000048508	Gbx2
ENSMUST00000024727	ENSMUSG00000023932	ENSMUSP00000024727	Cdc5l
ENSMUST00000071921	ENSMUSG00000042508	ENSMUSP00000071815	Dmtf1
ENSMUST00000072567	ENSMUSG00000050855	ENSMUSP00000072378	Zfp940
ENSMUST00000153985	ENSMUSG00000053347	ENSMUSP00000115817	Zfp943
ENSMUST00000143992	ENSMUSG00000045519		Zfp560
ENSMUST00000051773	ENSMUSG00000045518	ENSMUSP00000053288	Onecut3
ENSMUST00000058404	ENSMUSG00000044597	ENSMUSP00000054158	Mycs
ENSMUST00000054883	ENSMUSG00000045515	ENSMUSP00000052088	Pou3f3
ENSMUST00000019572	ENSMUSG00000059839	ENSMUSP00000019572	Zfp874b
ENSMUST00000049016	ENSMUSG00000042439	ENSMUSP00000036582	Zfp532
ENSMUST00000108393	ENSMUSG00000017688	ENSMUSP00000104030	Hnf4g
ENSMUST00000098651	ENSMUSG00000032405	ENSMUSP00000096248	Pias1
ENSMUST00000020346	ENSMUSG00000020137	ENSMUSP00000020346	Thap2
ENSMUST00000034973	ENSMUSG00000032402	ENSMUSP00000034973	Smad3
ENSMUST00000108331	ENSMUSG00000078779	ENSMUSP00000103968	Zfp59
ENSMUST00000041281	ENSMUSG00000033972	ENSMUSP00000048905	Zfp944
ENSMUST00000079272	ENSMUSG00000071302	ENSMUSP00000078254	Gm10324
ENSMUST00000020243	ENSMUSG00000020052	ENSMUSP00000020243	Ascl1
ENSMUST00000015723	ENSMUSG00000015579	ENSMUSP00000015723	Nkx2-5
ENSMUST00000103084	ENSMUSG00000017667	ENSMUSP00000099373	Zfp334
ENSMUST00000108509	ENSMUSG00000078796	ENSMUSP00000104149	Zfp541
ENSMUST00000077951	ENSMUSG00000064043	ENSMUSP00000077103	Trerf1
ENSMUST00000105682	ENSMUSG00000039852	ENSMUSP00000101307	Rere
ENSMUST00000001536	ENSMUSG00000001496	ENSMUSP00000001536	Nkx2-1
ENSMUST00000153250	ENSMUSG00000001497	ENSMUSP00000117928	Pax9
ENSMUST00000057054	ENSMUSG00000001493	ENSMUSP00000051158	Meox1
ENSMUST00000021968	ENSMUSG00000021506	ENSMUSP00000021968	Pitx1
ENSMUST00000173650	ENSMUSG00000051827	ENSMUSP00000134267	Rhox2a
ENSMUST00000050668	ENSMUSG00000040321	ENSMUSP00000052194	Zfp770
ENSMUST00000001872	ENSMUSG00000001819	ENSMUSP00000001872	Hoxd13
ENSMUST00000149228	ENSMUSG00000005267	ENSMUSP00000114531	Zfp287
ENSMUST00000173623	ENSMUSG00000001815	ENSMUSP00000134131	Evx2
ENSMUST00000127653	ENSMUSG00000024985		Tcf7l2
ENSMUST00000056096	ENSMUSG00000050064	ENSMUSP00000056979	Zfp697
ENSMUST00000091884	ENSMUSG00000024622	ENSMUSP00000089498	Hmgxb3
ENSMUST00000163479	ENSMUSG00000037674	ENSMUSP00000131762	Rfx7
ENSMUST00000077791	ENSMUSG00000055835	ENSMUSP00000076964	Zfp1
ENSMUST00000027974	ENSMUSG00000026663	ENSMUSP00000027974	Atf6
ENSMUST00000150903	ENSMUSG00000049321		Zfp2
ENSMUST00000134982	ENSMUSG00000074527	ENSMUSP00000115243	Gm14296
ENSMUST00000032070	ENSMUSG00000030001	ENSMUSP00000032070	Figla
ENSMUST00000105738	ENSMUSG00000058186	ENSMUSP00000101364	Gm13242
ENSMUST00000068871	ENSMUSG00000055341	ENSMUSP00000070084	Zfp457
ENSMUST00000072713	ENSMUSG00000030486	ENSMUSP00000072496	Zfp108
ENSMUST00000150520	ENSMUSG00000067071		Hes6
ENSMUST00000055537	ENSMUSG00000043903	ENSMUSP00000057897	Gm22
ENSMUST00000151596	ENSMUSG00000038721		Hoxb7
ENSMUST00000042964	ENSMUSG00000039634	ENSMUSP00000036663	Zfp189
ENSMUST00000045847	ENSMUSG00000040857	ENSMUSP00000041912	Erf
ENSMUST00000049052	ENSMUSG00000030823	ENSMUSP00000038195	9130019O22Rik
ENSMUST00000046898	ENSMUSG00000040929	ENSMUSP00000038760	Rfx3
ENSMUST00000170060	ENSMUSG00000021271	ENSMUSP00000131841	Zfp839
ENSMUST00000091508	ENSMUSG00000074472	ENSMUSP00000089089	Zfp872
ENSMUST00000165137	ENSMUSG00000036898	ENSMUSP00000125824	Zfp157
ENSMUST00000047793	ENSMUSG00000042448	ENSMUSP00000043078	Hoxd1
ENSMUST00000034090	ENSMUSG00000031665	ENSMUSP00000034090	Sall1
ENSMUST00000176245	ENSMUSG00000043059	ENSMUSP00000135371	Zfp513
ENSMUST00000040415	ENSMUSG00000051550	ENSMUSP00000047802	Zfp579
ENSMUST00000133724	ENSMUSG00000004359	ENSMUSP00000114328	Spic
ENSMUST00000045566	ENSMUSG00000039521	ENSMUSP00000041953	Foxp3
ENSMUST00000151278	ENSMUSG00000066007		Zfp600
ENSMUST00000039174	ENSMUSG00000038151	ENSMUSP00000039248	Prdm1
ENSMUST00000163381	ENSMUSG00000022306	ENSMUSP00000128522	Zfpm2
ENSMUST00000105720	ENSMUSG00000066000	ENSMUSP00000101345	2610305D13Rik
ENSMUST00000031097	ENSMUSG00000029196	ENSMUSP00000031097	Tada2b
ENSMUST00000154939	ENSMUSG00000066009		Gm13051
ENSMUST00000148851	ENSMUSG00000057895	ENSMUSP00000123112	Zfp105
ENSMUST00000108546	ENSMUSG00000057894	ENSMUSP00000104186	Zfp329
ENSMUST00000101560	ENSMUSG00000073176	ENSMUSP00000099096	Zfp449
ENSMUST00000175703	ENSMUSG00000009734		Pou6f2
ENSMUST00000009877	ENSMUSG00000009733	ENSMUSP00000009877	Tfcp2
ENSMUST00000080249	ENSMUSG00000063383	ENSMUSP00000079137	Zfp947
ENSMUST00000081529	ENSMUSG00000074529	ENSMUSP00000080244	C330013J21Rik
ENSMUST00000177504	ENSMUSG00000022361	ENSMUSP00000135111	Zhx1
ENSMUST00000000964	ENSMUSG00000029844	ENSMUSP00000000964	Hoxa1
ENSMUST00000133322	ENSMUSG00000017861		Mybl2
ENSMUST00000057029	ENSMUSG00000062012	ENSMUSP00000054595	Zfp13
ENSMUST00000123100	ENSMUSG00000015217	ENSMUSP00000116937	Hmgb3
ENSMUST00000105735	ENSMUSG00000056300	ENSMUSP00000101361	Gm13247
ENSMUST00000077984	ENSMUSG00000057254	ENSMUSP00000077134	Zfp870
ENSMUST00000109268	ENSMUSG00000057098	ENSMUSP00000104891	Ebf1
ENSMUST00000131576	ENSMUSG00000043753		Dmrta1
ENSMUST00000120004	ENSMUSG00000057093	ENSMUSP00000112494	C030039L03Rik
ENSMUST00000026367	ENSMUSG00000025323	ENSMUSP00000026367	Sp4
ENSMUST00000137973	ENSMUSG00000027186		Elf5
ENSMUST00000099401	ENSMUSG00000025216	ENSMUSP00000096997	Lbx1
ENSMUST00000174617	ENSMUSG00000025215	ENSMUSP00000133627	Tlx1
ENSMUST00000163999	ENSMUSG00000046185	ENSMUSP00000131131	Zfp84
ENSMUST00000110421	ENSMUSG00000021055	ENSMUSP00000106051	Esr2
ENSMUST00000108015	ENSMUSG00000068959	ENSMUSP00000103650	Zfp619
ENSMUST00000107303	ENSMUSG00000017801	ENSMUSP00000102924	Mlx
ENSMUST00000138487	ENSMUSG00000023902	ENSMUSP00000114341	Zscan10
ENSMUST00000058555	ENSMUSG00000052684	ENSMUSP00000054270	Jun
ENSMUST00000037646	ENSMUSG00000035529	ENSMUSP00000041942	Prdm4
ENSMUST00000078816	ENSMUSG00000062944	ENSMUSP00000077867	9130023H24Rik
ENSMUST00000099259	ENSMUSG00000074731	ENSMUSP00000096865	Zfp345
ENSMUST00000176702	ENSMUSG00000028487	ENSMUSP00000134774	Bnc2
ENSMUST00000043819	ENSMUSG00000038805	ENSMUSP00000039867	Six3
ENSMUST00000152315	ENSMUSG00000045639	ENSMUSP00000114772	Zfp629
ENSMUST00000154010	ENSMUSG00000052751	ENSMUSP00000121975	Repin1
ENSMUST00000119783	ENSMUSG00000007415	ENSMUSP00000113271	Gatad1
ENSMUST00000037260	ENSMUSG00000050846	ENSMUSP00000036049	Zfp623
ENSMUST00000153902	ENSMUSG00000018168		Ikzf3
ENSMUST00000108537	ENSMUSG00000033961	ENSMUSP00000104177	Zfp446
ENSMUST00000112133	ENSMUSG00000079303	ENSMUSP00000107761	Zfp131
ENSMUST00000039867	ENSMUSG00000033964	ENSMUSP00000045570	Zbtb41
ENSMUST00000021922	ENSMUSG00000021469	ENSMUSP00000021922	Msx2
ENSMUST00000111478	ENSMUSG00000006270	ENSMUSP00000107103	Vax1
ENSMUST00000169721	ENSMUSG00000022987	ENSMUSP00000133212	Zfp641
ENSMUST00000085496	ENSMUSG00000066530	ENSMUSP00000082625	Hmg1l1
ENSMUST00000146511	ENSMUSG00000016503	ENSMUSP00000119607	Gtf3a
ENSMUST00000113865	ENSMUSG00000039191	ENSMUSP00000109496	Rbpj
ENSMUST00000101443	ENSMUSG00000068551	ENSMUSP00000098986	Zfp467
ENSMUST00000100077	ENSMUSG00000075327	ENSMUSP00000097655	Zbtb2
ENSMUST00000155021	ENSMUSG00000000731	ENSMUSP00000122190	Aire
ENSMUST00000076264	ENSMUSG00000062761	ENSMUSP00000075613	Zfp512
ENSMUST00000058475	ENSMUSG00000048904	ENSMUSP00000050484	Neurog1
ENSMUST00000019374	ENSMUSG00000019230	ENSMUSP00000019374	Lhx9
ENSMUST00000147641	ENSMUSG00000034429	ENSMUSP00000119705	Zfp707
ENSMUST00000106118	ENSMUSG00000010476	ENSMUSP00000101724	Ebf3
ENSMUST00000109043	ENSMUSG00000078896	ENSMUSP00000104671	Gm8923
ENSMUST00000109045	ENSMUSG00000078897	ENSMUSP00000104673	Gm4724
ENSMUST00000135430	ENSMUSG00000078894	ENSMUSP00000116894	2210418O10Rik
ENSMUST00000170652	ENSMUSG00000079509	ENSMUSP00000132179	Zfx
ENSMUST00000129524	ENSMUSG00000078893	ENSMUSP00000116347	Gm2004
ENSMUST00000130571	ENSMUSG00000078890	ENSMUSP00000119155	Gm11007
ENSMUST00000099449	ENSMUSG00000074867	ENSMUSP00000097048	Zfp808
ENSMUST00000169136	ENSMUSG00000021510	ENSMUSP00000131749	A530054K11Rik
ENSMUST00000082203	ENSMUSG00000074865	ENSMUSP00000080837	Zfp934
ENSMUST00000155732	ENSMUSG00000021514	ENSMUSP00000119796	Zfp369
ENSMUST00000131676	ENSMUSG00000078898	ENSMUSP00000116661	Gm4723
ENSMUST00000099439	ENSMUSG00000074860	ENSMUSP00000097038	Gm10778
ENSMUST00000054780	ENSMUSG00000003198	ENSMUSP00000053979	Zfp959
ENSMUST00000053764	ENSMUSG00000044167	ENSMUSP00000055308	Foxo1
ENSMUST00000124638	ENSMUSG00000015697		Setdb1
ENSMUST00000040131	ENSMUSG00000036461	ENSMUSP00000046515	Elf1
ENSMUST00000105314	ENSMUSG00000078435	ENSMUSP00000100951	AU041133
ENSMUST00000105315	ENSMUSG00000078436	ENSMUSP00000100952	Gm4767
ENSMUST00000133615	ENSMUSG00000027109		Sp3
ENSMUST00000072167	ENSMUSG00000063709	ENSMUSP00000072030	Rhox2e
ENSMUST00000074721	ENSMUSG00000027102	ENSMUSP00000088094	Hoxd8
ENSMUST00000128531	ENSMUSG00000027104	ENSMUSP00000118560	Atf2
ENSMUST00000109124	ENSMUSG00000020335	ENSMUSP00000104752	Zfp354b
ENSMUST00000142304	ENSMUSG00000033740		St18
ENSMUST00000086278	ENSMUSG00000066829	ENSMUSP00000083459	Zfp810
ENSMUST00000173151	ENSMUSG00000055240		Zfp101
ENSMUST00000109964	ENSMUSG00000037025	ENSMUSP00000105590	Foxa2
ENSMUST00000025867	ENSMUSG00000024927	ENSMUSP00000025867	Rela
ENSMUST00000000291	ENSMUSG00000000282	ENSMUSP00000000291	Mnt
ENSMUST00000025861	ENSMUSG00000024922	ENSMUSP00000025861	Ovol1
ENSMUST00000140668	ENSMUSG00000058192	ENSMUSP00000115945	Zfp846
ENSMUST00000028639	ENSMUSG00000027210	ENSMUSP00000028639	Meis2
ENSMUST00000079071	ENSMUSG00000038482	ENSMUSP00000078078	Tfdp1
ENSMUST00000058026	ENSMUSG00000048118	ENSMUSP00000052271	Arid4a
ENSMUST00000123095	ENSMUSG00000049421		Zfp260
ENSMUST00000058600	ENSMUSG00000051490	ENSMUSP00000058575	Foxd4
ENSMUST00000058844	ENSMUSG00000051499	ENSMUSP00000057495	Zfp786
ENSMUST00000029069	ENSMUSG00000027552	ENSMUSP00000029069	E2f5
ENSMUST00000032194	ENSMUSG00000030103	ENSMUSP00000032194	Bhlhe40
ENSMUST00000069536	ENSMUSG00000055799	ENSMUSP00000069403	Tcf7l1
ENSMUST00000036917	ENSMUSG00000037335	ENSMUSP00000046999	Hand1
ENSMUST00000027500	ENSMUSG00000026279	ENSMUSP00000027500	Thap4
ENSMUST00000128145	ENSMUSG00000030584		Dpf1
ENSMUST00000122218	ENSMUSG00000078876	ENSMUSP00000113743	Gm14408
ENSMUST00000056815	ENSMUSG00000026077	ENSMUSP00000054719	Npas2
ENSMUST00000062002	ENSMUSG00000047591	ENSMUSP00000054226	Mafa
ENSMUST00000124148	ENSMUSG00000000861		Bcl11a
ENSMUST00000084993	ENSMUSG00000021264	ENSMUSP00000082063	Yy1
ENSMUST00000027267	ENSMUSG00000026098	ENSMUSP00000027267	Pms1
ENSMUST00000038701	ENSMUSG00000004500	ENSMUSP00000041944	Zfp324
ENSMUST00000054287	ENSMUSG00000044617	ENSMUSP00000052717	Zbtb39
ENSMUST00000108294	ENSMUSG00000002057	ENSMUSP00000103929	Foxn1
ENSMUST00000139247	ENSMUSG00000039834		Zfp335
ENSMUST00000062428	ENSMUSG00000043290	ENSMUSP00000051979	Zfp784
ENSMUST00000112967	ENSMUSG00000026890	ENSMUSP00000108591	Lhx6
ENSMUST00000139060	ENSMUSG00000031079		Zfp300
ENSMUST00000054733	ENSMUSG00000040712	ENSMUSP00000062350	Camta2
ENSMUST00000097774	ENSMUSG00000014592	ENSMUSP00000095381	Camta1
ENSMUST00000151662	ENSMUSG00000031189		Aff2
ENSMUST00000172240	ENSMUSG00000049600	ENSMUSP00000130439	Zbtb45
ENSMUST00000005103	ENSMUSG00000029832	ENSMUSP00000005103	Nfe2l3
ENSMUST00000148192	ENSMUSG00000049606		Zfp644
ENSMUST00000076664	ENSMUSG00000057409	ENSMUSP00000075960	Zfp53
ENSMUST00000067375	ENSMUSG00000054360	ENSMUSP00000068057	Bsx
ENSMUST00000022195	ENSMUSG00000021685	ENSMUSP00000022195	Otp
ENSMUST00000052837	ENSMUSG00000046532	ENSMUSP00000052648	Ar
ENSMUST00000155793	ENSMUSG00000025332	ENSMUSP00000123364	Kdm5c
ENSMUST00000167720	ENSMUSG00000022556	ENSMUSP00000130406	Hsf1
ENSMUST00000113499	ENSMUSG00000029238	ENSMUSP00000109127	Clock
ENSMUST00000032820	ENSMUSG00000022228	ENSMUSP00000032820	Zfp187
ENSMUST00000106307	ENSMUSG00000028634	ENSMUSP00000101914	Hivep3
ENSMUST00000003284	ENSMUSG00000003184	ENSMUSP00000003284	Irf3
ENSMUST00000041029	ENSMUSG00000036867	ENSMUSP00000036285	Smad6
ENSMUST00000153280	ENSMUSG00000038236	ENSMUSP00000134641	Hoxa7
ENSMUST00000106046	ENSMUSG00000048485	ENSMUSP00000101661	Zbtb8b
ENSMUST00000072514	ENSMUSG00000009471	ENSMUSP00000072330	Myod1
ENSMUST00000172997	ENSMUSG00000029546	ENSMUSP00000134067	Uncx
ENSMUST00000111737	ENSMUSG00000025025	ENSMUSP00000107366	Mxi1
ENSMUST00000139118	ENSMUSG00000045757		Zfp764
ENSMUST00000144578	ENSMUSG00000060397	ENSMUSP00000115378	Zfp128
ENSMUST00000088311	ENSMUSG00000067724	ENSMUSP00000085651	Gbx1
ENSMUST00000055305	ENSMUSG00000046088	ENSMUSP00000085973	Gm9805
ENSMUST00000175965	ENSMUSG00000045991	ENSMUSP00000135692	Onecut2
ENSMUST00000094438	ENSMUSG00000028946	ENSMUSP00000092006	Hes3
ENSMUST00000021810	ENSMUSG00000021379	ENSMUSP00000021810	Id4
ENSMUST00000030782	ENSMUSG00000028940	ENSMUSP00000030782	Hes2
ENSMUST00000109866	ENSMUSG00000020484	ENSMUSP00000105492	Xbp1
ENSMUST00000018748	ENSMUSG00000018604	ENSMUSP00000018748	Tbx3
ENSMUST00000009411	ENSMUSG00000052763	ENSMUSP00000009411	Zfp212
ENSMUST00000065871	ENSMUSG00000061544	ENSMUSP00000065379	Zfp229
ENSMUST00000054691	ENSMUSG00000046714	ENSMUSP00000055290	Foxc2
ENSMUST00000118599	ENSMUSG00000046711	ENSMUSP00000113015	Hmga1
ENSMUST00000163568	ENSMUSG00000024134	ENSMUSP00000125871	Six2
ENSMUST00000056032	ENSMUSG00000024137	ENSMUSP00000062344	E4f1
ENSMUST00000036060	ENSMUSG00000042258	ENSMUSP00000044879	Isl1
ENSMUST00000138473	ENSMUSG00000007880		Arid1a
ENSMUST00000092766	ENSMUSG00000038909	ENSMUSP00000090441	Myst2
ENSMUST00000062181	ENSMUSG00000037029	ENSMUSP00000058588	Zfp146
ENSMUST00000047577	ENSMUSG00000042414	ENSMUSP00000044245	Prdm14
ENSMUST00000166012	ENSMUSG00000037935	ENSMUSP00000126634	Smarce1
ENSMUST00000060397	ENSMUSG00000020037	ENSMUSP00000051107	Rfx4
ENSMUST00000055041	ENSMUSG00000045179	ENSMUSP00000049633	Sox3
ENSMUST00000072182	ENSMUSG00000062713	ENSMUSP00000072043	Sim2
ENSMUST00000162022	ENSMUSG00000052942	ENSMUSP00000124635	Glis3
ENSMUST00000108828	ENSMUSG00000052414	ENSMUSP00000104456	Atf7
ENSMUST00000000632	ENSMUSG00000044807	ENSMUSP00000000632	Zfp354c
ENSMUST00000172177	ENSMUSG00000002617	ENSMUSP00000128758	Zfp40
ENSMUST00000126696	ENSMUSG00000078885	ENSMUSP00000119516	Gm14432
ENSMUST00000109001	ENSMUSG00000078884	ENSMUSP00000104629	Gm14436
ENSMUST00000109012	ENSMUSG00000078887	ENSMUSP00000104640	Gm6710
ENSMUST00000109008	ENSMUSG00000078886	ENSMUSP00000104636	Gm2026
ENSMUST00000120959	ENSMUSG00000078881	ENSMUSP00000113558	Gm14434
ENSMUST00000117267	ENSMUSG00000078880	ENSMUSP00000112702	Gm14308
ENSMUST00000133235	ENSMUSG00000078883	ENSMUSP00000117028	Gm14430
ENSMUST00000148569	ENSMUSG00000078882	ENSMUSP00000120831	Gm14431
ENSMUST00000132662	ENSMUSG00000078888	ENSMUSP00000114198	Gm2007
ENSMUST00000112344	ENSMUSG00000055817	ENSMUSP00000107963	Mta3
ENSMUST00000042706	ENSMUSG00000037583	ENSMUSP00000039175	Nr0b2
ENSMUST00000172754	ENSMUSG00000027684	ENSMUSP00000134152	Mecom
ENSMUST00000124820	ENSMUSG00000062627		Mysm1
ENSMUST00000044564	ENSMUSG00000032998	ENSMUSP00000035746	Foxj3
ENSMUST00000115967	ENSMUSG00000079840	ENSMUSP00000111627	Zfp131
ENSMUST00000115494	ENSMUSG00000079681	ENSMUSP00000111157	Zglp1
ENSMUST00000170769	ENSMUSG00000022952	ENSMUSP00000133198	Runx1
ENSMUST00000167653	ENSMUSG00000024317	ENSMUSP00000131044	Rnf138
ENSMUST00000125263	ENSMUSG00000040270		Bach2
ENSMUST00000160486	ENSMUSG00000026641	ENSMUSP00000125363	Usf1
ENSMUST00000089349	ENSMUSG00000033006	ENSMUSP00000086764	Sox10
ENSMUST00000047382	ENSMUSG00000037034	ENSMUSP00000048827	Pax1
ENSMUST00000074455	ENSMUSG00000066838	ENSMUSP00000074055	Zfp772
ENSMUST00000084705	ENSMUSG00000055320	ENSMUSP00000081755	Tead1
ENSMUST00000174302	ENSMUSG00000020923	ENSMUSP00000133844	Ubtf
ENSMUST00000014747	ENSMUSG00000014603	ENSMUSP00000014747	Alx3
ENSMUST00000133177	ENSMUSG00000058093		AA987161
ENSMUST00000113453	ENSMUSG00000059325	ENSMUSP00000109080	Hopx
ENSMUST00000165705	ENSMUSG00000030443	ENSMUSP00000129551	Zfp583
ENSMUST00000012725	ENSMUSG00000030446	ENSMUSP00000012725	Zfp273
ENSMUST00000055032	ENSMUSG00000056673	ENSMUSP00000061095	Kdm5d
ENSMUST00000150082	ENSMUSG00000041272		Tox
ENSMUST00000029203	ENSMUSG00000027667	ENSMUSP00000029203	Zfp639
ENSMUST00000077798	ENSMUSG00000027067	ENSMUSP00000076971	Ssrp1
ENSMUST00000067549	ENSMUSG00000049295	ENSMUSP00000068184	Zfp219
ENSMUST00000139568	ENSMUSG00000040478		Prdm13
ENSMUST00000132259	ENSMUSG00000031860		Pbx4
ENSMUST00000095615	ENSMUSG00000059142		Zfp945
ENSMUST00000021641	ENSMUSG00000021217	ENSMUSP00000021641	Tshz3
ENSMUST00000052209	ENSMUSG00000031885	ENSMUSP00000059382	Cbfb
ENSMUST00000077337	ENSMUSG00000060969	ENSMUSP00000076562	Irx1
ENSMUST00000172175	ENSMUSG00000071661	ENSMUSP00000127746	Zbtb3
ENSMUST00000163801	ENSMUSG00000071665	ENSMUSP00000128452	Foxr2
ENSMUST00000151226	ENSMUSG00000061894		Zscan20
ENSMUST00000098597	ENSMUSG00000011427	ENSMUSP00000096198	Zfp790
ENSMUST00000087285	ENSMUSG00000067261	ENSMUSP00000084541	Foxd3
ENSMUST00000049861	ENSMUSG00000061898	ENSMUSP00000059273	Rbak
ENSMUST00000100125	ENSMUSG00000022760	ENSMUSP00000097701	Thap7
ENSMUST00000101589	ENSMUSG00000073209	ENSMUSP00000099122	Klf14
ENSMUST00000113456	ENSMUSG00000031241	ENSMUSP00000109083	Tbx22
ENSMUST00000099001	ENSMUSG00000074521	ENSMUSP00000096599	Gm14327
ENSMUST00000117721	ENSMUSG00000021327	ENSMUSP00000112862	Zkscan3
ENSMUST00000063216	ENSMUSG00000073197	ENSMUSP00000099112	5730507C01Rik
ENSMUST00000142561	ENSMUSG00000020453		Patz1
ENSMUST00000024543	ENSMUSG00000023781	ENSMUSP00000024543	Hes7
ENSMUST00000112674	ENSMUSG00000049672	ENSMUSP00000108294	Zfp161
ENSMUST00000151972	ENSMUSG00000025529		Zfp711
ENSMUST00000113592	ENSMUSG00000039476	ENSMUSP00000109222	Prrx2
ENSMUST00000030610	ENSMUSG00000028807	ENSMUSP00000030610	Zbtb8a
ENSMUST00000028302	ENSMUSG00000026934	ENSMUSP00000028302	Lhx3
ENSMUST00000044125	ENSMUSG00000035187	ENSMUSP00000042716	Nkx6-1
ENSMUST00000125802	ENSMUSG00000089857	ENSMUSP00000121316	Zfp882
ENSMUST00000152145	ENSMUSG00000029313		Aff1
ENSMUST00000138371	ENSMUSG00000028799		Zfp362
ENSMUST00000108947	ENSMUSG00000067480	ENSMUSP00000104575	Gm14403
ENSMUST00000060444	ENSMUSG00000043602	ENSMUSP00000054020	Zfp3
ENSMUST00000139960	ENSMUSG00000046897	ENSMUSP00000117024	Zfp740
ENSMUST00000090475	ENSMUSG00000012350	ENSMUSP00000087961	Ehf
ENSMUST00000171472	ENSMUSG00000074637	ENSMUSP00000128046	Sox2
ENSMUST00000048680	ENSMUSG00000038227	ENSMUSP00000046939	Hoxa9
ENSMUST00000106101	ENSMUSG00000039068	ENSMUSP00000101707	Zzz3
ENSMUST00000002180	ENSMUSG00000002111	ENSMUSP00000002180	Sfpi1
ENSMUST00000176550	ENSMUSG00000029556	ENSMUSP00000135678	Hnf1a
ENSMUST00000040821	ENSMUSG00000032744	ENSMUSP00000040576	Heyl
ENSMUST00000031533	ENSMUSG00000029553	ENSMUSP00000031533	Tfec
ENSMUST00000078800	ENSMUSG00000023994	ENSMUSP00000077853	Nfya
ENSMUST00000041265	ENSMUSG00000034968	ENSMUSP00000047134	Lbx2
ENSMUST00000060303	ENSMUSG00000046982	ENSMUSP00000089388	Tshz1
ENSMUST00000067795	ENSMUSG00000025019	ENSMUSP00000067603	Lcor
ENSMUST00000098877	ENSMUSG00000028150	ENSMUSP00000096476	Rorc
ENSMUST00000109723	ENSMUSG00000021144	ENSMUSP00000105345	Mta1
ENSMUST00000093064	ENSMUSG00000020491	ENSMUSP00000090752	2810021J22Rik
ENSMUST00000099090	ENSMUSG00000027806	ENSMUSP00000096688	Tsc22d2
ENSMUST00000143043	ENSMUSG00000016458	ENSMUSP00000117891	Wt1
ENSMUST00000169582	ENSMUSG00000068284	ENSMUSP00000128627	Gm608
ENSMUST00000169629	ENSMUSG00000042063	ENSMUSP00000128937	Zfp386
ENSMUST00000008016	ENSMUSG00000007872	ENSMUSP00000008016	Id3
ENSMUST00000111980	ENSMUSG00000042464	ENSMUSP00000107611	Hoxd4
ENSMUST00000049382	ENSMUSG00000042390	ENSMUSP00000041370	Gatad2b
ENSMUST00000176176	ENSMUSG00000050954	ENSMUSP00000134793	Zfp169
ENSMUST00000110287	ENSMUSG00000053552	ENSMUSP00000105916	Ebf4
ENSMUST00000167744	ENSMUSG00000028201	ENSMUSP00000129860	Lhx8
ENSMUST00000134473	ENSMUSG00000079215		Zfp664
ENSMUST00000023612	ENSMUSG00000022895	ENSMUSP00000023612	Ets2
ENSMUST00000015645	ENSMUSG00000015501	ENSMUSP00000015645	Hivep2
ENSMUST00000164290	ENSMUSG00000026815	ENSMUSP00000128052	Gfi1b
ENSMUST00000040153	ENSMUSG00000036192	ENSMUSP00000047597	Rorb
ENSMUST00000085664	ENSMUSG00000061371	ENSMUSP00000082807	Zfp873
ENSMUST00000088631	ENSMUSG00000067860	ENSMUSP00000086003	Zic3
ENSMUST00000165320	ENSMUSG00000061374	ENSMUSP00000128105	Fiz1
ENSMUST00000020106	ENSMUSG00000019947	ENSMUSP00000020106	Arid5b
ENSMUST00000167740	ENSMUSG00000071266	ENSMUSP00000132940	Zfp946
ENSMUST00000091879	ENSMUSG00000071267	ENSMUSP00000089494	Zfp942
ENSMUST00000118578	ENSMUSG00000021848	ENSMUSP00000113690	Otx2
ENSMUST00000037824	ENSMUSG00000033837	ENSMUSP00000036591	Foxh1
ENSMUST00000153054	ENSMUSG00000018899		Irf1
ENSMUST00000047373	ENSMUSG00000041287	ENSMUSP00000048524	Sox15
ENSMUST00000075888	ENSMUSG00000061524	ENSMUSP00000075283	Zic2
ENSMUST00000142242	ENSMUSG00000062632	ENSMUSP00000118445	Gm12588
ENSMUST00000091520	ENSMUSG00000058331	ENSMUSP00000089105	Zfp85-rs1
ENSMUST00000115212	ENSMUSG00000058440	ENSMUSP00000110867	Nrf1
ENSMUST00000025374	ENSMUSG00000024497	ENSMUSP00000025374	Pou4f3
ENSMUST00000037779	ENSMUSG00000017491	ENSMUSP00000049108	Rarb
ENSMUST00000154873	ENSMUSG00000002249	ENSMUSP00000118582	Tead3
ENSMUST00000034766	ENSMUSG00000032238	ENSMUSP00000034766	Rora
ENSMUST00000042646	ENSMUSG00000037621	ENSMUSP00000036981	Atoh8
ENSMUST00000047737	ENSMUSG00000041515	ENSMUSP00000040245	Irf8
ENSMUST00000072662	ENSMUSG00000058028	ENSMUSP00000072449	Zscan5b
ENSMUST00000109891	ENSMUSG00000048251	ENSMUSP00000105517	Bcl11b
ENSMUST00000076715	ENSMUSG00000001911	ENSMUSP00000076005	Nfix
ENSMUST00000005371	ENSMUSG00000059552	ENSMUSP00000005371	Trp53
ENSMUST00000094037	ENSMUSG00000030699	ENSMUSP00000091579	Tbx6
ENSMUST00000035800	ENSMUSG00000033016	ENSMUSP00000046312	Nfatc1
ENSMUST00000001878	ENSMUSG00000001823	ENSMUSP00000001878	Hoxd12
ENSMUST00000095027	ENSMUSG00000037138	ENSMUSP00000092637	Aff3
ENSMUST00000040445	ENSMUSG00000036442	ENSMUSP00000048994	Thap11
ENSMUST00000060762	ENSMUSG00000024276	ENSMUSP00000057253	Zfp397
ENSMUST00000115829	ENSMUSG00000024274	ENSMUSP00000111495	Zscan30
ENSMUST00000135006	ENSMUSG00000020950		Foxg1
ENSMUST00000109560	ENSMUSG00000005583	ENSMUSP00000105188	Mef2c
ENSMUST00000056549	ENSMUSG00000047603	ENSMUSP00000050803	Zfp235
ENSMUST00000112547	ENSMUSG00000072762	ENSMUSP00000108166	4930522L14Rik
ENSMUST00000092720	ENSMUSG00000072763	ENSMUSP00000090395	5430403G16Rik
ENSMUST00000102703	ENSMUSG00000037001	ENSMUSP00000099764	Zfp39
ENSMUST00000129388	ENSMUSG00000005698		Ctcf
ENSMUST00000126442	ENSMUSG00000026788	ENSMUSP00000122729	Zbtb43
ENSMUST00000061745	ENSMUSG00000050368	ENSMUSP00000062412	Hoxd10
ENSMUST00000049393	ENSMUSG00000037007	ENSMUSP00000041796	Zfp113
ENSMUST00000105589	ENSMUSG00000019768	ENSMUSP00000101214	Esr1
ENSMUST00000167197	ENSMUSG00000060601	ENSMUSP00000126788	Nr1h2
ENSMUST00000057793	ENSMUSG00000051149	ENSMUSP00000056809	Adnp
ENSMUST00000151080	ENSMUSG00000031870		Pgr
ENSMUST00000049621	ENSMUSG00000048001	ENSMUSP00000051118	Hes5
ENSMUST00000168610	ENSMUSG00000074405	ENSMUSP00000128495	Zfp865
ENSMUST00000098850	ENSMUSG00000074406	ENSMUSP00000112057	Zfp628
ENSMUST00000050029	ENSMUSG00000051367	ENSMUSP00000059026	Six1
ENSMUST00000001709	ENSMUSG00000022485	ENSMUSP00000001709	Hoxc5
ENSMUST00000140542	ENSMUSG00000000317		Bcl6b
ENSMUST00000095944	ENSMUSG00000071477	ENSMUSP00000093637	Zfp777
ENSMUST00000027696	ENSMUSG00000026436	ENSMUSP00000027696	Elk4
ENSMUST00000159920	ENSMUSG00000062040	ENSMUSP00000125232	Zfp27
ENSMUST00000105290	ENSMUSG00000005897	ENSMUSP00000100927	Nr2c1
ENSMUST00000047762	ENSMUSG00000005836	ENSMUSP00000041774	Gata6
ENSMUST00000121809	ENSMUSG00000040732	ENSMUSP00000113723	Erg
ENSMUST00000079390	ENSMUSG00000063804	ENSMUSP00000078361	Lin28b
ENSMUST00000022952	ENSMUSG00000022330	ENSMUSP00000022952	Osr2
ENSMUST00000161139	ENSMUSG00000022335		Zfat
ENSMUST00000108929	ENSMUSG00000090093	ENSMUSP00000104557	Gm14399
ENSMUST00000061890	ENSMUSG00000025821	ENSMUSP00000053643	Zfp282
ENSMUST00000006762	ENSMUSG00000006587	ENSMUSP00000006762	Snai3
ENSMUST00000050658	ENSMUSG00000046957	ENSMUSP00000054083	Spz1
ENSMUST00000086010	ENSMUSG00000068962	ENSMUSP00000083173	Zfp114
ENSMUST00000094705	ENSMUSG00000066721	ENSMUSP00000092294	Zfp575
ENSMUST00000168043	ENSMUSG00000056648	ENSMUSP00000128136	Hoxb8
ENSMUST00000113158	ENSMUSG00000068966	ENSMUSP00000108783	Zbtb34
ENSMUST00000003116	ENSMUSG00000003032	ENSMUSP00000003116	Klf4
ENSMUST00000080834	ENSMUSG00000058447	ENSMUSP00000079647	Zfp82
ENSMUST00000091565	ENSMUSG00000075595	ENSMUSP00000089153	Zfp652
ENSMUST00000022816	ENSMUSG00000022205	ENSMUSP00000022816	Sub1
ENSMUST00000062747	ENSMUSG00000048626	ENSMUSP00000052316	Klf17
ENSMUST00000163266	ENSMUSG00000025225	ENSMUSP00000127618	Nfkb2
ENSMUST00000172980	ENSMUSG00000025229		Pitx3
ENSMUST00000048026	ENSMUSG00000038210	ENSMUSP00000040920	Hoxa11
ENSMUST00000099126	ENSMUSG00000074622	ENSMUSP00000096728	Mafb
ENSMUST00000136234	ENSMUSG00000002108		Nr1h3
ENSMUST00000115477	ENSMUSG00000029563	ENSMUSP00000111137	Foxp2
ENSMUST00000091481	ENSMUSG00000069184	ENSMUSP00000089063	Zfp72
ENSMUST00000151139	ENSMUSG00000046179		E2f8
ENSMUST00000172094	ENSMUSG00000028565	ENSMUSP00000130273	Nfia
ENSMUST00000057717	ENSMUSG00000046556	ENSMUSP00000053397	Zfp319
ENSMUST00000054244	ENSMUSG00000045608	ENSMUSP00000060424	Dbx2
ENSMUST00000152672	ENSMUSG00000034377		Tulp4
ENSMUST00000124264	ENSMUSG00000035576	ENSMUSP00000116118	L3mbtl1
ENSMUST00000112540	ENSMUSG00000066613	ENSMUSP00000108159	Zfp932
ENSMUST00000172088	ENSMUSG00000042097	ENSMUSP00000128270	Zfp239
ENSMUST00000038442	ENSMUSG00000039275	ENSMUSP00000042001	Foxk2
ENSMUST00000078508	ENSMUSG00000060284	ENSMUSP00000077596	Sp7
ENSMUST00000081022	ENSMUSG00000062861	ENSMUSP00000079812	Zfp28
ENSMUST00000048194	ENSMUSG00000042477	ENSMUSP00000035902	Tfap2e
ENSMUST00000043637	ENSMUSG00000035158	ENSMUSP00000044938	Mitf
ENSMUST00000045931	ENSMUSG00000042472	ENSMUSP00000045550	Zfp410
ENSMUST00000137427	ENSMUSG00000017007		Rbpjl
ENSMUST00000176897	ENSMUSG00000050966	ENSMUSP00000135736	Lin28a
ENSMUST00000049089	ENSMUSG00000035799	ENSMUSP00000040089	Twist1
ENSMUST00000115598	ENSMUSG00000009097	ENSMUSP00000111261	Tbx1
ENSMUST00000037877	ENSMUSG00000038932	ENSMUSP00000040611	Tcfl5
ENSMUST00000135663	ENSMUSG00000042109	ENSMUSP00000121080	Csdc2
ENSMUST00000166870	ENSMUSG00000021540	ENSMUSP00000133248	Smad5
ENSMUST00000080754	ENSMUSG00000035934	ENSMUSP00000079578	Pknox2
ENSMUST00000115541	ENSMUSG00000067928	ENSMUSP00000111203	Zfp760
ENSMUST00000072133	ENSMUSG00000067929	ENSMUSP00000072002	Gm10226
ENSMUST00000064290	ENSMUSG00000052435	ENSMUSP00000068927	Cebpe
ENSMUST00000146965	ENSMUSG00000045802		Hsf3
ENSMUST00000065382	ENSMUSG00000053129	ENSMUSP00000069728	Gsx1
ENSMUST00000134863	ENSMUSG00000002325	ENSMUSP00000120525	Irf9
ENSMUST00000162861	ENSMUSG00000029587	ENSMUSP00000123731	Zfp12
ENSMUST00000063980	ENSMUSG00000063488	ENSMUSP00000071695	Zfp167
ENSMUST00000001130	ENSMUSG00000001103	ENSMUSP00000001130	Sebox
ENSMUST00000163089	ENSMUSG00000055874	ENSMUSP00000125380	Foxi3
ENSMUST00000094116	ENSMUSG00000070420	ENSMUSP00000091664	Zfp498
ENSMUST00000155389	ENSMUSG00000028952	ENSMUSP00000114726	Zbtb48
ENSMUST00000036127	ENSMUSG00000033249	ENSMUSP00000048904	Hsf4
ENSMUST00000002320	ENSMUSG00000002250	ENSMUSP00000002320	Ppard
ENSMUST00000064957	ENSMUSG00000032228	ENSMUSP00000066198	Tcf12
ENSMUST00000118022	ENSMUSG00000021944	ENSMUSP00000113891	Gata4
ENSMUST00000021513	ENSMUSG00000021095	ENSMUSP00000021513	Gsc
ENSMUST00000057070	ENSMUSG00000078995	ENSMUSP00000059686	Zfp456
ENSMUST00000037962	ENSMUSG00000037638	ENSMUSP00000044837	Zbtb42
ENSMUST00000113470	ENSMUSG00000079466	ENSMUSP00000109098	Prdm12
ENSMUST00000029369	ENSMUSG00000027794	ENSMUSP00000029369	Sohlh2
ENSMUST00000029371	ENSMUSG00000027796	ENSMUSP00000029371	Smad9
ENSMUST00000127027	ENSMUSG00000067034	ENSMUSP00000123102	Zfp960
ENSMUST00000117638	ENSMUSG00000062518	ENSMUSP00000113561	Zfp534
ENSMUST00000146202	ENSMUSG00000062519		Zfp398
ENSMUST00000049241	ENSMUSG00000038692	ENSMUSP00000048002	Hoxb4
ENSMUST00000109920	ENSMUSG00000079008	ENSMUSP00000105546	Gm14124
ENSMUST00000109926	ENSMUSG00000079009	ENSMUSP00000105552	Gm14139
ENSMUST00000086801	ENSMUSG00000024206	ENSMUSP00000084010	Rfx2
ENSMUST00000108438	ENSMUSG00000055305	ENSMUSP00000104077	Zfp93
ENSMUST00000034184	ENSMUSG00000031737	ENSMUSP00000034184	Irx5
ENSMUST00000131379	ENSMUSG00000054272	ENSMUSP00000118506	Zscan4c
ENSMUST00000039545	ENSMUSG00000041649	ENSMUSP00000044317	Klf8
ENSMUST00000000080	ENSMUSG00000000078	ENSMUSP00000000080	Klf6
ENSMUST00000095242	ENSMUSG00000071064	ENSMUSP00000092870	Zfp827
ENSMUST00000105297	ENSMUSG00000047638	ENSMUSP00000100934	Nr1h4
ENSMUST00000152616	ENSMUSG00000049470	ENSMUSP00000118866	Aff4
ENSMUST00000089906	ENSMUSG00000072774	ENSMUSP00000087350	Zfp951
ENSMUST00000072940	ENSMUSG00000061969	ENSMUSP00000072710	Gm5581
ENSMUST00000058104	ENSMUSG00000030469	ENSMUSP00000050968	Zfp719
ENSMUST00000108045	ENSMUSG00000000094	ENSMUSP00000103680	Tbx4
ENSMUST00000100495	ENSMUSG00000033669	ENSMUSP00000098064	Zfp7
ENSMUST00000110959	ENSMUSG00000037017	ENSMUSP00000106584	Zscan21
ENSMUST00000074058	ENSMUSG00000024513	ENSMUSP00000073701	Mbd2
ENSMUST00000159348	ENSMUSG00000053080	ENSMUSP00000123773	2700081O15Rik
ENSMUST00000151606	ENSMUSG00000027868		Tbx15
ENSMUST00000039118	ENSMUSG00000041703	ENSMUSP00000035754	Zic5
ENSMUST00000025396	ENSMUSG00000024518	ENSMUSP00000025396	Rax
ENSMUST00000171071	ENSMUSG00000041258	ENSMUSP00000130004	Zfp236
ENSMUST00000105733	ENSMUSG00000070605	ENSMUSP00000101359	Gm13251
ENSMUST00000134283	ENSMUSG00000026222		Sp100
ENSMUST00000082120	ENSMUSG00000051176	ENSMUSP00000080765	Zfp42
ENSMUST00000061571	ENSMUSG00000048015	ENSMUSP00000051379	Neurod4
ENSMUST00000140599	ENSMUSG00000048012	ENSMUSP00000127738	Zfp473
ENSMUST00000021665	ENSMUSG00000021239	ENSMUSP00000021665	Vsx2
ENSMUST00000096240	ENSMUSG00000071646	ENSMUSP00000093959	Mta2
ENSMUST00000090837	ENSMUSG00000005774	ENSMUSP00000088347	Rfx5
ENSMUST00000105319	ENSMUSG00000055053	ENSMUSP00000100956	Nfic
ENSMUST00000051857	ENSMUSG00000045440	ENSMUSP00000061046	Insm2
ENSMUST00000024179	ENSMUSG00000023411	ENSMUSP00000024179	Nfatc4
ENSMUST00000106180	ENSMUSG00000051510	ENSMUSP00000101786	Mafg
ENSMUST00000165312	ENSMUSG00000026135	ENSMUSP00000130244	Zfp142
ENSMUST00000105238	ENSMUSG00000040033	ENSMUSP00000100872	Stat2
ENSMUST00000080683	ENSMUSG00000038679	ENSMUSP00000079510	Trps1
ENSMUST00000043089	ENSMUSG00000034161	ENSMUSP00000043668	Scx
ENSMUST00000086795	ENSMUSG00000034384	ENSMUSP00000084005	Barhl2
ENSMUST00000098973	ENSMUSG00000074502	ENSMUSP00000096572	Ubtfl1
ENSMUST00000070642	ENSMUSG00000056501	ENSMUSP00000069850	Cebpb
ENSMUST00000097841	ENSMUSG00000051351	ENSMUSP00000095452	Zfp46
ENSMUST00000133533	ENSMUSG00000029026	ENSMUSP00000114418	Trp73
ENSMUST00000018287	ENSMUSG00000018143	ENSMUSP00000018287	Mafk
ENSMUST00000036328	ENSMUSG00000040721	ENSMUSP00000045156	Zfhx2
ENSMUST00000035433	ENSMUSG00000040726	ENSMUSP00000041999	Hesx1
ENSMUST00000115222	ENSMUSG00000047412	ENSMUSP00000110877	Zbtb44
ENSMUST00000061187	ENSMUSG00000047143	ENSMUSP00000060441	Dmrta2
ENSMUST00000052588	ENSMUSG00000047141	ENSMUSP00000052946	Zfp654
ENSMUST00000030902	ENSMUSG00000039410	ENSMUSP00000030902	Prdm16
ENSMUST00000147595	ENSMUSG00000038203	ENSMUSP00000125221	Hoxa13
ENSMUST00000095097	ENSMUSG00000070990	ENSMUSP00000092715	Foxe1
ENSMUST00000044156	ENSMUSG00000042406	ENSMUSP00000043892	Atf4
ENSMUST00000151835	ENSMUSG00000005917	ENSMUSP00000134063	Otx1
ENSMUST00000100523	ENSMUSG00000075588	ENSMUSP00000098092	Hoxb2
ENSMUST00000154557	ENSMUSG00000069378	ENSMUSP00000114644	Prdm6
ENSMUST00000081471	ENSMUSG00000063905	ENSMUSP00000080191	Gm10139
ENSMUST00000106023	ENSMUSG00000025498	ENSMUSP00000101644	Irf7
ENSMUST00000054415	ENSMUSG00000049728	ENSMUSP00000056105	Zfp668
ENSMUST00000073124	ENSMUSG00000057691	ENSMUSP00000072868	Zfp746
ENSMUST00000175866	ENSMUSG00000025255	ENSMUSP00000135827	Zfhx4
ENSMUST00000046005	ENSMUSG00000034762	ENSMUSP00000035650	Glis1
ENSMUST00000135284	ENSMUSG00000069171		Nr2f1
ENSMUST00000168390	ENSMUSG00000029771	ENSMUSP00000131655	Irf5
ENSMUST00000068975	ENSMUSG00000057101	ENSMUSP00000064611	Zfp180
ENSMUST00000148133	ENSMUSG00000009406		Elk1
ENSMUST00000108212	ENSMUSG00000059975	ENSMUSP00000103847	Zfp74
ENSMUST00000112581	ENSMUSG00000012396	ENSMUSP00000108200	Nanog
ENSMUST00000056882	ENSMUSG00000046160	ENSMUSP00000061408	Olig1
ENSMUST00000055604	ENSMUSG00000046541	ENSMUSP00000053567	Zfp526
ENSMUST00000054562	ENSMUSG00000048528	ENSMUSP00000052778	Nkx1-2
ENSMUST00000071942	ENSMUSG00000068823	ENSMUSP00000071834	Csde1
ENSMUST00000102948	ENSMUSG00000016477	ENSMUSP00000100012	E2f3
ENSMUST00000105339	ENSMUSG00000020167	ENSMUSP00000100976	Tcf3
ENSMUST00000137300	ENSMUSG00000020160		Meis1
ENSMUST00000121862	ENSMUSG00000009248	ENSMUSP00000113012	Ascl2
ENSMUST00000136717	ENSMUSG00000028423		Nfx1
ENSMUST00000064814	ENSMUSG00000028358	ENSMUSP00000069275	Zfp618
ENSMUST00000008830	ENSMUSG00000008686	ENSMUSP00000008830	Zfp955a
ENSMUST00000086932	ENSMUSG00000023990	ENSMUSP00000084151	Tfeb
ENSMUST00000091522	ENSMUSG00000069204	ENSMUSP00000089107	Zfp748
ENSMUST00000057241	ENSMUSG00000069206	ENSMUSP00000077307	Zfp874a
ENSMUST00000074369	ENSMUSG00000069208	ENSMUSP00000073973	Zfp825
ENSMUST00000061098	ENSMUSG00000045493	ENSMUSP00000052737	Bhlhe23
ENSMUST00000123460	ENSMUSG00000078500	ENSMUSP00000116281	Gm13235
ENSMUST00000105739	ENSMUSG00000078502	ENSMUSP00000101365	Gm13212
ENSMUST00000105742	ENSMUSG00000078503	ENSMUSP00000101368	Gm13225
ENSMUST00000039577	ENSMUSG00000023892	ENSMUSP00000045684	Zfp51
ENSMUST00000034879	ENSMUSG00000032329	ENSMUSP00000034879	Hmg20a
ENSMUST00000144040	ENSMUSG00000079277		Hoxd3
ENSMUST00000176393	ENSMUSG00000008206		Lass4
ENSMUST00000088787	ENSMUSG00000067931	ENSMUSP00000086166	Zfp948
ENSMUST00000102749	ENSMUSG00000015522	ENSMUSP00000099810	Arnt
ENSMUST00000141447	ENSMUSG00000018501	ENSMUSP00000123822	Ncor1
ENSMUST00000109916	ENSMUSG00000068130	ENSMUSP00000105542	Zfp442
ENSMUST00000159179	ENSMUSG00000044542		Prop1
ENSMUST00000094538	ENSMUSG00000068134	ENSMUSP00000092116	Zfp120
ENSMUST00000116615	ENSMUSG00000032033	ENSMUSP00000112314	Barx2
ENSMUST00000034534	ENSMUSG00000032035	ENSMUSP00000034534	Ets1
ENSMUST00000080987	ENSMUSG00000054648	ENSMUSP00000079780	Zfp869
ENSMUST00000098550	ENSMUSG00000074194	ENSMUSP00000096150	Zfp791
ENSMUST00000001484	ENSMUSG00000001444	ENSMUSP00000001484	Tbx21
ENSMUST00000172881	ENSMUSG00000054310	ENSMUSP00000134688	Obox1
ENSMUST00000071885	ENSMUSG00000064137	ENSMUSP00000071782	Rhox8
ENSMUST00000096365	ENSMUSG00000048385	ENSMUSP00000094093	Scrt1
ENSMUST00000126358	ENSMUSG00000078875	ENSMUSP00000118666	Gm14419
ENSMUST00000057021	ENSMUSG00000048387	ENSMUSP00000055486	Osr1
ENSMUST00000132883	ENSMUSG00000078877	ENSMUSP00000119262	Gm14295
ENSMUST00000133301	ENSMUSG00000078870	ENSMUSP00000114668	Gm14410
ENSMUST00000108970	ENSMUSG00000078872	ENSMUSP00000104598	Gm14401
ENSMUST00000019708	ENSMUSG00000019564	ENSMUSP00000019708	Arid3a
ENSMUST00000108981	ENSMUSG00000078878	ENSMUSP00000104609	Gm14305
ENSMUST00000121956	ENSMUSG00000078879	ENSMUSP00000113873	Gm14306
ENSMUST00000086313	ENSMUSG00000002265	ENSMUSP00000083493	Peg3
ENSMUST00000002336	ENSMUSG00000002266	ENSMUSP00000002336	Zim1
ENSMUST00000164648	ENSMUSG00000030199	ENSMUSP00000130761	Etv6
ENSMUST00000108439	ENSMUSG00000074283	ENSMUSP00000104078	Zfp109
ENSMUST00000108436	ENSMUSG00000074282	ENSMUSP00000104075	Zfp94
ENSMUST00000021941	ENSMUSG00000021485	ENSMUSP00000021941	Mxd3
ENSMUST00000132438	ENSMUSG00000058794	ENSMUSP00000116079	Nfe2
ENSMUST00000165353	ENSMUSG00000071076	ENSMUSP00000130376	Jund
ENSMUST00000168263	ENSMUSG00000018983	ENSMUSP00000130025	E2f2
ENSMUST00000085077	ENSMUSG00000015709	ENSMUSP00000082154	Arnt2
ENSMUST00000106323	ENSMUSG00000030678	ENSMUSP00000101930	Maz
ENSMUST00000142247	ENSMUSG00000024695	ENSMUSP00000124424	Zfp91
ENSMUST00000173210	ENSMUSG00000001661	ENSMUSP00000134143	Hoxc6
ENSMUST00000079404	ENSMUSG00000059000	ENSMUSP00000078373	Zfp799
ENSMUST00000114870	ENSMUSG00000024215	ENSMUSP00000110520	Spdef
ENSMUST00000155964	ENSMUSG00000000247	ENSMUSP00000121462	Lhx2
ENSMUST00000085671	ENSMUSG00000055991	ENSMUSP00000082814	Zkscan5
ENSMUST00000001092	ENSMUSG00000001065	ENSMUSP00000001092	Zfp276
ENSMUST00000093944	ENSMUSG00000048763	ENSMUSP00000091476	Hoxb3
ENSMUST00000097079	ENSMUSG00000072294	ENSMUSP00000094844	Klf12
ENSMUST00000061720	ENSMUSG00000007216	ENSMUSP00000056290	Zfp775
ENSMUST00000080905	ENSMUSG00000055202	ENSMUSP00000079709	Zfp811
ENSMUST00000111791	ENSMUSG00000037572	ENSMUSP00000107421	Wdhd1
ENSMUST00000159232	ENSMUSG00000055197	ENSMUSP00000125067	Fev
ENSMUST00000005279	ENSMUSG00000005148	ENSMUSP00000005279	Klf5
ENSMUST00000112046	ENSMUSG00000041483	ENSMUSP00000107677	Zfp281
ENSMUST00000082150	ENSMUSG00000062477		Hmgb1l
ENSMUST00000086349	ENSMUSG00000051184	ENSMUSP00000083533	Zfp524
ENSMUST00000032386	ENSMUSG00000030256	ENSMUSP00000032386	Bhlhe41
ENSMUST00000098639	ENSMUSG00000070709	ENSMUSP00000096238	1700049G17Rik
ENSMUST00000042412	ENSMUSG00000040289	ENSMUSP00000038014	Hey1
ENSMUST00000164472	ENSMUSG00000059689	ENSMUSP00000130144	Zfp637
ENSMUST00000001184	ENSMUSG00000001156	ENSMUSP00000001184	Mxd1
ENSMUST00000133830	ENSMUSG00000030322		Mbd4
ENSMUST00000153321	ENSMUSG00000040891		Foxa3
ENSMUST00000125581	ENSMUSG00000000938	ENSMUSP00000120276	Hoxa10
ENSMUST00000084141	ENSMUSG00000069743	ENSMUSP00000081158	Zfp820
ENSMUST00000108925	ENSMUSG00000074519	ENSMUSP00000104553	Etohi1
ENSMUST00000130535	ENSMUSG00000021318		Gli3
ENSMUST00000004340	ENSMUSG00000004231	ENSMUSP00000004340	Pax2
ENSMUST00000079242	ENSMUSG00000051341	ENSMUSP00000078233	Zfp52
ENSMUST00000030771	ENSMUSG00000029014	ENSMUSP00000030771	Dnajc2
ENSMUST00000099442	ENSMUSG00000074862	ENSMUSP00000097041	BC025920
ENSMUST00000156484	ENSMUSG00000047407	ENSMUSP00000124970	Tgif1
ENSMUST00000109050	ENSMUSG00000078899	ENSMUSP00000104678	Gm4631
ENSMUST00000128999	ENSMUSG00000074607	ENSMUSP00000122344	Tox2
ENSMUST00000041099	ENSMUSG00000034701	ENSMUSP00000040364	Neurod1
ENSMUST00000086006	ENSMUSG00000087598	ENSMUSP00000083169	Zfp111
ENSMUST00000155203	ENSMUSG00000069114	ENSMUSP00000119386	Zbtb10
ENSMUST00000131784	ENSMUSG00000043090	ENSMUSP00000116972	Zfp866
ENSMUST00000050383	ENSMUSG00000049739	ENSMUSP00000052641	Zfp646
ENSMUST00000131720	ENSMUSG00000043099		Hic1
ENSMUST00000104940	ENSMUSG00000044243	ENSMUSP00000100545	Bhlha9
ENSMUST00000037807	ENSMUSG00000034777	ENSMUSP00000035976	Vax2
ENSMUST00000093768	ENSMUSG00000072915	ENSMUSP00000091282	Gm12258
ENSMUST00000126760	ENSMUSG00000057173		Rfx8
ENSMUST00000077257	ENSMUSG00000015846	ENSMUSP00000076491	Rxra
ENSMUST00000111384	ENSMUSG00000015843	ENSMUSP00000107015	Rxrg
ENSMUST00000035372	ENSMUSG00000035951	ENSMUSP00000037702	Ascl3
ENSMUST00000023100	ENSMUSG00000022463	ENSMUSP00000023100	Srebf2
ENSMUST00000106276	ENSMUSG00000028163	ENSMUSP00000101883	Nfkb1
ENSMUST00000043896	ENSMUSG00000038872	ENSMUSP00000044612	Zfhx3
